Dia de Sorte — 7 dezenas (universo 01-31)
Pool de dígitos: 0 1 2 3 4 6
Regra: cada aposta usa EXATAMENTE esses 6 dígitos únicos (todos aparecem; nenhum outro).
Dezenas elegíveis (19): 01 02 03 04 06 10 11 12 13 14 16 20 21 22 23 24 26 30 31
Total de apostas: 25832

00001  01 02 03 04 06 10 11
00002  01 02 03 04 06 10 12
00003  01 02 03 04 06 10 13
00004  01 02 03 04 06 10 14
00005  01 02 03 04 06 10 16
00006  01 02 03 04 06 10 20
00007  01 02 03 04 06 10 21
00008  01 02 03 04 06 10 22
00009  01 02 03 04 06 10 23
00010  01 02 03 04 06 10 24
00011  01 02 03 04 06 10 26
00012  01 02 03 04 06 10 30
00013  01 02 03 04 06 10 31
00014  01 02 03 04 06 11 12
00015  01 02 03 04 06 11 13
00016  01 02 03 04 06 11 14
00017  01 02 03 04 06 11 16
00018  01 02 03 04 06 11 20
00019  01 02 03 04 06 11 21
00020  01 02 03 04 06 11 22
00021  01 02 03 04 06 11 23
00022  01 02 03 04 06 11 24
00023  01 02 03 04 06 11 26
00024  01 02 03 04 06 11 30
00025  01 02 03 04 06 11 31
00026  01 02 03 04 06 12 13
00027  01 02 03 04 06 12 14
00028  01 02 03 04 06 12 16
00029  01 02 03 04 06 12 20
00030  01 02 03 04 06 12 21
00031  01 02 03 04 06 12 22
00032  01 02 03 04 06 12 23
00033  01 02 03 04 06 12 24
00034  01 02 03 04 06 12 26
00035  01 02 03 04 06 12 30
00036  01 02 03 04 06 12 31
00037  01 02 03 04 06 13 14
00038  01 02 03 04 06 13 16
00039  01 02 03 04 06 13 20
00040  01 02 03 04 06 13 21
00041  01 02 03 04 06 13 22
00042  01 02 03 04 06 13 23
00043  01 02 03 04 06 13 24
00044  01 02 03 04 06 13 26
00045  01 02 03 04 06 13 30
00046  01 02 03 04 06 13 31
00047  01 02 03 04 06 14 16
00048  01 02 03 04 06 14 20
00049  01 02 03 04 06 14 21
00050  01 02 03 04 06 14 22
00051  01 02 03 04 06 14 23
00052  01 02 03 04 06 14 24
00053  01 02 03 04 06 14 26
00054  01 02 03 04 06 14 30
00055  01 02 03 04 06 14 31
00056  01 02 03 04 06 16 20
00057  01 02 03 04 06 16 21
00058  01 02 03 04 06 16 22
00059  01 02 03 04 06 16 23
00060  01 02 03 04 06 16 24
00061  01 02 03 04 06 16 26
00062  01 02 03 04 06 16 30
00063  01 02 03 04 06 16 31
00064  01 02 03 04 06 20 21
00065  01 02 03 04 06 20 22
00066  01 02 03 04 06 20 23
00067  01 02 03 04 06 20 24
00068  01 02 03 04 06 20 26
00069  01 02 03 04 06 20 30
00070  01 02 03 04 06 20 31
00071  01 02 03 04 06 21 22
00072  01 02 03 04 06 21 23
00073  01 02 03 04 06 21 24
00074  01 02 03 04 06 21 26
00075  01 02 03 04 06 21 30
00076  01 02 03 04 06 21 31
00077  01 02 03 04 06 22 23
00078  01 02 03 04 06 22 24
00079  01 02 03 04 06 22 26
00080  01 02 03 04 06 22 30
00081  01 02 03 04 06 22 31
00082  01 02 03 04 06 23 24
00083  01 02 03 04 06 23 26
00084  01 02 03 04 06 23 30
00085  01 02 03 04 06 23 31
00086  01 02 03 04 06 24 26
00087  01 02 03 04 06 24 30
00088  01 02 03 04 06 24 31
00089  01 02 03 04 06 26 30
00090  01 02 03 04 06 26 31
00091  01 02 03 04 06 30 31
00092  01 02 03 04 10 11 16
00093  01 02 03 04 10 11 26
00094  01 02 03 04 10 12 16
00095  01 02 03 04 10 12 26
00096  01 02 03 04 10 13 16
00097  01 02 03 04 10 13 26
00098  01 02 03 04 10 14 16
00099  01 02 03 04 10 14 26
00100  01 02 03 04 10 16 20
00101  01 02 03 04 10 16 21
00102  01 02 03 04 10 16 22
00103  01 02 03 04 10 16 23
00104  01 02 03 04 10 16 24
00105  01 02 03 04 10 16 26
00106  01 02 03 04 10 16 30
00107  01 02 03 04 10 16 31
00108  01 02 03 04 10 20 26
00109  01 02 03 04 10 21 26
00110  01 02 03 04 10 22 26
00111  01 02 03 04 10 23 26
00112  01 02 03 04 10 24 26
00113  01 02 03 04 10 26 30
00114  01 02 03 04 10 26 31
00115  01 02 03 04 11 12 16
00116  01 02 03 04 11 12 26
00117  01 02 03 04 11 13 16
00118  01 02 03 04 11 13 26
00119  01 02 03 04 11 14 16
00120  01 02 03 04 11 14 26
00121  01 02 03 04 11 16 20
00122  01 02 03 04 11 16 21
00123  01 02 03 04 11 16 22
00124  01 02 03 04 11 16 23
00125  01 02 03 04 11 16 24
00126  01 02 03 04 11 16 26
00127  01 02 03 04 11 16 30
00128  01 02 03 04 11 16 31
00129  01 02 03 04 11 20 26
00130  01 02 03 04 11 21 26
00131  01 02 03 04 11 22 26
00132  01 02 03 04 11 23 26
00133  01 02 03 04 11 24 26
00134  01 02 03 04 11 26 30
00135  01 02 03 04 11 26 31
00136  01 02 03 04 12 13 16
00137  01 02 03 04 12 13 26
00138  01 02 03 04 12 14 16
00139  01 02 03 04 12 14 26
00140  01 02 03 04 12 16 20
00141  01 02 03 04 12 16 21
00142  01 02 03 04 12 16 22
00143  01 02 03 04 12 16 23
00144  01 02 03 04 12 16 24
00145  01 02 03 04 12 16 26
00146  01 02 03 04 12 16 30
00147  01 02 03 04 12 16 31
00148  01 02 03 04 12 20 26
00149  01 02 03 04 12 21 26
00150  01 02 03 04 12 22 26
00151  01 02 03 04 12 23 26
00152  01 02 03 04 12 24 26
00153  01 02 03 04 12 26 30
00154  01 02 03 04 12 26 31
00155  01 02 03 04 13 14 16
00156  01 02 03 04 13 14 26
00157  01 02 03 04 13 16 20
00158  01 02 03 04 13 16 21
00159  01 02 03 04 13 16 22
00160  01 02 03 04 13 16 23
00161  01 02 03 04 13 16 24
00162  01 02 03 04 13 16 26
00163  01 02 03 04 13 16 30
00164  01 02 03 04 13 16 31
00165  01 02 03 04 13 20 26
00166  01 02 03 04 13 21 26
00167  01 02 03 04 13 22 26
00168  01 02 03 04 13 23 26
00169  01 02 03 04 13 24 26
00170  01 02 03 04 13 26 30
00171  01 02 03 04 13 26 31
00172  01 02 03 04 14 16 20
00173  01 02 03 04 14 16 21
00174  01 02 03 04 14 16 22
00175  01 02 03 04 14 16 23
00176  01 02 03 04 14 16 24
00177  01 02 03 04 14 16 26
00178  01 02 03 04 14 16 30
00179  01 02 03 04 14 16 31
00180  01 02 03 04 14 20 26
00181  01 02 03 04 14 21 26
00182  01 02 03 04 14 22 26
00183  01 02 03 04 14 23 26
00184  01 02 03 04 14 24 26
00185  01 02 03 04 14 26 30
00186  01 02 03 04 14 26 31
00187  01 02 03 04 16 20 21
00188  01 02 03 04 16 20 22
00189  01 02 03 04 16 20 23
00190  01 02 03 04 16 20 24
00191  01 02 03 04 16 20 26
00192  01 02 03 04 16 20 30
00193  01 02 03 04 16 20 31
00194  01 02 03 04 16 21 22
00195  01 02 03 04 16 21 23
00196  01 02 03 04 16 21 24
00197  01 02 03 04 16 21 26
00198  01 02 03 04 16 21 30
00199  01 02 03 04 16 21 31
00200  01 02 03 04 16 22 23
00201  01 02 03 04 16 22 24
00202  01 02 03 04 16 22 26
00203  01 02 03 04 16 22 30
00204  01 02 03 04 16 22 31
00205  01 02 03 04 16 23 24
00206  01 02 03 04 16 23 26
00207  01 02 03 04 16 23 30
00208  01 02 03 04 16 23 31
00209  01 02 03 04 16 24 26
00210  01 02 03 04 16 24 30
00211  01 02 03 04 16 24 31
00212  01 02 03 04 16 26 30
00213  01 02 03 04 16 26 31
00214  01 02 03 04 16 30 31
00215  01 02 03 04 20 21 26
00216  01 02 03 04 20 22 26
00217  01 02 03 04 20 23 26
00218  01 02 03 04 20 24 26
00219  01 02 03 04 20 26 30
00220  01 02 03 04 20 26 31
00221  01 02 03 04 21 22 26
00222  01 02 03 04 21 23 26
00223  01 02 03 04 21 24 26
00224  01 02 03 04 21 26 30
00225  01 02 03 04 21 26 31
00226  01 02 03 04 22 23 26
00227  01 02 03 04 22 24 26
00228  01 02 03 04 22 26 30
00229  01 02 03 04 22 26 31
00230  01 02 03 04 23 24 26
00231  01 02 03 04 23 26 30
00232  01 02 03 04 23 26 31
00233  01 02 03 04 24 26 30
00234  01 02 03 04 24 26 31
00235  01 02 03 04 26 30 31
00236  01 02 03 06 10 11 14
00237  01 02 03 06 10 11 24
00238  01 02 03 06 10 12 14
00239  01 02 03 06 10 12 24
00240  01 02 03 06 10 13 14
00241  01 02 03 06 10 13 24
00242  01 02 03 06 10 14 16
00243  01 02 03 06 10 14 20
00244  01 02 03 06 10 14 21
00245  01 02 03 06 10 14 22
00246  01 02 03 06 10 14 23
00247  01 02 03 06 10 14 24
00248  01 02 03 06 10 14 26
00249  01 02 03 06 10 14 30
00250  01 02 03 06 10 14 31
00251  01 02 03 06 10 16 24
00252  01 02 03 06 10 20 24
00253  01 02 03 06 10 21 24
00254  01 02 03 06 10 22 24
00255  01 02 03 06 10 23 24
00256  01 02 03 06 10 24 26
00257  01 02 03 06 10 24 30
00258  01 02 03 06 10 24 31
00259  01 02 03 06 11 12 14
00260  01 02 03 06 11 12 24
00261  01 02 03 06 11 13 14
00262  01 02 03 06 11 13 24
00263  01 02 03 06 11 14 16
00264  01 02 03 06 11 14 20
00265  01 02 03 06 11 14 21
00266  01 02 03 06 11 14 22
00267  01 02 03 06 11 14 23
00268  01 02 03 06 11 14 24
00269  01 02 03 06 11 14 26
00270  01 02 03 06 11 14 30
00271  01 02 03 06 11 14 31
00272  01 02 03 06 11 16 24
00273  01 02 03 06 11 20 24
00274  01 02 03 06 11 21 24
00275  01 02 03 06 11 22 24
00276  01 02 03 06 11 23 24
00277  01 02 03 06 11 24 26
00278  01 02 03 06 11 24 30
00279  01 02 03 06 11 24 31
00280  01 02 03 06 12 13 14
00281  01 02 03 06 12 13 24
00282  01 02 03 06 12 14 16
00283  01 02 03 06 12 14 20
00284  01 02 03 06 12 14 21
00285  01 02 03 06 12 14 22
00286  01 02 03 06 12 14 23
00287  01 02 03 06 12 14 24
00288  01 02 03 06 12 14 26
00289  01 02 03 06 12 14 30
00290  01 02 03 06 12 14 31
00291  01 02 03 06 12 16 24
00292  01 02 03 06 12 20 24
00293  01 02 03 06 12 21 24
00294  01 02 03 06 12 22 24
00295  01 02 03 06 12 23 24
00296  01 02 03 06 12 24 26
00297  01 02 03 06 12 24 30
00298  01 02 03 06 12 24 31
00299  01 02 03 06 13 14 16
00300  01 02 03 06 13 14 20
00301  01 02 03 06 13 14 21
00302  01 02 03 06 13 14 22
00303  01 02 03 06 13 14 23
00304  01 02 03 06 13 14 24
00305  01 02 03 06 13 14 26
00306  01 02 03 06 13 14 30
00307  01 02 03 06 13 14 31
00308  01 02 03 06 13 16 24
00309  01 02 03 06 13 20 24
00310  01 02 03 06 13 21 24
00311  01 02 03 06 13 22 24
00312  01 02 03 06 13 23 24
00313  01 02 03 06 13 24 26
00314  01 02 03 06 13 24 30
00315  01 02 03 06 13 24 31
00316  01 02 03 06 14 16 20
00317  01 02 03 06 14 16 21
00318  01 02 03 06 14 16 22
00319  01 02 03 06 14 16 23
00320  01 02 03 06 14 16 24
00321  01 02 03 06 14 16 26
00322  01 02 03 06 14 16 30
00323  01 02 03 06 14 16 31
00324  01 02 03 06 14 20 21
00325  01 02 03 06 14 20 22
00326  01 02 03 06 14 20 23
00327  01 02 03 06 14 20 24
00328  01 02 03 06 14 20 26
00329  01 02 03 06 14 20 30
00330  01 02 03 06 14 20 31
00331  01 02 03 06 14 21 22
00332  01 02 03 06 14 21 23
00333  01 02 03 06 14 21 24
00334  01 02 03 06 14 21 26
00335  01 02 03 06 14 21 30
00336  01 02 03 06 14 21 31
00337  01 02 03 06 14 22 23
00338  01 02 03 06 14 22 24
00339  01 02 03 06 14 22 26
00340  01 02 03 06 14 22 30
00341  01 02 03 06 14 22 31
00342  01 02 03 06 14 23 24
00343  01 02 03 06 14 23 26
00344  01 02 03 06 14 23 30
00345  01 02 03 06 14 23 31
00346  01 02 03 06 14 24 26
00347  01 02 03 06 14 24 30
00348  01 02 03 06 14 24 31
00349  01 02 03 06 14 26 30
00350  01 02 03 06 14 26 31
00351  01 02 03 06 14 30 31
00352  01 02 03 06 16 20 24
00353  01 02 03 06 16 21 24
00354  01 02 03 06 16 22 24
00355  01 02 03 06 16 23 24
00356  01 02 03 06 16 24 26
00357  01 02 03 06 16 24 30
00358  01 02 03 06 16 24 31
00359  01 02 03 06 20 21 24
00360  01 02 03 06 20 22 24
00361  01 02 03 06 20 23 24
00362  01 02 03 06 20 24 26
00363  01 02 03 06 20 24 30
00364  01 02 03 06 20 24 31
00365  01 02 03 06 21 22 24
00366  01 02 03 06 21 23 24
00367  01 02 03 06 21 24 26
00368  01 02 03 06 21 24 30
00369  01 02 03 06 21 24 31
00370  01 02 03 06 22 23 24
00371  01 02 03 06 22 24 26
00372  01 02 03 06 22 24 30
00373  01 02 03 06 22 24 31
00374  01 02 03 06 23 24 26
00375  01 02 03 06 23 24 30
00376  01 02 03 06 23 24 31
00377  01 02 03 06 24 26 30
00378  01 02 03 06 24 26 31
00379  01 02 03 06 24 30 31
00380  01 02 03 10 11 14 16
00381  01 02 03 10 11 14 26
00382  01 02 03 10 11 16 24
00383  01 02 03 10 11 24 26
00384  01 02 03 10 12 14 16
00385  01 02 03 10 12 14 26
00386  01 02 03 10 12 16 24
00387  01 02 03 10 12 24 26
00388  01 02 03 10 13 14 16
00389  01 02 03 10 13 14 26
00390  01 02 03 10 13 16 24
00391  01 02 03 10 13 24 26
00392  01 02 03 10 14 16 20
00393  01 02 03 10 14 16 21
00394  01 02 03 10 14 16 22
00395  01 02 03 10 14 16 23
00396  01 02 03 10 14 16 24
00397  01 02 03 10 14 16 26
00398  01 02 03 10 14 16 30
00399  01 02 03 10 14 16 31
00400  01 02 03 10 14 20 26
00401  01 02 03 10 14 21 26
00402  01 02 03 10 14 22 26
00403  01 02 03 10 14 23 26
00404  01 02 03 10 14 24 26
00405  01 02 03 10 14 26 30
00406  01 02 03 10 14 26 31
00407  01 02 03 10 16 20 24
00408  01 02 03 10 16 21 24
00409  01 02 03 10 16 22 24
00410  01 02 03 10 16 23 24
00411  01 02 03 10 16 24 26
00412  01 02 03 10 16 24 30
00413  01 02 03 10 16 24 31
00414  01 02 03 10 20 24 26
00415  01 02 03 10 21 24 26
00416  01 02 03 10 22 24 26
00417  01 02 03 10 23 24 26
00418  01 02 03 10 24 26 30
00419  01 02 03 10 24 26 31
00420  01 02 03 11 12 14 16
00421  01 02 03 11 12 14 26
00422  01 02 03 11 12 16 24
00423  01 02 03 11 12 24 26
00424  01 02 03 11 13 14 16
00425  01 02 03 11 13 14 26
00426  01 02 03 11 13 16 24
00427  01 02 03 11 13 24 26
00428  01 02 03 11 14 16 20
00429  01 02 03 11 14 16 21
00430  01 02 03 11 14 16 22
00431  01 02 03 11 14 16 23
00432  01 02 03 11 14 16 24
00433  01 02 03 11 14 16 26
00434  01 02 03 11 14 16 30
00435  01 02 03 11 14 16 31
00436  01 02 03 11 14 20 26
00437  01 02 03 11 14 21 26
00438  01 02 03 11 14 22 26
00439  01 02 03 11 14 23 26
00440  01 02 03 11 14 24 26
00441  01 02 03 11 14 26 30
00442  01 02 03 11 14 26 31
00443  01 02 03 11 16 20 24
00444  01 02 03 11 16 21 24
00445  01 02 03 11 16 22 24
00446  01 02 03 11 16 23 24
00447  01 02 03 11 16 24 26
00448  01 02 03 11 16 24 30
00449  01 02 03 11 16 24 31
00450  01 02 03 11 20 24 26
00451  01 02 03 11 21 24 26
00452  01 02 03 11 22 24 26
00453  01 02 03 11 23 24 26
00454  01 02 03 11 24 26 30
00455  01 02 03 11 24 26 31
00456  01 02 03 12 13 14 16
00457  01 02 03 12 13 14 26
00458  01 02 03 12 13 16 24
00459  01 02 03 12 13 24 26
00460  01 02 03 12 14 16 20
00461  01 02 03 12 14 16 21
00462  01 02 03 12 14 16 22
00463  01 02 03 12 14 16 23
00464  01 02 03 12 14 16 24
00465  01 02 03 12 14 16 26
00466  01 02 03 12 14 16 30
00467  01 02 03 12 14 16 31
00468  01 02 03 12 14 20 26
00469  01 02 03 12 14 21 26
00470  01 02 03 12 14 22 26
00471  01 02 03 12 14 23 26
00472  01 02 03 12 14 24 26
00473  01 02 03 12 14 26 30
00474  01 02 03 12 14 26 31
00475  01 02 03 12 16 20 24
00476  01 02 03 12 16 21 24
00477  01 02 03 12 16 22 24
00478  01 02 03 12 16 23 24
00479  01 02 03 12 16 24 26
00480  01 02 03 12 16 24 30
00481  01 02 03 12 16 24 31
00482  01 02 03 12 20 24 26
00483  01 02 03 12 21 24 26
00484  01 02 03 12 22 24 26
00485  01 02 03 12 23 24 26
00486  01 02 03 12 24 26 30
00487  01 02 03 12 24 26 31
00488  01 02 03 13 14 16 20
00489  01 02 03 13 14 16 21
00490  01 02 03 13 14 16 22
00491  01 02 03 13 14 16 23
00492  01 02 03 13 14 16 24
00493  01 02 03 13 14 16 26
00494  01 02 03 13 14 16 30
00495  01 02 03 13 14 16 31
00496  01 02 03 13 14 20 26
00497  01 02 03 13 14 21 26
00498  01 02 03 13 14 22 26
00499  01 02 03 13 14 23 26
00500  01 02 03 13 14 24 26
00501  01 02 03 13 14 26 30
00502  01 02 03 13 14 26 31
00503  01 02 03 13 16 20 24
00504  01 02 03 13 16 21 24
00505  01 02 03 13 16 22 24
00506  01 02 03 13 16 23 24
00507  01 02 03 13 16 24 26
00508  01 02 03 13 16 24 30
00509  01 02 03 13 16 24 31
00510  01 02 03 13 20 24 26
00511  01 02 03 13 21 24 26
00512  01 02 03 13 22 24 26
00513  01 02 03 13 23 24 26
00514  01 02 03 13 24 26 30
00515  01 02 03 13 24 26 31
00516  01 02 03 14 16 20 21
00517  01 02 03 14 16 20 22
00518  01 02 03 14 16 20 23
00519  01 02 03 14 16 20 24
00520  01 02 03 14 16 20 26
00521  01 02 03 14 16 20 30
00522  01 02 03 14 16 20 31
00523  01 02 03 14 16 21 22
00524  01 02 03 14 16 21 23
00525  01 02 03 14 16 21 24
00526  01 02 03 14 16 21 26
00527  01 02 03 14 16 21 30
00528  01 02 03 14 16 21 31
00529  01 02 03 14 16 22 23
00530  01 02 03 14 16 22 24
00531  01 02 03 14 16 22 26
00532  01 02 03 14 16 22 30
00533  01 02 03 14 16 22 31
00534  01 02 03 14 16 23 24
00535  01 02 03 14 16 23 26
00536  01 02 03 14 16 23 30
00537  01 02 03 14 16 23 31
00538  01 02 03 14 16 24 26
00539  01 02 03 14 16 24 30
00540  01 02 03 14 16 24 31
00541  01 02 03 14 16 26 30
00542  01 02 03 14 16 26 31
00543  01 02 03 14 16 30 31
00544  01 02 03 14 20 21 26
00545  01 02 03 14 20 22 26
00546  01 02 03 14 20 23 26
00547  01 02 03 14 20 24 26
00548  01 02 03 14 20 26 30
00549  01 02 03 14 20 26 31
00550  01 02 03 14 21 22 26
00551  01 02 03 14 21 23 26
00552  01 02 03 14 21 24 26
00553  01 02 03 14 21 26 30
00554  01 02 03 14 21 26 31
00555  01 02 03 14 22 23 26
00556  01 02 03 14 22 24 26
00557  01 02 03 14 22 26 30
00558  01 02 03 14 22 26 31
00559  01 02 03 14 23 24 26
00560  01 02 03 14 23 26 30
00561  01 02 03 14 23 26 31
00562  01 02 03 14 24 26 30
00563  01 02 03 14 24 26 31
00564  01 02 03 14 26 30 31
00565  01 02 03 16 20 21 24
00566  01 02 03 16 20 22 24
00567  01 02 03 16 20 23 24
00568  01 02 03 16 20 24 26
00569  01 02 03 16 20 24 30
00570  01 02 03 16 20 24 31
00571  01 02 03 16 21 22 24
00572  01 02 03 16 21 23 24
00573  01 02 03 16 21 24 26
00574  01 02 03 16 21 24 30
00575  01 02 03 16 21 24 31
00576  01 02 03 16 22 23 24
00577  01 02 03 16 22 24 26
00578  01 02 03 16 22 24 30
00579  01 02 03 16 22 24 31
00580  01 02 03 16 23 24 26
00581  01 02 03 16 23 24 30
00582  01 02 03 16 23 24 31
00583  01 02 03 16 24 26 30
00584  01 02 03 16 24 26 31
00585  01 02 03 16 24 30 31
00586  01 02 03 20 21 24 26
00587  01 02 03 20 22 24 26
00588  01 02 03 20 23 24 26
00589  01 02 03 20 24 26 30
00590  01 02 03 20 24 26 31
00591  01 02 03 21 22 24 26
00592  01 02 03 21 23 24 26
00593  01 02 03 21 24 26 30
00594  01 02 03 21 24 26 31
00595  01 02 03 22 23 24 26
00596  01 02 03 22 24 26 30
00597  01 02 03 22 24 26 31
00598  01 02 03 23 24 26 30
00599  01 02 03 23 24 26 31
00600  01 02 03 24 26 30 31
00601  01 02 04 06 10 11 13
00602  01 02 04 06 10 11 23
00603  01 02 04 06 10 11 30
00604  01 02 04 06 10 11 31
00605  01 02 04 06 10 12 13
00606  01 02 04 06 10 12 23
00607  01 02 04 06 10 12 30
00608  01 02 04 06 10 12 31
00609  01 02 04 06 10 13 14
00610  01 02 04 06 10 13 16
00611  01 02 04 06 10 13 20
00612  01 02 04 06 10 13 21
00613  01 02 04 06 10 13 22
00614  01 02 04 06 10 13 23
00615  01 02 04 06 10 13 24
00616  01 02 04 06 10 13 26
00617  01 02 04 06 10 13 30
00618  01 02 04 06 10 13 31
00619  01 02 04 06 10 14 23
00620  01 02 04 06 10 14 30
00621  01 02 04 06 10 14 31
00622  01 02 04 06 10 16 23
00623  01 02 04 06 10 16 30
00624  01 02 04 06 10 16 31
00625  01 02 04 06 10 20 23
00626  01 02 04 06 10 20 30
00627  01 02 04 06 10 20 31
00628  01 02 04 06 10 21 23
00629  01 02 04 06 10 21 30
00630  01 02 04 06 10 21 31
00631  01 02 04 06 10 22 23
00632  01 02 04 06 10 22 30
00633  01 02 04 06 10 22 31
00634  01 02 04 06 10 23 24
00635  01 02 04 06 10 23 26
00636  01 02 04 06 10 23 30
00637  01 02 04 06 10 23 31
00638  01 02 04 06 10 24 30
00639  01 02 04 06 10 24 31
00640  01 02 04 06 10 26 30
00641  01 02 04 06 10 26 31
00642  01 02 04 06 10 30 31
00643  01 02 04 06 11 12 13
00644  01 02 04 06 11 12 23
00645  01 02 04 06 11 12 30
00646  01 02 04 06 11 12 31
00647  01 02 04 06 11 13 14
00648  01 02 04 06 11 13 16
00649  01 02 04 06 11 13 20
00650  01 02 04 06 11 13 21
00651  01 02 04 06 11 13 22
00652  01 02 04 06 11 13 23
00653  01 02 04 06 11 13 24
00654  01 02 04 06 11 13 26
00655  01 02 04 06 11 13 30
00656  01 02 04 06 11 13 31
00657  01 02 04 06 11 14 23
00658  01 02 04 06 11 14 30
00659  01 02 04 06 11 14 31
00660  01 02 04 06 11 16 23
00661  01 02 04 06 11 16 30
00662  01 02 04 06 11 16 31
00663  01 02 04 06 11 20 23
00664  01 02 04 06 11 20 30
00665  01 02 04 06 11 20 31
00666  01 02 04 06 11 21 23
00667  01 02 04 06 11 21 30
00668  01 02 04 06 11 21 31
00669  01 02 04 06 11 22 23
00670  01 02 04 06 11 22 30
00671  01 02 04 06 11 22 31
00672  01 02 04 06 11 23 24
00673  01 02 04 06 11 23 26
00674  01 02 04 06 11 23 30
00675  01 02 04 06 11 23 31
00676  01 02 04 06 11 24 30
00677  01 02 04 06 11 24 31
00678  01 02 04 06 11 26 30
00679  01 02 04 06 11 26 31
00680  01 02 04 06 11 30 31
00681  01 02 04 06 12 13 14
00682  01 02 04 06 12 13 16
00683  01 02 04 06 12 13 20
00684  01 02 04 06 12 13 21
00685  01 02 04 06 12 13 22
00686  01 02 04 06 12 13 23
00687  01 02 04 06 12 13 24
00688  01 02 04 06 12 13 26
00689  01 02 04 06 12 13 30
00690  01 02 04 06 12 13 31
00691  01 02 04 06 12 14 23
00692  01 02 04 06 12 14 30
00693  01 02 04 06 12 14 31
00694  01 02 04 06 12 16 23
00695  01 02 04 06 12 16 30
00696  01 02 04 06 12 16 31
00697  01 02 04 06 12 20 23
00698  01 02 04 06 12 20 30
00699  01 02 04 06 12 20 31
00700  01 02 04 06 12 21 23
00701  01 02 04 06 12 21 30
00702  01 02 04 06 12 21 31
00703  01 02 04 06 12 22 23
00704  01 02 04 06 12 22 30
00705  01 02 04 06 12 22 31
00706  01 02 04 06 12 23 24
00707  01 02 04 06 12 23 26
00708  01 02 04 06 12 23 30
00709  01 02 04 06 12 23 31
00710  01 02 04 06 12 24 30
00711  01 02 04 06 12 24 31
00712  01 02 04 06 12 26 30
00713  01 02 04 06 12 26 31
00714  01 02 04 06 12 30 31
00715  01 02 04 06 13 14 16
00716  01 02 04 06 13 14 20
00717  01 02 04 06 13 14 21
00718  01 02 04 06 13 14 22
00719  01 02 04 06 13 14 23
00720  01 02 04 06 13 14 24
00721  01 02 04 06 13 14 26
00722  01 02 04 06 13 14 30
00723  01 02 04 06 13 14 31
00724  01 02 04 06 13 16 20
00725  01 02 04 06 13 16 21
00726  01 02 04 06 13 16 22
00727  01 02 04 06 13 16 23
00728  01 02 04 06 13 16 24
00729  01 02 04 06 13 16 26
00730  01 02 04 06 13 16 30
00731  01 02 04 06 13 16 31
00732  01 02 04 06 13 20 21
00733  01 02 04 06 13 20 22
00734  01 02 04 06 13 20 23
00735  01 02 04 06 13 20 24
00736  01 02 04 06 13 20 26
00737  01 02 04 06 13 20 30
00738  01 02 04 06 13 20 31
00739  01 02 04 06 13 21 22
00740  01 02 04 06 13 21 23
00741  01 02 04 06 13 21 24
00742  01 02 04 06 13 21 26
00743  01 02 04 06 13 21 30
00744  01 02 04 06 13 21 31
00745  01 02 04 06 13 22 23
00746  01 02 04 06 13 22 24
00747  01 02 04 06 13 22 26
00748  01 02 04 06 13 22 30
00749  01 02 04 06 13 22 31
00750  01 02 04 06 13 23 24
00751  01 02 04 06 13 23 26
00752  01 02 04 06 13 23 30
00753  01 02 04 06 13 23 31
00754  01 02 04 06 13 24 26
00755  01 02 04 06 13 24 30
00756  01 02 04 06 13 24 31
00757  01 02 04 06 13 26 30
00758  01 02 04 06 13 26 31
00759  01 02 04 06 13 30 31
00760  01 02 04 06 14 16 23
00761  01 02 04 06 14 16 30
00762  01 02 04 06 14 16 31
00763  01 02 04 06 14 20 23
00764  01 02 04 06 14 20 30
00765  01 02 04 06 14 20 31
00766  01 02 04 06 14 21 23
00767  01 02 04 06 14 21 30
00768  01 02 04 06 14 21 31
00769  01 02 04 06 14 22 23
00770  01 02 04 06 14 22 30
00771  01 02 04 06 14 22 31
00772  01 02 04 06 14 23 24
00773  01 02 04 06 14 23 26
00774  01 02 04 06 14 23 30
00775  01 02 04 06 14 23 31
00776  01 02 04 06 14 24 30
00777  01 02 04 06 14 24 31
00778  01 02 04 06 14 26 30
00779  01 02 04 06 14 26 31
00780  01 02 04 06 14 30 31
00781  01 02 04 06 16 20 23
00782  01 02 04 06 16 20 30
00783  01 02 04 06 16 20 31
00784  01 02 04 06 16 21 23
00785  01 02 04 06 16 21 30
00786  01 02 04 06 16 21 31
00787  01 02 04 06 16 22 23
00788  01 02 04 06 16 22 30
00789  01 02 04 06 16 22 31
00790  01 02 04 06 16 23 24
00791  01 02 04 06 16 23 26
00792  01 02 04 06 16 23 30
00793  01 02 04 06 16 23 31
00794  01 02 04 06 16 24 30
00795  01 02 04 06 16 24 31
00796  01 02 04 06 16 26 30
00797  01 02 04 06 16 26 31
00798  01 02 04 06 16 30 31
00799  01 02 04 06 20 21 23
00800  01 02 04 06 20 21 30
00801  01 02 04 06 20 21 31
00802  01 02 04 06 20 22 23
00803  01 02 04 06 20 22 30
00804  01 02 04 06 20 22 31
00805  01 02 04 06 20 23 24
00806  01 02 04 06 20 23 26
00807  01 02 04 06 20 23 30
00808  01 02 04 06 20 23 31
00809  01 02 04 06 20 24 30
00810  01 02 04 06 20 24 31
00811  01 02 04 06 20 26 30
00812  01 02 04 06 20 26 31
00813  01 02 04 06 20 30 31
00814  01 02 04 06 21 22 23
00815  01 02 04 06 21 22 30
00816  01 02 04 06 21 22 31
00817  01 02 04 06 21 23 24
00818  01 02 04 06 21 23 26
00819  01 02 04 06 21 23 30
00820  01 02 04 06 21 23 31
00821  01 02 04 06 21 24 30
00822  01 02 04 06 21 24 31
00823  01 02 04 06 21 26 30
00824  01 02 04 06 21 26 31
00825  01 02 04 06 21 30 31
00826  01 02 04 06 22 23 24
00827  01 02 04 06 22 23 26
00828  01 02 04 06 22 23 30
00829  01 02 04 06 22 23 31
00830  01 02 04 06 22 24 30
00831  01 02 04 06 22 24 31
00832  01 02 04 06 22 26 30
00833  01 02 04 06 22 26 31
00834  01 02 04 06 22 30 31
00835  01 02 04 06 23 24 26
00836  01 02 04 06 23 24 30
00837  01 02 04 06 23 24 31
00838  01 02 04 06 23 26 30
00839  01 02 04 06 23 26 31
00840  01 02 04 06 23 30 31
00841  01 02 04 06 24 26 30
00842  01 02 04 06 24 26 31
00843  01 02 04 06 24 30 31
00844  01 02 04 06 26 30 31
00845  01 02 04 10 11 13 16
00846  01 02 04 10 11 13 26
00847  01 02 04 10 11 16 23
00848  01 02 04 10 11 16 30
00849  01 02 04 10 11 16 31
00850  01 02 04 10 11 23 26
00851  01 02 04 10 11 26 30
00852  01 02 04 10 11 26 31
00853  01 02 04 10 12 13 16
00854  01 02 04 10 12 13 26
00855  01 02 04 10 12 16 23
00856  01 02 04 10 12 16 30
00857  01 02 04 10 12 16 31
00858  01 02 04 10 12 23 26
00859  01 02 04 10 12 26 30
00860  01 02 04 10 12 26 31
00861  01 02 04 10 13 14 16
00862  01 02 04 10 13 14 26
00863  01 02 04 10 13 16 20
00864  01 02 04 10 13 16 21
00865  01 02 04 10 13 16 22
00866  01 02 04 10 13 16 23
00867  01 02 04 10 13 16 24
00868  01 02 04 10 13 16 26
00869  01 02 04 10 13 16 30
00870  01 02 04 10 13 16 31
00871  01 02 04 10 13 20 26
00872  01 02 04 10 13 21 26
00873  01 02 04 10 13 22 26
00874  01 02 04 10 13 23 26
00875  01 02 04 10 13 24 26
00876  01 02 04 10 13 26 30
00877  01 02 04 10 13 26 31
00878  01 02 04 10 14 16 23
00879  01 02 04 10 14 16 30
00880  01 02 04 10 14 16 31
00881  01 02 04 10 14 23 26
00882  01 02 04 10 14 26 30
00883  01 02 04 10 14 26 31
00884  01 02 04 10 16 20 23
00885  01 02 04 10 16 20 30
00886  01 02 04 10 16 20 31
00887  01 02 04 10 16 21 23
00888  01 02 04 10 16 21 30
00889  01 02 04 10 16 21 31
00890  01 02 04 10 16 22 23
00891  01 02 04 10 16 22 30
00892  01 02 04 10 16 22 31
00893  01 02 04 10 16 23 24
00894  01 02 04 10 16 23 26
00895  01 02 04 10 16 23 30
00896  01 02 04 10 16 23 31
00897  01 02 04 10 16 24 30
00898  01 02 04 10 16 24 31
00899  01 02 04 10 16 26 30
00900  01 02 04 10 16 26 31
00901  01 02 04 10 16 30 31
00902  01 02 04 10 20 23 26
00903  01 02 04 10 20 26 30
00904  01 02 04 10 20 26 31
00905  01 02 04 10 21 23 26
00906  01 02 04 10 21 26 30
00907  01 02 04 10 21 26 31
00908  01 02 04 10 22 23 26
00909  01 02 04 10 22 26 30
00910  01 02 04 10 22 26 31
00911  01 02 04 10 23 24 26
00912  01 02 04 10 23 26 30
00913  01 02 04 10 23 26 31
00914  01 02 04 10 24 26 30
00915  01 02 04 10 24 26 31
00916  01 02 04 10 26 30 31
00917  01 02 04 11 12 13 16
00918  01 02 04 11 12 13 26
00919  01 02 04 11 12 16 23
00920  01 02 04 11 12 16 30
00921  01 02 04 11 12 16 31
00922  01 02 04 11 12 23 26
00923  01 02 04 11 12 26 30
00924  01 02 04 11 12 26 31
00925  01 02 04 11 13 14 16
00926  01 02 04 11 13 14 26
00927  01 02 04 11 13 16 20
00928  01 02 04 11 13 16 21
00929  01 02 04 11 13 16 22
00930  01 02 04 11 13 16 23
00931  01 02 04 11 13 16 24
00932  01 02 04 11 13 16 26
00933  01 02 04 11 13 16 30
00934  01 02 04 11 13 16 31
00935  01 02 04 11 13 20 26
00936  01 02 04 11 13 21 26
00937  01 02 04 11 13 22 26
00938  01 02 04 11 13 23 26
00939  01 02 04 11 13 24 26
00940  01 02 04 11 13 26 30
00941  01 02 04 11 13 26 31
00942  01 02 04 11 14 16 23
00943  01 02 04 11 14 16 30
00944  01 02 04 11 14 16 31
00945  01 02 04 11 14 23 26
00946  01 02 04 11 14 26 30
00947  01 02 04 11 14 26 31
00948  01 02 04 11 16 20 23
00949  01 02 04 11 16 20 30
00950  01 02 04 11 16 20 31
00951  01 02 04 11 16 21 23
00952  01 02 04 11 16 21 30
00953  01 02 04 11 16 21 31
00954  01 02 04 11 16 22 23
00955  01 02 04 11 16 22 30
00956  01 02 04 11 16 22 31
00957  01 02 04 11 16 23 24
00958  01 02 04 11 16 23 26
00959  01 02 04 11 16 23 30
00960  01 02 04 11 16 23 31
00961  01 02 04 11 16 24 30
00962  01 02 04 11 16 24 31
00963  01 02 04 11 16 26 30
00964  01 02 04 11 16 26 31
00965  01 02 04 11 16 30 31
00966  01 02 04 11 20 23 26
00967  01 02 04 11 20 26 30
00968  01 02 04 11 20 26 31
00969  01 02 04 11 21 23 26
00970  01 02 04 11 21 26 30
00971  01 02 04 11 21 26 31
00972  01 02 04 11 22 23 26
00973  01 02 04 11 22 26 30
00974  01 02 04 11 22 26 31
00975  01 02 04 11 23 24 26
00976  01 02 04 11 23 26 30
00977  01 02 04 11 23 26 31
00978  01 02 04 11 24 26 30
00979  01 02 04 11 24 26 31
00980  01 02 04 11 26 30 31
00981  01 02 04 12 13 14 16
00982  01 02 04 12 13 14 26
00983  01 02 04 12 13 16 20
00984  01 02 04 12 13 16 21
00985  01 02 04 12 13 16 22
00986  01 02 04 12 13 16 23
00987  01 02 04 12 13 16 24
00988  01 02 04 12 13 16 26
00989  01 02 04 12 13 16 30
00990  01 02 04 12 13 16 31
00991  01 02 04 12 13 20 26
00992  01 02 04 12 13 21 26
00993  01 02 04 12 13 22 26
00994  01 02 04 12 13 23 26
00995  01 02 04 12 13 24 26
00996  01 02 04 12 13 26 30
00997  01 02 04 12 13 26 31
00998  01 02 04 12 14 16 23
00999  01 02 04 12 14 16 30
01000  01 02 04 12 14 16 31
01001  01 02 04 12 14 23 26
01002  01 02 04 12 14 26 30
01003  01 02 04 12 14 26 31
01004  01 02 04 12 16 20 23
01005  01 02 04 12 16 20 30
01006  01 02 04 12 16 20 31
01007  01 02 04 12 16 21 23
01008  01 02 04 12 16 21 30
01009  01 02 04 12 16 21 31
01010  01 02 04 12 16 22 23
01011  01 02 04 12 16 22 30
01012  01 02 04 12 16 22 31
01013  01 02 04 12 16 23 24
01014  01 02 04 12 16 23 26
01015  01 02 04 12 16 23 30
01016  01 02 04 12 16 23 31
01017  01 02 04 12 16 24 30
01018  01 02 04 12 16 24 31
01019  01 02 04 12 16 26 30
01020  01 02 04 12 16 26 31
01021  01 02 04 12 16 30 31
01022  01 02 04 12 20 23 26
01023  01 02 04 12 20 26 30
01024  01 02 04 12 20 26 31
01025  01 02 04 12 21 23 26
01026  01 02 04 12 21 26 30
01027  01 02 04 12 21 26 31
01028  01 02 04 12 22 23 26
01029  01 02 04 12 22 26 30
01030  01 02 04 12 22 26 31
01031  01 02 04 12 23 24 26
01032  01 02 04 12 23 26 30
01033  01 02 04 12 23 26 31
01034  01 02 04 12 24 26 30
01035  01 02 04 12 24 26 31
01036  01 02 04 12 26 30 31
01037  01 02 04 13 14 16 20
01038  01 02 04 13 14 16 21
01039  01 02 04 13 14 16 22
01040  01 02 04 13 14 16 23
01041  01 02 04 13 14 16 24
01042  01 02 04 13 14 16 26
01043  01 02 04 13 14 16 30
01044  01 02 04 13 14 16 31
01045  01 02 04 13 14 20 26
01046  01 02 04 13 14 21 26
01047  01 02 04 13 14 22 26
01048  01 02 04 13 14 23 26
01049  01 02 04 13 14 24 26
01050  01 02 04 13 14 26 30
01051  01 02 04 13 14 26 31
01052  01 02 04 13 16 20 21
01053  01 02 04 13 16 20 22
01054  01 02 04 13 16 20 23
01055  01 02 04 13 16 20 24
01056  01 02 04 13 16 20 26
01057  01 02 04 13 16 20 30
01058  01 02 04 13 16 20 31
01059  01 02 04 13 16 21 22
01060  01 02 04 13 16 21 23
01061  01 02 04 13 16 21 24
01062  01 02 04 13 16 21 26
01063  01 02 04 13 16 21 30
01064  01 02 04 13 16 21 31
01065  01 02 04 13 16 22 23
01066  01 02 04 13 16 22 24
01067  01 02 04 13 16 22 26
01068  01 02 04 13 16 22 30
01069  01 02 04 13 16 22 31
01070  01 02 04 13 16 23 24
01071  01 02 04 13 16 23 26
01072  01 02 04 13 16 23 30
01073  01 02 04 13 16 23 31
01074  01 02 04 13 16 24 26
01075  01 02 04 13 16 24 30
01076  01 02 04 13 16 24 31
01077  01 02 04 13 16 26 30
01078  01 02 04 13 16 26 31
01079  01 02 04 13 16 30 31
01080  01 02 04 13 20 21 26
01081  01 02 04 13 20 22 26
01082  01 02 04 13 20 23 26
01083  01 02 04 13 20 24 26
01084  01 02 04 13 20 26 30
01085  01 02 04 13 20 26 31
01086  01 02 04 13 21 22 26
01087  01 02 04 13 21 23 26
01088  01 02 04 13 21 24 26
01089  01 02 04 13 21 26 30
01090  01 02 04 13 21 26 31
01091  01 02 04 13 22 23 26
01092  01 02 04 13 22 24 26
01093  01 02 04 13 22 26 30
01094  01 02 04 13 22 26 31
01095  01 02 04 13 23 24 26
01096  01 02 04 13 23 26 30
01097  01 02 04 13 23 26 31
01098  01 02 04 13 24 26 30
01099  01 02 04 13 24 26 31
01100  01 02 04 13 26 30 31
01101  01 02 04 14 16 20 23
01102  01 02 04 14 16 20 30
01103  01 02 04 14 16 20 31
01104  01 02 04 14 16 21 23
01105  01 02 04 14 16 21 30
01106  01 02 04 14 16 21 31
01107  01 02 04 14 16 22 23
01108  01 02 04 14 16 22 30
01109  01 02 04 14 16 22 31
01110  01 02 04 14 16 23 24
01111  01 02 04 14 16 23 26
01112  01 02 04 14 16 23 30
01113  01 02 04 14 16 23 31
01114  01 02 04 14 16 24 30
01115  01 02 04 14 16 24 31
01116  01 02 04 14 16 26 30
01117  01 02 04 14 16 26 31
01118  01 02 04 14 16 30 31
01119  01 02 04 14 20 23 26
01120  01 02 04 14 20 26 30
01121  01 02 04 14 20 26 31
01122  01 02 04 14 21 23 26
01123  01 02 04 14 21 26 30
01124  01 02 04 14 21 26 31
01125  01 02 04 14 22 23 26
01126  01 02 04 14 22 26 30
01127  01 02 04 14 22 26 31
01128  01 02 04 14 23 24 26
01129  01 02 04 14 23 26 30
01130  01 02 04 14 23 26 31
01131  01 02 04 14 24 26 30
01132  01 02 04 14 24 26 31
01133  01 02 04 14 26 30 31
01134  01 02 04 16 20 21 23
01135  01 02 04 16 20 21 30
01136  01 02 04 16 20 21 31
01137  01 02 04 16 20 22 23
01138  01 02 04 16 20 22 30
01139  01 02 04 16 20 22 31
01140  01 02 04 16 20 23 24
01141  01 02 04 16 20 23 26
01142  01 02 04 16 20 23 30
01143  01 02 04 16 20 23 31
01144  01 02 04 16 20 24 30
01145  01 02 04 16 20 24 31
01146  01 02 04 16 20 26 30
01147  01 02 04 16 20 26 31
01148  01 02 04 16 20 30 31
01149  01 02 04 16 21 22 23
01150  01 02 04 16 21 22 30
01151  01 02 04 16 21 22 31
01152  01 02 04 16 21 23 24
01153  01 02 04 16 21 23 26
01154  01 02 04 16 21 23 30
01155  01 02 04 16 21 23 31
01156  01 02 04 16 21 24 30
01157  01 02 04 16 21 24 31
01158  01 02 04 16 21 26 30
01159  01 02 04 16 21 26 31
01160  01 02 04 16 21 30 31
01161  01 02 04 16 22 23 24
01162  01 02 04 16 22 23 26
01163  01 02 04 16 22 23 30
01164  01 02 04 16 22 23 31
01165  01 02 04 16 22 24 30
01166  01 02 04 16 22 24 31
01167  01 02 04 16 22 26 30
01168  01 02 04 16 22 26 31
01169  01 02 04 16 22 30 31
01170  01 02 04 16 23 24 26
01171  01 02 04 16 23 24 30
01172  01 02 04 16 23 24 31
01173  01 02 04 16 23 26 30
01174  01 02 04 16 23 26 31
01175  01 02 04 16 23 30 31
01176  01 02 04 16 24 26 30
01177  01 02 04 16 24 26 31
01178  01 02 04 16 24 30 31
01179  01 02 04 16 26 30 31
01180  01 02 04 20 21 23 26
01181  01 02 04 20 21 26 30
01182  01 02 04 20 21 26 31
01183  01 02 04 20 22 23 26
01184  01 02 04 20 22 26 30
01185  01 02 04 20 22 26 31
01186  01 02 04 20 23 24 26
01187  01 02 04 20 23 26 30
01188  01 02 04 20 23 26 31
01189  01 02 04 20 24 26 30
01190  01 02 04 20 24 26 31
01191  01 02 04 20 26 30 31
01192  01 02 04 21 22 23 26
01193  01 02 04 21 22 26 30
01194  01 02 04 21 22 26 31
01195  01 02 04 21 23 24 26
01196  01 02 04 21 23 26 30
01197  01 02 04 21 23 26 31
01198  01 02 04 21 24 26 30
01199  01 02 04 21 24 26 31
01200  01 02 04 21 26 30 31
01201  01 02 04 22 23 24 26
01202  01 02 04 22 23 26 30
01203  01 02 04 22 23 26 31
01204  01 02 04 22 24 26 30
01205  01 02 04 22 24 26 31
01206  01 02 04 22 26 30 31
01207  01 02 04 23 24 26 30
01208  01 02 04 23 24 26 31
01209  01 02 04 23 26 30 31
01210  01 02 04 24 26 30 31
01211  01 02 06 10 11 13 14
01212  01 02 06 10 11 13 24
01213  01 02 06 10 11 14 23
01214  01 02 06 10 11 14 30
01215  01 02 06 10 11 14 31
01216  01 02 06 10 11 23 24
01217  01 02 06 10 11 24 30
01218  01 02 06 10 11 24 31
01219  01 02 06 10 12 13 14
01220  01 02 06 10 12 13 24
01221  01 02 06 10 12 14 23
01222  01 02 06 10 12 14 30
01223  01 02 06 10 12 14 31
01224  01 02 06 10 12 23 24
01225  01 02 06 10 12 24 30
01226  01 02 06 10 12 24 31
01227  01 02 06 10 13 14 16
01228  01 02 06 10 13 14 20
01229  01 02 06 10 13 14 21
01230  01 02 06 10 13 14 22
01231  01 02 06 10 13 14 23
01232  01 02 06 10 13 14 24
01233  01 02 06 10 13 14 26
01234  01 02 06 10 13 14 30
01235  01 02 06 10 13 14 31
01236  01 02 06 10 13 16 24
01237  01 02 06 10 13 20 24
01238  01 02 06 10 13 21 24
01239  01 02 06 10 13 22 24
01240  01 02 06 10 13 23 24
01241  01 02 06 10 13 24 26
01242  01 02 06 10 13 24 30
01243  01 02 06 10 13 24 31
01244  01 02 06 10 14 16 23
01245  01 02 06 10 14 16 30
01246  01 02 06 10 14 16 31
01247  01 02 06 10 14 20 23
01248  01 02 06 10 14 20 30
01249  01 02 06 10 14 20 31
01250  01 02 06 10 14 21 23
01251  01 02 06 10 14 21 30
01252  01 02 06 10 14 21 31
01253  01 02 06 10 14 22 23
01254  01 02 06 10 14 22 30
01255  01 02 06 10 14 22 31
01256  01 02 06 10 14 23 24
01257  01 02 06 10 14 23 26
01258  01 02 06 10 14 23 30
01259  01 02 06 10 14 23 31
01260  01 02 06 10 14 24 30
01261  01 02 06 10 14 24 31
01262  01 02 06 10 14 26 30
01263  01 02 06 10 14 26 31
01264  01 02 06 10 14 30 31
01265  01 02 06 10 16 23 24
01266  01 02 06 10 16 24 30
01267  01 02 06 10 16 24 31
01268  01 02 06 10 20 23 24
01269  01 02 06 10 20 24 30
01270  01 02 06 10 20 24 31
01271  01 02 06 10 21 23 24
01272  01 02 06 10 21 24 30
01273  01 02 06 10 21 24 31
01274  01 02 06 10 22 23 24
01275  01 02 06 10 22 24 30
01276  01 02 06 10 22 24 31
01277  01 02 06 10 23 24 26
01278  01 02 06 10 23 24 30
01279  01 02 06 10 23 24 31
01280  01 02 06 10 24 26 30
01281  01 02 06 10 24 26 31
01282  01 02 06 10 24 30 31
01283  01 02 06 11 12 13 14
01284  01 02 06 11 12 13 24
01285  01 02 06 11 12 14 23
01286  01 02 06 11 12 14 30
01287  01 02 06 11 12 14 31
01288  01 02 06 11 12 23 24
01289  01 02 06 11 12 24 30
01290  01 02 06 11 12 24 31
01291  01 02 06 11 13 14 16
01292  01 02 06 11 13 14 20
01293  01 02 06 11 13 14 21
01294  01 02 06 11 13 14 22
01295  01 02 06 11 13 14 23
01296  01 02 06 11 13 14 24
01297  01 02 06 11 13 14 26
01298  01 02 06 11 13 14 30
01299  01 02 06 11 13 14 31
01300  01 02 06 11 13 16 24
01301  01 02 06 11 13 20 24
01302  01 02 06 11 13 21 24
01303  01 02 06 11 13 22 24
01304  01 02 06 11 13 23 24
01305  01 02 06 11 13 24 26
01306  01 02 06 11 13 24 30
01307  01 02 06 11 13 24 31
01308  01 02 06 11 14 16 23
01309  01 02 06 11 14 16 30
01310  01 02 06 11 14 16 31
01311  01 02 06 11 14 20 23
01312  01 02 06 11 14 20 30
01313  01 02 06 11 14 20 31
01314  01 02 06 11 14 21 23
01315  01 02 06 11 14 21 30
01316  01 02 06 11 14 21 31
01317  01 02 06 11 14 22 23
01318  01 02 06 11 14 22 30
01319  01 02 06 11 14 22 31
01320  01 02 06 11 14 23 24
01321  01 02 06 11 14 23 26
01322  01 02 06 11 14 23 30
01323  01 02 06 11 14 23 31
01324  01 02 06 11 14 24 30
01325  01 02 06 11 14 24 31
01326  01 02 06 11 14 26 30
01327  01 02 06 11 14 26 31
01328  01 02 06 11 14 30 31
01329  01 02 06 11 16 23 24
01330  01 02 06 11 16 24 30
01331  01 02 06 11 16 24 31
01332  01 02 06 11 20 23 24
01333  01 02 06 11 20 24 30
01334  01 02 06 11 20 24 31
01335  01 02 06 11 21 23 24
01336  01 02 06 11 21 24 30
01337  01 02 06 11 21 24 31
01338  01 02 06 11 22 23 24
01339  01 02 06 11 22 24 30
01340  01 02 06 11 22 24 31
01341  01 02 06 11 23 24 26
01342  01 02 06 11 23 24 30
01343  01 02 06 11 23 24 31
01344  01 02 06 11 24 26 30
01345  01 02 06 11 24 26 31
01346  01 02 06 11 24 30 31
01347  01 02 06 12 13 14 16
01348  01 02 06 12 13 14 20
01349  01 02 06 12 13 14 21
01350  01 02 06 12 13 14 22
01351  01 02 06 12 13 14 23
01352  01 02 06 12 13 14 24
01353  01 02 06 12 13 14 26
01354  01 02 06 12 13 14 30
01355  01 02 06 12 13 14 31
01356  01 02 06 12 13 16 24
01357  01 02 06 12 13 20 24
01358  01 02 06 12 13 21 24
01359  01 02 06 12 13 22 24
01360  01 02 06 12 13 23 24
01361  01 02 06 12 13 24 26
01362  01 02 06 12 13 24 30
01363  01 02 06 12 13 24 31
01364  01 02 06 12 14 16 23
01365  01 02 06 12 14 16 30
01366  01 02 06 12 14 16 31
01367  01 02 06 12 14 20 23
01368  01 02 06 12 14 20 30
01369  01 02 06 12 14 20 31
01370  01 02 06 12 14 21 23
01371  01 02 06 12 14 21 30
01372  01 02 06 12 14 21 31
01373  01 02 06 12 14 22 23
01374  01 02 06 12 14 22 30
01375  01 02 06 12 14 22 31
01376  01 02 06 12 14 23 24
01377  01 02 06 12 14 23 26
01378  01 02 06 12 14 23 30
01379  01 02 06 12 14 23 31
01380  01 02 06 12 14 24 30
01381  01 02 06 12 14 24 31
01382  01 02 06 12 14 26 30
01383  01 02 06 12 14 26 31
01384  01 02 06 12 14 30 31
01385  01 02 06 12 16 23 24
01386  01 02 06 12 16 24 30
01387  01 02 06 12 16 24 31
01388  01 02 06 12 20 23 24
01389  01 02 06 12 20 24 30
01390  01 02 06 12 20 24 31
01391  01 02 06 12 21 23 24
01392  01 02 06 12 21 24 30
01393  01 02 06 12 21 24 31
01394  01 02 06 12 22 23 24
01395  01 02 06 12 22 24 30
01396  01 02 06 12 22 24 31
01397  01 02 06 12 23 24 26
01398  01 02 06 12 23 24 30
01399  01 02 06 12 23 24 31
01400  01 02 06 12 24 26 30
01401  01 02 06 12 24 26 31
01402  01 02 06 12 24 30 31
01403  01 02 06 13 14 16 20
01404  01 02 06 13 14 16 21
01405  01 02 06 13 14 16 22
01406  01 02 06 13 14 16 23
01407  01 02 06 13 14 16 24
01408  01 02 06 13 14 16 26
01409  01 02 06 13 14 16 30
01410  01 02 06 13 14 16 31
01411  01 02 06 13 14 20 21
01412  01 02 06 13 14 20 22
01413  01 02 06 13 14 20 23
01414  01 02 06 13 14 20 24
01415  01 02 06 13 14 20 26
01416  01 02 06 13 14 20 30
01417  01 02 06 13 14 20 31
01418  01 02 06 13 14 21 22
01419  01 02 06 13 14 21 23
01420  01 02 06 13 14 21 24
01421  01 02 06 13 14 21 26
01422  01 02 06 13 14 21 30
01423  01 02 06 13 14 21 31
01424  01 02 06 13 14 22 23
01425  01 02 06 13 14 22 24
01426  01 02 06 13 14 22 26
01427  01 02 06 13 14 22 30
01428  01 02 06 13 14 22 31
01429  01 02 06 13 14 23 24
01430  01 02 06 13 14 23 26
01431  01 02 06 13 14 23 30
01432  01 02 06 13 14 23 31
01433  01 02 06 13 14 24 26
01434  01 02 06 13 14 24 30
01435  01 02 06 13 14 24 31
01436  01 02 06 13 14 26 30
01437  01 02 06 13 14 26 31
01438  01 02 06 13 14 30 31
01439  01 02 06 13 16 20 24
01440  01 02 06 13 16 21 24
01441  01 02 06 13 16 22 24
01442  01 02 06 13 16 23 24
01443  01 02 06 13 16 24 26
01444  01 02 06 13 16 24 30
01445  01 02 06 13 16 24 31
01446  01 02 06 13 20 21 24
01447  01 02 06 13 20 22 24
01448  01 02 06 13 20 23 24
01449  01 02 06 13 20 24 26
01450  01 02 06 13 20 24 30
01451  01 02 06 13 20 24 31
01452  01 02 06 13 21 22 24
01453  01 02 06 13 21 23 24
01454  01 02 06 13 21 24 26
01455  01 02 06 13 21 24 30
01456  01 02 06 13 21 24 31
01457  01 02 06 13 22 23 24
01458  01 02 06 13 22 24 26
01459  01 02 06 13 22 24 30
01460  01 02 06 13 22 24 31
01461  01 02 06 13 23 24 26
01462  01 02 06 13 23 24 30
01463  01 02 06 13 23 24 31
01464  01 02 06 13 24 26 30
01465  01 02 06 13 24 26 31
01466  01 02 06 13 24 30 31
01467  01 02 06 14 16 20 23
01468  01 02 06 14 16 20 30
01469  01 02 06 14 16 20 31
01470  01 02 06 14 16 21 23
01471  01 02 06 14 16 21 30
01472  01 02 06 14 16 21 31
01473  01 02 06 14 16 22 23
01474  01 02 06 14 16 22 30
01475  01 02 06 14 16 22 31
01476  01 02 06 14 16 23 24
01477  01 02 06 14 16 23 26
01478  01 02 06 14 16 23 30
01479  01 02 06 14 16 23 31
01480  01 02 06 14 16 24 30
01481  01 02 06 14 16 24 31
01482  01 02 06 14 16 26 30
01483  01 02 06 14 16 26 31
01484  01 02 06 14 16 30 31
01485  01 02 06 14 20 21 23
01486  01 02 06 14 20 21 30
01487  01 02 06 14 20 21 31
01488  01 02 06 14 20 22 23
01489  01 02 06 14 20 22 30
01490  01 02 06 14 20 22 31
01491  01 02 06 14 20 23 24
01492  01 02 06 14 20 23 26
01493  01 02 06 14 20 23 30
01494  01 02 06 14 20 23 31
01495  01 02 06 14 20 24 30
01496  01 02 06 14 20 24 31
01497  01 02 06 14 20 26 30
01498  01 02 06 14 20 26 31
01499  01 02 06 14 20 30 31
01500  01 02 06 14 21 22 23
01501  01 02 06 14 21 22 30
01502  01 02 06 14 21 22 31
01503  01 02 06 14 21 23 24
01504  01 02 06 14 21 23 26
01505  01 02 06 14 21 23 30
01506  01 02 06 14 21 23 31
01507  01 02 06 14 21 24 30
01508  01 02 06 14 21 24 31
01509  01 02 06 14 21 26 30
01510  01 02 06 14 21 26 31
01511  01 02 06 14 21 30 31
01512  01 02 06 14 22 23 24
01513  01 02 06 14 22 23 26
01514  01 02 06 14 22 23 30
01515  01 02 06 14 22 23 31
01516  01 02 06 14 22 24 30
01517  01 02 06 14 22 24 31
01518  01 02 06 14 22 26 30
01519  01 02 06 14 22 26 31
01520  01 02 06 14 22 30 31
01521  01 02 06 14 23 24 26
01522  01 02 06 14 23 24 30
01523  01 02 06 14 23 24 31
01524  01 02 06 14 23 26 30
01525  01 02 06 14 23 26 31
01526  01 02 06 14 23 30 31
01527  01 02 06 14 24 26 30
01528  01 02 06 14 24 26 31
01529  01 02 06 14 24 30 31
01530  01 02 06 14 26 30 31
01531  01 02 06 16 20 23 24
01532  01 02 06 16 20 24 30
01533  01 02 06 16 20 24 31
01534  01 02 06 16 21 23 24
01535  01 02 06 16 21 24 30
01536  01 02 06 16 21 24 31
01537  01 02 06 16 22 23 24
01538  01 02 06 16 22 24 30
01539  01 02 06 16 22 24 31
01540  01 02 06 16 23 24 26
01541  01 02 06 16 23 24 30
01542  01 02 06 16 23 24 31
01543  01 02 06 16 24 26 30
01544  01 02 06 16 24 26 31
01545  01 02 06 16 24 30 31
01546  01 02 06 20 21 23 24
01547  01 02 06 20 21 24 30
01548  01 02 06 20 21 24 31
01549  01 02 06 20 22 23 24
01550  01 02 06 20 22 24 30
01551  01 02 06 20 22 24 31
01552  01 02 06 20 23 24 26
01553  01 02 06 20 23 24 30
01554  01 02 06 20 23 24 31
01555  01 02 06 20 24 26 30
01556  01 02 06 20 24 26 31
01557  01 02 06 20 24 30 31
01558  01 02 06 21 22 23 24
01559  01 02 06 21 22 24 30
01560  01 02 06 21 22 24 31
01561  01 02 06 21 23 24 26
01562  01 02 06 21 23 24 30
01563  01 02 06 21 23 24 31
01564  01 02 06 21 24 26 30
01565  01 02 06 21 24 26 31
01566  01 02 06 21 24 30 31
01567  01 02 06 22 23 24 26
01568  01 02 06 22 23 24 30
01569  01 02 06 22 23 24 31
01570  01 02 06 22 24 26 30
01571  01 02 06 22 24 26 31
01572  01 02 06 22 24 30 31
01573  01 02 06 23 24 26 30
01574  01 02 06 23 24 26 31
01575  01 02 06 23 24 30 31
01576  01 02 06 24 26 30 31
01577  01 02 10 11 13 14 16
01578  01 02 10 11 13 14 26
01579  01 02 10 11 13 16 24
01580  01 02 10 11 13 24 26
01581  01 02 10 11 14 16 23
01582  01 02 10 11 14 16 30
01583  01 02 10 11 14 16 31
01584  01 02 10 11 14 23 26
01585  01 02 10 11 14 26 30
01586  01 02 10 11 14 26 31
01587  01 02 10 11 16 23 24
01588  01 02 10 11 16 24 30
01589  01 02 10 11 16 24 31
01590  01 02 10 11 23 24 26
01591  01 02 10 11 24 26 30
01592  01 02 10 11 24 26 31
01593  01 02 10 12 13 14 16
01594  01 02 10 12 13 14 26
01595  01 02 10 12 13 16 24
01596  01 02 10 12 13 24 26
01597  01 02 10 12 14 16 23
01598  01 02 10 12 14 16 30
01599  01 02 10 12 14 16 31
01600  01 02 10 12 14 23 26
01601  01 02 10 12 14 26 30
01602  01 02 10 12 14 26 31
01603  01 02 10 12 16 23 24
01604  01 02 10 12 16 24 30
01605  01 02 10 12 16 24 31
01606  01 02 10 12 23 24 26
01607  01 02 10 12 24 26 30
01608  01 02 10 12 24 26 31
01609  01 02 10 13 14 16 20
01610  01 02 10 13 14 16 21
01611  01 02 10 13 14 16 22
01612  01 02 10 13 14 16 23
01613  01 02 10 13 14 16 24
01614  01 02 10 13 14 16 26
01615  01 02 10 13 14 16 30
01616  01 02 10 13 14 16 31
01617  01 02 10 13 14 20 26
01618  01 02 10 13 14 21 26
01619  01 02 10 13 14 22 26
01620  01 02 10 13 14 23 26
01621  01 02 10 13 14 24 26
01622  01 02 10 13 14 26 30
01623  01 02 10 13 14 26 31
01624  01 02 10 13 16 20 24
01625  01 02 10 13 16 21 24
01626  01 02 10 13 16 22 24
01627  01 02 10 13 16 23 24
01628  01 02 10 13 16 24 26
01629  01 02 10 13 16 24 30
01630  01 02 10 13 16 24 31
01631  01 02 10 13 20 24 26
01632  01 02 10 13 21 24 26
01633  01 02 10 13 22 24 26
01634  01 02 10 13 23 24 26
01635  01 02 10 13 24 26 30
01636  01 02 10 13 24 26 31
01637  01 02 10 14 16 20 23
01638  01 02 10 14 16 20 30
01639  01 02 10 14 16 20 31
01640  01 02 10 14 16 21 23
01641  01 02 10 14 16 21 30
01642  01 02 10 14 16 21 31
01643  01 02 10 14 16 22 23
01644  01 02 10 14 16 22 30
01645  01 02 10 14 16 22 31
01646  01 02 10 14 16 23 24
01647  01 02 10 14 16 23 26
01648  01 02 10 14 16 23 30
01649  01 02 10 14 16 23 31
01650  01 02 10 14 16 24 30
01651  01 02 10 14 16 24 31
01652  01 02 10 14 16 26 30
01653  01 02 10 14 16 26 31
01654  01 02 10 14 16 30 31
01655  01 02 10 14 20 23 26
01656  01 02 10 14 20 26 30
01657  01 02 10 14 20 26 31
01658  01 02 10 14 21 23 26
01659  01 02 10 14 21 26 30
01660  01 02 10 14 21 26 31
01661  01 02 10 14 22 23 26
01662  01 02 10 14 22 26 30
01663  01 02 10 14 22 26 31
01664  01 02 10 14 23 24 26
01665  01 02 10 14 23 26 30
01666  01 02 10 14 23 26 31
01667  01 02 10 14 24 26 30
01668  01 02 10 14 24 26 31
01669  01 02 10 14 26 30 31
01670  01 02 10 16 20 23 24
01671  01 02 10 16 20 24 30
01672  01 02 10 16 20 24 31
01673  01 02 10 16 21 23 24
01674  01 02 10 16 21 24 30
01675  01 02 10 16 21 24 31
01676  01 02 10 16 22 23 24
01677  01 02 10 16 22 24 30
01678  01 02 10 16 22 24 31
01679  01 02 10 16 23 24 26
01680  01 02 10 16 23 24 30
01681  01 02 10 16 23 24 31
01682  01 02 10 16 24 26 30
01683  01 02 10 16 24 26 31
01684  01 02 10 16 24 30 31
01685  01 02 10 20 23 24 26
01686  01 02 10 20 24 26 30
01687  01 02 10 20 24 26 31
01688  01 02 10 21 23 24 26
01689  01 02 10 21 24 26 30
01690  01 02 10 21 24 26 31
01691  01 02 10 22 23 24 26
01692  01 02 10 22 24 26 30
01693  01 02 10 22 24 26 31
01694  01 02 10 23 24 26 30
01695  01 02 10 23 24 26 31
01696  01 02 10 24 26 30 31
01697  01 02 11 12 13 14 16
01698  01 02 11 12 13 14 26
01699  01 02 11 12 13 16 24
01700  01 02 11 12 13 24 26
01701  01 02 11 12 14 16 23
01702  01 02 11 12 14 16 30
01703  01 02 11 12 14 16 31
01704  01 02 11 12 14 23 26
01705  01 02 11 12 14 26 30
01706  01 02 11 12 14 26 31
01707  01 02 11 12 16 23 24
01708  01 02 11 12 16 24 30
01709  01 02 11 12 16 24 31
01710  01 02 11 12 23 24 26
01711  01 02 11 12 24 26 30
01712  01 02 11 12 24 26 31
01713  01 02 11 13 14 16 20
01714  01 02 11 13 14 16 21
01715  01 02 11 13 14 16 22
01716  01 02 11 13 14 16 23
01717  01 02 11 13 14 16 24
01718  01 02 11 13 14 16 26
01719  01 02 11 13 14 16 30
01720  01 02 11 13 14 16 31
01721  01 02 11 13 14 20 26
01722  01 02 11 13 14 21 26
01723  01 02 11 13 14 22 26
01724  01 02 11 13 14 23 26
01725  01 02 11 13 14 24 26
01726  01 02 11 13 14 26 30
01727  01 02 11 13 14 26 31
01728  01 02 11 13 16 20 24
01729  01 02 11 13 16 21 24
01730  01 02 11 13 16 22 24
01731  01 02 11 13 16 23 24
01732  01 02 11 13 16 24 26
01733  01 02 11 13 16 24 30
01734  01 02 11 13 16 24 31
01735  01 02 11 13 20 24 26
01736  01 02 11 13 21 24 26
01737  01 02 11 13 22 24 26
01738  01 02 11 13 23 24 26
01739  01 02 11 13 24 26 30
01740  01 02 11 13 24 26 31
01741  01 02 11 14 16 20 23
01742  01 02 11 14 16 20 30
01743  01 02 11 14 16 20 31
01744  01 02 11 14 16 21 23
01745  01 02 11 14 16 21 30
01746  01 02 11 14 16 21 31
01747  01 02 11 14 16 22 23
01748  01 02 11 14 16 22 30
01749  01 02 11 14 16 22 31
01750  01 02 11 14 16 23 24
01751  01 02 11 14 16 23 26
01752  01 02 11 14 16 23 30
01753  01 02 11 14 16 23 31
01754  01 02 11 14 16 24 30
01755  01 02 11 14 16 24 31
01756  01 02 11 14 16 26 30
01757  01 02 11 14 16 26 31
01758  01 02 11 14 16 30 31
01759  01 02 11 14 20 23 26
01760  01 02 11 14 20 26 30
01761  01 02 11 14 20 26 31
01762  01 02 11 14 21 23 26
01763  01 02 11 14 21 26 30
01764  01 02 11 14 21 26 31
01765  01 02 11 14 22 23 26
01766  01 02 11 14 22 26 30
01767  01 02 11 14 22 26 31
01768  01 02 11 14 23 24 26
01769  01 02 11 14 23 26 30
01770  01 02 11 14 23 26 31
01771  01 02 11 14 24 26 30
01772  01 02 11 14 24 26 31
01773  01 02 11 14 26 30 31
01774  01 02 11 16 20 23 24
01775  01 02 11 16 20 24 30
01776  01 02 11 16 20 24 31
01777  01 02 11 16 21 23 24
01778  01 02 11 16 21 24 30
01779  01 02 11 16 21 24 31
01780  01 02 11 16 22 23 24
01781  01 02 11 16 22 24 30
01782  01 02 11 16 22 24 31
01783  01 02 11 16 23 24 26
01784  01 02 11 16 23 24 30
01785  01 02 11 16 23 24 31
01786  01 02 11 16 24 26 30
01787  01 02 11 16 24 26 31
01788  01 02 11 16 24 30 31
01789  01 02 11 20 23 24 26
01790  01 02 11 20 24 26 30
01791  01 02 11 20 24 26 31
01792  01 02 11 21 23 24 26
01793  01 02 11 21 24 26 30
01794  01 02 11 21 24 26 31
01795  01 02 11 22 23 24 26
01796  01 02 11 22 24 26 30
01797  01 02 11 22 24 26 31
01798  01 02 11 23 24 26 30
01799  01 02 11 23 24 26 31
01800  01 02 11 24 26 30 31
01801  01 02 12 13 14 16 20
01802  01 02 12 13 14 16 21
01803  01 02 12 13 14 16 22
01804  01 02 12 13 14 16 23
01805  01 02 12 13 14 16 24
01806  01 02 12 13 14 16 26
01807  01 02 12 13 14 16 30
01808  01 02 12 13 14 16 31
01809  01 02 12 13 14 20 26
01810  01 02 12 13 14 21 26
01811  01 02 12 13 14 22 26
01812  01 02 12 13 14 23 26
01813  01 02 12 13 14 24 26
01814  01 02 12 13 14 26 30
01815  01 02 12 13 14 26 31
01816  01 02 12 13 16 20 24
01817  01 02 12 13 16 21 24
01818  01 02 12 13 16 22 24
01819  01 02 12 13 16 23 24
01820  01 02 12 13 16 24 26
01821  01 02 12 13 16 24 30
01822  01 02 12 13 16 24 31
01823  01 02 12 13 20 24 26
01824  01 02 12 13 21 24 26
01825  01 02 12 13 22 24 26
01826  01 02 12 13 23 24 26
01827  01 02 12 13 24 26 30
01828  01 02 12 13 24 26 31
01829  01 02 12 14 16 20 23
01830  01 02 12 14 16 20 30
01831  01 02 12 14 16 20 31
01832  01 02 12 14 16 21 23
01833  01 02 12 14 16 21 30
01834  01 02 12 14 16 21 31
01835  01 02 12 14 16 22 23
01836  01 02 12 14 16 22 30
01837  01 02 12 14 16 22 31
01838  01 02 12 14 16 23 24
01839  01 02 12 14 16 23 26
01840  01 02 12 14 16 23 30
01841  01 02 12 14 16 23 31
01842  01 02 12 14 16 24 30
01843  01 02 12 14 16 24 31
01844  01 02 12 14 16 26 30
01845  01 02 12 14 16 26 31
01846  01 02 12 14 16 30 31
01847  01 02 12 14 20 23 26
01848  01 02 12 14 20 26 30
01849  01 02 12 14 20 26 31
01850  01 02 12 14 21 23 26
01851  01 02 12 14 21 26 30
01852  01 02 12 14 21 26 31
01853  01 02 12 14 22 23 26
01854  01 02 12 14 22 26 30
01855  01 02 12 14 22 26 31
01856  01 02 12 14 23 24 26
01857  01 02 12 14 23 26 30
01858  01 02 12 14 23 26 31
01859  01 02 12 14 24 26 30
01860  01 02 12 14 24 26 31
01861  01 02 12 14 26 30 31
01862  01 02 12 16 20 23 24
01863  01 02 12 16 20 24 30
01864  01 02 12 16 20 24 31
01865  01 02 12 16 21 23 24
01866  01 02 12 16 21 24 30
01867  01 02 12 16 21 24 31
01868  01 02 12 16 22 23 24
01869  01 02 12 16 22 24 30
01870  01 02 12 16 22 24 31
01871  01 02 12 16 23 24 26
01872  01 02 12 16 23 24 30
01873  01 02 12 16 23 24 31
01874  01 02 12 16 24 26 30
01875  01 02 12 16 24 26 31
01876  01 02 12 16 24 30 31
01877  01 02 12 20 23 24 26
01878  01 02 12 20 24 26 30
01879  01 02 12 20 24 26 31
01880  01 02 12 21 23 24 26
01881  01 02 12 21 24 26 30
01882  01 02 12 21 24 26 31
01883  01 02 12 22 23 24 26
01884  01 02 12 22 24 26 30
01885  01 02 12 22 24 26 31
01886  01 02 12 23 24 26 30
01887  01 02 12 23 24 26 31
01888  01 02 12 24 26 30 31
01889  01 02 13 14 16 20 21
01890  01 02 13 14 16 20 22
01891  01 02 13 14 16 20 23
01892  01 02 13 14 16 20 24
01893  01 02 13 14 16 20 26
01894  01 02 13 14 16 20 30
01895  01 02 13 14 16 20 31
01896  01 02 13 14 16 21 22
01897  01 02 13 14 16 21 23
01898  01 02 13 14 16 21 24
01899  01 02 13 14 16 21 26
01900  01 02 13 14 16 21 30
01901  01 02 13 14 16 21 31
01902  01 02 13 14 16 22 23
01903  01 02 13 14 16 22 24
01904  01 02 13 14 16 22 26
01905  01 02 13 14 16 22 30
01906  01 02 13 14 16 22 31
01907  01 02 13 14 16 23 24
01908  01 02 13 14 16 23 26
01909  01 02 13 14 16 23 30
01910  01 02 13 14 16 23 31
01911  01 02 13 14 16 24 26
01912  01 02 13 14 16 24 30
01913  01 02 13 14 16 24 31
01914  01 02 13 14 16 26 30
01915  01 02 13 14 16 26 31
01916  01 02 13 14 16 30 31
01917  01 02 13 14 20 21 26
01918  01 02 13 14 20 22 26
01919  01 02 13 14 20 23 26
01920  01 02 13 14 20 24 26
01921  01 02 13 14 20 26 30
01922  01 02 13 14 20 26 31
01923  01 02 13 14 21 22 26
01924  01 02 13 14 21 23 26
01925  01 02 13 14 21 24 26
01926  01 02 13 14 21 26 30
01927  01 02 13 14 21 26 31
01928  01 02 13 14 22 23 26
01929  01 02 13 14 22 24 26
01930  01 02 13 14 22 26 30
01931  01 02 13 14 22 26 31
01932  01 02 13 14 23 24 26
01933  01 02 13 14 23 26 30
01934  01 02 13 14 23 26 31
01935  01 02 13 14 24 26 30
01936  01 02 13 14 24 26 31
01937  01 02 13 14 26 30 31
01938  01 02 13 16 20 21 24
01939  01 02 13 16 20 22 24
01940  01 02 13 16 20 23 24
01941  01 02 13 16 20 24 26
01942  01 02 13 16 20 24 30
01943  01 02 13 16 20 24 31
01944  01 02 13 16 21 22 24
01945  01 02 13 16 21 23 24
01946  01 02 13 16 21 24 26
01947  01 02 13 16 21 24 30
01948  01 02 13 16 21 24 31
01949  01 02 13 16 22 23 24
01950  01 02 13 16 22 24 26
01951  01 02 13 16 22 24 30
01952  01 02 13 16 22 24 31
01953  01 02 13 16 23 24 26
01954  01 02 13 16 23 24 30
01955  01 02 13 16 23 24 31
01956  01 02 13 16 24 26 30
01957  01 02 13 16 24 26 31
01958  01 02 13 16 24 30 31
01959  01 02 13 20 21 24 26
01960  01 02 13 20 22 24 26
01961  01 02 13 20 23 24 26
01962  01 02 13 20 24 26 30
01963  01 02 13 20 24 26 31
01964  01 02 13 21 22 24 26
01965  01 02 13 21 23 24 26
01966  01 02 13 21 24 26 30
01967  01 02 13 21 24 26 31
01968  01 02 13 22 23 24 26
01969  01 02 13 22 24 26 30
01970  01 02 13 22 24 26 31
01971  01 02 13 23 24 26 30
01972  01 02 13 23 24 26 31
01973  01 02 13 24 26 30 31
01974  01 02 14 16 20 21 23
01975  01 02 14 16 20 21 30
01976  01 02 14 16 20 21 31
01977  01 02 14 16 20 22 23
01978  01 02 14 16 20 22 30
01979  01 02 14 16 20 22 31
01980  01 02 14 16 20 23 24
01981  01 02 14 16 20 23 26
01982  01 02 14 16 20 23 30
01983  01 02 14 16 20 23 31
01984  01 02 14 16 20 24 30
01985  01 02 14 16 20 24 31
01986  01 02 14 16 20 26 30
01987  01 02 14 16 20 26 31
01988  01 02 14 16 20 30 31
01989  01 02 14 16 21 22 23
01990  01 02 14 16 21 22 30
01991  01 02 14 16 21 22 31
01992  01 02 14 16 21 23 24
01993  01 02 14 16 21 23 26
01994  01 02 14 16 21 23 30
01995  01 02 14 16 21 23 31
01996  01 02 14 16 21 24 30
01997  01 02 14 16 21 24 31
01998  01 02 14 16 21 26 30
01999  01 02 14 16 21 26 31
02000  01 02 14 16 21 30 31
02001  01 02 14 16 22 23 24
02002  01 02 14 16 22 23 26
02003  01 02 14 16 22 23 30
02004  01 02 14 16 22 23 31
02005  01 02 14 16 22 24 30
02006  01 02 14 16 22 24 31
02007  01 02 14 16 22 26 30
02008  01 02 14 16 22 26 31
02009  01 02 14 16 22 30 31
02010  01 02 14 16 23 24 26
02011  01 02 14 16 23 24 30
02012  01 02 14 16 23 24 31
02013  01 02 14 16 23 26 30
02014  01 02 14 16 23 26 31
02015  01 02 14 16 23 30 31
02016  01 02 14 16 24 26 30
02017  01 02 14 16 24 26 31
02018  01 02 14 16 24 30 31
02019  01 02 14 16 26 30 31
02020  01 02 14 20 21 23 26
02021  01 02 14 20 21 26 30
02022  01 02 14 20 21 26 31
02023  01 02 14 20 22 23 26
02024  01 02 14 20 22 26 30
02025  01 02 14 20 22 26 31
02026  01 02 14 20 23 24 26
02027  01 02 14 20 23 26 30
02028  01 02 14 20 23 26 31
02029  01 02 14 20 24 26 30
02030  01 02 14 20 24 26 31
02031  01 02 14 20 26 30 31
02032  01 02 14 21 22 23 26
02033  01 02 14 21 22 26 30
02034  01 02 14 21 22 26 31
02035  01 02 14 21 23 24 26
02036  01 02 14 21 23 26 30
02037  01 02 14 21 23 26 31
02038  01 02 14 21 24 26 30
02039  01 02 14 21 24 26 31
02040  01 02 14 21 26 30 31
02041  01 02 14 22 23 24 26
02042  01 02 14 22 23 26 30
02043  01 02 14 22 23 26 31
02044  01 02 14 22 24 26 30
02045  01 02 14 22 24 26 31
02046  01 02 14 22 26 30 31
02047  01 02 14 23 24 26 30
02048  01 02 14 23 24 26 31
02049  01 02 14 23 26 30 31
02050  01 02 14 24 26 30 31
02051  01 02 16 20 21 23 24
02052  01 02 16 20 21 24 30
02053  01 02 16 20 21 24 31
02054  01 02 16 20 22 23 24
02055  01 02 16 20 22 24 30
02056  01 02 16 20 22 24 31
02057  01 02 16 20 23 24 26
02058  01 02 16 20 23 24 30
02059  01 02 16 20 23 24 31
02060  01 02 16 20 24 26 30
02061  01 02 16 20 24 26 31
02062  01 02 16 20 24 30 31
02063  01 02 16 21 22 23 24
02064  01 02 16 21 22 24 30
02065  01 02 16 21 22 24 31
02066  01 02 16 21 23 24 26
02067  01 02 16 21 23 24 30
02068  01 02 16 21 23 24 31
02069  01 02 16 21 24 26 30
02070  01 02 16 21 24 26 31
02071  01 02 16 21 24 30 31
02072  01 02 16 22 23 24 26
02073  01 02 16 22 23 24 30
02074  01 02 16 22 23 24 31
02075  01 02 16 22 24 26 30
02076  01 02 16 22 24 26 31
02077  01 02 16 22 24 30 31
02078  01 02 16 23 24 26 30
02079  01 02 16 23 24 26 31
02080  01 02 16 23 24 30 31
02081  01 02 16 24 26 30 31
02082  01 02 20 21 23 24 26
02083  01 02 20 21 24 26 30
02084  01 02 20 21 24 26 31
02085  01 02 20 22 23 24 26
02086  01 02 20 22 24 26 30
02087  01 02 20 22 24 26 31
02088  01 02 20 23 24 26 30
02089  01 02 20 23 24 26 31
02090  01 02 20 24 26 30 31
02091  01 02 21 22 23 24 26
02092  01 02 21 22 24 26 30
02093  01 02 21 22 24 26 31
02094  01 02 21 23 24 26 30
02095  01 02 21 23 24 26 31
02096  01 02 21 24 26 30 31
02097  01 02 22 23 24 26 30
02098  01 02 22 23 24 26 31
02099  01 02 22 24 26 30 31
02100  01 02 23 24 26 30 31
02101  01 03 04 06 10 11 12
02102  01 03 04 06 10 11 20
02103  01 03 04 06 10 11 21
02104  01 03 04 06 10 11 22
02105  01 03 04 06 10 11 23
02106  01 03 04 06 10 11 24
02107  01 03 04 06 10 11 26
02108  01 03 04 06 10 12 13
02109  01 03 04 06 10 12 14
02110  01 03 04 06 10 12 16
02111  01 03 04 06 10 12 20
02112  01 03 04 06 10 12 21
02113  01 03 04 06 10 12 22
02114  01 03 04 06 10 12 23
02115  01 03 04 06 10 12 24
02116  01 03 04 06 10 12 26
02117  01 03 04 06 10 12 30
02118  01 03 04 06 10 12 31
02119  01 03 04 06 10 13 20
02120  01 03 04 06 10 13 21
02121  01 03 04 06 10 13 22
02122  01 03 04 06 10 13 23
02123  01 03 04 06 10 13 24
02124  01 03 04 06 10 13 26
02125  01 03 04 06 10 14 20
02126  01 03 04 06 10 14 21
02127  01 03 04 06 10 14 22
02128  01 03 04 06 10 14 23
02129  01 03 04 06 10 14 24
02130  01 03 04 06 10 14 26
02131  01 03 04 06 10 16 20
02132  01 03 04 06 10 16 21
02133  01 03 04 06 10 16 22
02134  01 03 04 06 10 16 23
02135  01 03 04 06 10 16 24
02136  01 03 04 06 10 16 26
02137  01 03 04 06 10 20 21
02138  01 03 04 06 10 20 22
02139  01 03 04 06 10 20 23
02140  01 03 04 06 10 20 24
02141  01 03 04 06 10 20 26
02142  01 03 04 06 10 20 30
02143  01 03 04 06 10 20 31
02144  01 03 04 06 10 21 22
02145  01 03 04 06 10 21 23
02146  01 03 04 06 10 21 24
02147  01 03 04 06 10 21 26
02148  01 03 04 06 10 21 30
02149  01 03 04 06 10 21 31
02150  01 03 04 06 10 22 23
02151  01 03 04 06 10 22 24
02152  01 03 04 06 10 22 26
02153  01 03 04 06 10 22 30
02154  01 03 04 06 10 22 31
02155  01 03 04 06 10 23 24
02156  01 03 04 06 10 23 26
02157  01 03 04 06 10 23 30
02158  01 03 04 06 10 23 31
02159  01 03 04 06 10 24 26
02160  01 03 04 06 10 24 30
02161  01 03 04 06 10 24 31
02162  01 03 04 06 10 26 30
02163  01 03 04 06 10 26 31
02164  01 03 04 06 11 12 13
02165  01 03 04 06 11 12 14
02166  01 03 04 06 11 12 16
02167  01 03 04 06 11 12 20
02168  01 03 04 06 11 12 21
02169  01 03 04 06 11 12 22
02170  01 03 04 06 11 12 23
02171  01 03 04 06 11 12 24
02172  01 03 04 06 11 12 26
02173  01 03 04 06 11 12 30
02174  01 03 04 06 11 12 31
02175  01 03 04 06 11 13 20
02176  01 03 04 06 11 13 21
02177  01 03 04 06 11 13 22
02178  01 03 04 06 11 13 23
02179  01 03 04 06 11 13 24
02180  01 03 04 06 11 13 26
02181  01 03 04 06 11 14 20
02182  01 03 04 06 11 14 21
02183  01 03 04 06 11 14 22
02184  01 03 04 06 11 14 23
02185  01 03 04 06 11 14 24
02186  01 03 04 06 11 14 26
02187  01 03 04 06 11 16 20
02188  01 03 04 06 11 16 21
02189  01 03 04 06 11 16 22
02190  01 03 04 06 11 16 23
02191  01 03 04 06 11 16 24
02192  01 03 04 06 11 16 26
02193  01 03 04 06 11 20 21
02194  01 03 04 06 11 20 22
02195  01 03 04 06 11 20 23
02196  01 03 04 06 11 20 24
02197  01 03 04 06 11 20 26
02198  01 03 04 06 11 20 30
02199  01 03 04 06 11 20 31
02200  01 03 04 06 11 21 22
02201  01 03 04 06 11 21 23
02202  01 03 04 06 11 21 24
02203  01 03 04 06 11 21 26
02204  01 03 04 06 11 21 30
02205  01 03 04 06 11 21 31
02206  01 03 04 06 11 22 23
02207  01 03 04 06 11 22 24
02208  01 03 04 06 11 22 26
02209  01 03 04 06 11 22 30
02210  01 03 04 06 11 22 31
02211  01 03 04 06 11 23 24
02212  01 03 04 06 11 23 26
02213  01 03 04 06 11 23 30
02214  01 03 04 06 11 23 31
02215  01 03 04 06 11 24 26
02216  01 03 04 06 11 24 30
02217  01 03 04 06 11 24 31
02218  01 03 04 06 11 26 30
02219  01 03 04 06 11 26 31
02220  01 03 04 06 12 13 14
02221  01 03 04 06 12 13 16
02222  01 03 04 06 12 13 20
02223  01 03 04 06 12 13 21
02224  01 03 04 06 12 13 22
02225  01 03 04 06 12 13 23
02226  01 03 04 06 12 13 24
02227  01 03 04 06 12 13 26
02228  01 03 04 06 12 13 30
02229  01 03 04 06 12 13 31
02230  01 03 04 06 12 14 16
02231  01 03 04 06 12 14 20
02232  01 03 04 06 12 14 21
02233  01 03 04 06 12 14 22
02234  01 03 04 06 12 14 23
02235  01 03 04 06 12 14 24
02236  01 03 04 06 12 14 26
02237  01 03 04 06 12 14 30
02238  01 03 04 06 12 14 31
02239  01 03 04 06 12 16 20
02240  01 03 04 06 12 16 21
02241  01 03 04 06 12 16 22
02242  01 03 04 06 12 16 23
02243  01 03 04 06 12 16 24
02244  01 03 04 06 12 16 26
02245  01 03 04 06 12 16 30
02246  01 03 04 06 12 16 31
02247  01 03 04 06 12 20 21
02248  01 03 04 06 12 20 22
02249  01 03 04 06 12 20 23
02250  01 03 04 06 12 20 24
02251  01 03 04 06 12 20 26
02252  01 03 04 06 12 20 30
02253  01 03 04 06 12 20 31
02254  01 03 04 06 12 21 22
02255  01 03 04 06 12 21 23
02256  01 03 04 06 12 21 24
02257  01 03 04 06 12 21 26
02258  01 03 04 06 12 21 30
02259  01 03 04 06 12 21 31
02260  01 03 04 06 12 22 23
02261  01 03 04 06 12 22 24
02262  01 03 04 06 12 22 26
02263  01 03 04 06 12 22 30
02264  01 03 04 06 12 22 31
02265  01 03 04 06 12 23 24
02266  01 03 04 06 12 23 26
02267  01 03 04 06 12 23 30
02268  01 03 04 06 12 23 31
02269  01 03 04 06 12 24 26
02270  01 03 04 06 12 24 30
02271  01 03 04 06 12 24 31
02272  01 03 04 06 12 26 30
02273  01 03 04 06 12 26 31
02274  01 03 04 06 12 30 31
02275  01 03 04 06 13 14 20
02276  01 03 04 06 13 14 21
02277  01 03 04 06 13 14 22
02278  01 03 04 06 13 14 23
02279  01 03 04 06 13 14 24
02280  01 03 04 06 13 14 26
02281  01 03 04 06 13 16 20
02282  01 03 04 06 13 16 21
02283  01 03 04 06 13 16 22
02284  01 03 04 06 13 16 23
02285  01 03 04 06 13 16 24
02286  01 03 04 06 13 16 26
02287  01 03 04 06 13 20 21
02288  01 03 04 06 13 20 22
02289  01 03 04 06 13 20 23
02290  01 03 04 06 13 20 24
02291  01 03 04 06 13 20 26
02292  01 03 04 06 13 20 30
02293  01 03 04 06 13 20 31
02294  01 03 04 06 13 21 22
02295  01 03 04 06 13 21 23
02296  01 03 04 06 13 21 24
02297  01 03 04 06 13 21 26
02298  01 03 04 06 13 21 30
02299  01 03 04 06 13 21 31
02300  01 03 04 06 13 22 23
02301  01 03 04 06 13 22 24
02302  01 03 04 06 13 22 26
02303  01 03 04 06 13 22 30
02304  01 03 04 06 13 22 31
02305  01 03 04 06 13 23 24
02306  01 03 04 06 13 23 26
02307  01 03 04 06 13 23 30
02308  01 03 04 06 13 23 31
02309  01 03 04 06 13 24 26
02310  01 03 04 06 13 24 30
02311  01 03 04 06 13 24 31
02312  01 03 04 06 13 26 30
02313  01 03 04 06 13 26 31
02314  01 03 04 06 14 16 20
02315  01 03 04 06 14 16 21
02316  01 03 04 06 14 16 22
02317  01 03 04 06 14 16 23
02318  01 03 04 06 14 16 24
02319  01 03 04 06 14 16 26
02320  01 03 04 06 14 20 21
02321  01 03 04 06 14 20 22
02322  01 03 04 06 14 20 23
02323  01 03 04 06 14 20 24
02324  01 03 04 06 14 20 26
02325  01 03 04 06 14 20 30
02326  01 03 04 06 14 20 31
02327  01 03 04 06 14 21 22
02328  01 03 04 06 14 21 23
02329  01 03 04 06 14 21 24
02330  01 03 04 06 14 21 26
02331  01 03 04 06 14 21 30
02332  01 03 04 06 14 21 31
02333  01 03 04 06 14 22 23
02334  01 03 04 06 14 22 24
02335  01 03 04 06 14 22 26
02336  01 03 04 06 14 22 30
02337  01 03 04 06 14 22 31
02338  01 03 04 06 14 23 24
02339  01 03 04 06 14 23 26
02340  01 03 04 06 14 23 30
02341  01 03 04 06 14 23 31
02342  01 03 04 06 14 24 26
02343  01 03 04 06 14 24 30
02344  01 03 04 06 14 24 31
02345  01 03 04 06 14 26 30
02346  01 03 04 06 14 26 31
02347  01 03 04 06 16 20 21
02348  01 03 04 06 16 20 22
02349  01 03 04 06 16 20 23
02350  01 03 04 06 16 20 24
02351  01 03 04 06 16 20 26
02352  01 03 04 06 16 20 30
02353  01 03 04 06 16 20 31
02354  01 03 04 06 16 21 22
02355  01 03 04 06 16 21 23
02356  01 03 04 06 16 21 24
02357  01 03 04 06 16 21 26
02358  01 03 04 06 16 21 30
02359  01 03 04 06 16 21 31
02360  01 03 04 06 16 22 23
02361  01 03 04 06 16 22 24
02362  01 03 04 06 16 22 26
02363  01 03 04 06 16 22 30
02364  01 03 04 06 16 22 31
02365  01 03 04 06 16 23 24
02366  01 03 04 06 16 23 26
02367  01 03 04 06 16 23 30
02368  01 03 04 06 16 23 31
02369  01 03 04 06 16 24 26
02370  01 03 04 06 16 24 30
02371  01 03 04 06 16 24 31
02372  01 03 04 06 16 26 30
02373  01 03 04 06 16 26 31
02374  01 03 04 06 20 21 22
02375  01 03 04 06 20 21 23
02376  01 03 04 06 20 21 24
02377  01 03 04 06 20 21 26
02378  01 03 04 06 20 21 30
02379  01 03 04 06 20 21 31
02380  01 03 04 06 20 22 23
02381  01 03 04 06 20 22 24
02382  01 03 04 06 20 22 26
02383  01 03 04 06 20 22 30
02384  01 03 04 06 20 22 31
02385  01 03 04 06 20 23 24
02386  01 03 04 06 20 23 26
02387  01 03 04 06 20 23 30
02388  01 03 04 06 20 23 31
02389  01 03 04 06 20 24 26
02390  01 03 04 06 20 24 30
02391  01 03 04 06 20 24 31
02392  01 03 04 06 20 26 30
02393  01 03 04 06 20 26 31
02394  01 03 04 06 20 30 31
02395  01 03 04 06 21 22 23
02396  01 03 04 06 21 22 24
02397  01 03 04 06 21 22 26
02398  01 03 04 06 21 22 30
02399  01 03 04 06 21 22 31
02400  01 03 04 06 21 23 24
02401  01 03 04 06 21 23 26
02402  01 03 04 06 21 23 30
02403  01 03 04 06 21 23 31
02404  01 03 04 06 21 24 26
02405  01 03 04 06 21 24 30
02406  01 03 04 06 21 24 31
02407  01 03 04 06 21 26 30
02408  01 03 04 06 21 26 31
02409  01 03 04 06 21 30 31
02410  01 03 04 06 22 23 24
02411  01 03 04 06 22 23 26
02412  01 03 04 06 22 23 30
02413  01 03 04 06 22 23 31
02414  01 03 04 06 22 24 26
02415  01 03 04 06 22 24 30
02416  01 03 04 06 22 24 31
02417  01 03 04 06 22 26 30
02418  01 03 04 06 22 26 31
02419  01 03 04 06 22 30 31
02420  01 03 04 06 23 24 26
02421  01 03 04 06 23 24 30
02422  01 03 04 06 23 24 31
02423  01 03 04 06 23 26 30
02424  01 03 04 06 23 26 31
02425  01 03 04 06 23 30 31
02426  01 03 04 06 24 26 30
02427  01 03 04 06 24 26 31
02428  01 03 04 06 24 30 31
02429  01 03 04 06 26 30 31
02430  01 03 04 10 11 12 16
02431  01 03 04 10 11 12 26
02432  01 03 04 10 11 13 26
02433  01 03 04 10 11 14 26
02434  01 03 04 10 11 16 20
02435  01 03 04 10 11 16 21
02436  01 03 04 10 11 16 22
02437  01 03 04 10 11 16 23
02438  01 03 04 10 11 16 24
02439  01 03 04 10 11 16 26
02440  01 03 04 10 11 20 26
02441  01 03 04 10 11 21 26
02442  01 03 04 10 11 22 26
02443  01 03 04 10 11 23 26
02444  01 03 04 10 11 24 26
02445  01 03 04 10 11 26 30
02446  01 03 04 10 11 26 31
02447  01 03 04 10 12 13 16
02448  01 03 04 10 12 13 26
02449  01 03 04 10 12 14 16
02450  01 03 04 10 12 14 26
02451  01 03 04 10 12 16 20
02452  01 03 04 10 12 16 21
02453  01 03 04 10 12 16 22
02454  01 03 04 10 12 16 23
02455  01 03 04 10 12 16 24
02456  01 03 04 10 12 16 26
02457  01 03 04 10 12 16 30
02458  01 03 04 10 12 16 31
02459  01 03 04 10 12 20 26
02460  01 03 04 10 12 21 26
02461  01 03 04 10 12 22 26
02462  01 03 04 10 12 23 26
02463  01 03 04 10 12 24 26
02464  01 03 04 10 12 26 30
02465  01 03 04 10 12 26 31
02466  01 03 04 10 13 14 26
02467  01 03 04 10 13 16 20
02468  01 03 04 10 13 16 21
02469  01 03 04 10 13 16 22
02470  01 03 04 10 13 16 23
02471  01 03 04 10 13 16 24
02472  01 03 04 10 13 16 26
02473  01 03 04 10 13 20 26
02474  01 03 04 10 13 21 26
02475  01 03 04 10 13 22 26
02476  01 03 04 10 13 23 26
02477  01 03 04 10 13 24 26
02478  01 03 04 10 13 26 30
02479  01 03 04 10 13 26 31
02480  01 03 04 10 14 16 20
02481  01 03 04 10 14 16 21
02482  01 03 04 10 14 16 22
02483  01 03 04 10 14 16 23
02484  01 03 04 10 14 16 24
02485  01 03 04 10 14 16 26
02486  01 03 04 10 14 20 26
02487  01 03 04 10 14 21 26
02488  01 03 04 10 14 22 26
02489  01 03 04 10 14 23 26
02490  01 03 04 10 14 24 26
02491  01 03 04 10 14 26 30
02492  01 03 04 10 14 26 31
02493  01 03 04 10 16 20 21
02494  01 03 04 10 16 20 22
02495  01 03 04 10 16 20 23
02496  01 03 04 10 16 20 24
02497  01 03 04 10 16 20 26
02498  01 03 04 10 16 20 30
02499  01 03 04 10 16 20 31
02500  01 03 04 10 16 21 22
02501  01 03 04 10 16 21 23
02502  01 03 04 10 16 21 24
02503  01 03 04 10 16 21 26
02504  01 03 04 10 16 21 30
02505  01 03 04 10 16 21 31
02506  01 03 04 10 16 22 23
02507  01 03 04 10 16 22 24
02508  01 03 04 10 16 22 26
02509  01 03 04 10 16 22 30
02510  01 03 04 10 16 22 31
02511  01 03 04 10 16 23 24
02512  01 03 04 10 16 23 26
02513  01 03 04 10 16 23 30
02514  01 03 04 10 16 23 31
02515  01 03 04 10 16 24 26
02516  01 03 04 10 16 24 30
02517  01 03 04 10 16 24 31
02518  01 03 04 10 16 26 30
02519  01 03 04 10 16 26 31
02520  01 03 04 10 20 21 26
02521  01 03 04 10 20 22 26
02522  01 03 04 10 20 23 26
02523  01 03 04 10 20 24 26
02524  01 03 04 10 20 26 30
02525  01 03 04 10 20 26 31
02526  01 03 04 10 21 22 26
02527  01 03 04 10 21 23 26
02528  01 03 04 10 21 24 26
02529  01 03 04 10 21 26 30
02530  01 03 04 10 21 26 31
02531  01 03 04 10 22 23 26
02532  01 03 04 10 22 24 26
02533  01 03 04 10 22 26 30
02534  01 03 04 10 22 26 31
02535  01 03 04 10 23 24 26
02536  01 03 04 10 23 26 30
02537  01 03 04 10 23 26 31
02538  01 03 04 10 24 26 30
02539  01 03 04 10 24 26 31
02540  01 03 04 10 26 30 31
02541  01 03 04 11 12 13 16
02542  01 03 04 11 12 13 26
02543  01 03 04 11 12 14 16
02544  01 03 04 11 12 14 26
02545  01 03 04 11 12 16 20
02546  01 03 04 11 12 16 21
02547  01 03 04 11 12 16 22
02548  01 03 04 11 12 16 23
02549  01 03 04 11 12 16 24
02550  01 03 04 11 12 16 26
02551  01 03 04 11 12 16 30
02552  01 03 04 11 12 16 31
02553  01 03 04 11 12 20 26
02554  01 03 04 11 12 21 26
02555  01 03 04 11 12 22 26
02556  01 03 04 11 12 23 26
02557  01 03 04 11 12 24 26
02558  01 03 04 11 12 26 30
02559  01 03 04 11 12 26 31
02560  01 03 04 11 13 14 26
02561  01 03 04 11 13 16 20
02562  01 03 04 11 13 16 21
02563  01 03 04 11 13 16 22
02564  01 03 04 11 13 16 23
02565  01 03 04 11 13 16 24
02566  01 03 04 11 13 16 26
02567  01 03 04 11 13 20 26
02568  01 03 04 11 13 21 26
02569  01 03 04 11 13 22 26
02570  01 03 04 11 13 23 26
02571  01 03 04 11 13 24 26
02572  01 03 04 11 13 26 30
02573  01 03 04 11 13 26 31
02574  01 03 04 11 14 16 20
02575  01 03 04 11 14 16 21
02576  01 03 04 11 14 16 22
02577  01 03 04 11 14 16 23
02578  01 03 04 11 14 16 24
02579  01 03 04 11 14 16 26
02580  01 03 04 11 14 20 26
02581  01 03 04 11 14 21 26
02582  01 03 04 11 14 22 26
02583  01 03 04 11 14 23 26
02584  01 03 04 11 14 24 26
02585  01 03 04 11 14 26 30
02586  01 03 04 11 14 26 31
02587  01 03 04 11 16 20 21
02588  01 03 04 11 16 20 22
02589  01 03 04 11 16 20 23
02590  01 03 04 11 16 20 24
02591  01 03 04 11 16 20 26
02592  01 03 04 11 16 20 30
02593  01 03 04 11 16 20 31
02594  01 03 04 11 16 21 22
02595  01 03 04 11 16 21 23
02596  01 03 04 11 16 21 24
02597  01 03 04 11 16 21 26
02598  01 03 04 11 16 21 30
02599  01 03 04 11 16 21 31
02600  01 03 04 11 16 22 23
02601  01 03 04 11 16 22 24
02602  01 03 04 11 16 22 26
02603  01 03 04 11 16 22 30
02604  01 03 04 11 16 22 31
02605  01 03 04 11 16 23 24
02606  01 03 04 11 16 23 26
02607  01 03 04 11 16 23 30
02608  01 03 04 11 16 23 31
02609  01 03 04 11 16 24 26
02610  01 03 04 11 16 24 30
02611  01 03 04 11 16 24 31
02612  01 03 04 11 16 26 30
02613  01 03 04 11 16 26 31
02614  01 03 04 11 20 21 26
02615  01 03 04 11 20 22 26
02616  01 03 04 11 20 23 26
02617  01 03 04 11 20 24 26
02618  01 03 04 11 20 26 30
02619  01 03 04 11 20 26 31
02620  01 03 04 11 21 22 26
02621  01 03 04 11 21 23 26
02622  01 03 04 11 21 24 26
02623  01 03 04 11 21 26 30
02624  01 03 04 11 21 26 31
02625  01 03 04 11 22 23 26
02626  01 03 04 11 22 24 26
02627  01 03 04 11 22 26 30
02628  01 03 04 11 22 26 31
02629  01 03 04 11 23 24 26
02630  01 03 04 11 23 26 30
02631  01 03 04 11 23 26 31
02632  01 03 04 11 24 26 30
02633  01 03 04 11 24 26 31
02634  01 03 04 11 26 30 31
02635  01 03 04 12 13 14 16
02636  01 03 04 12 13 14 26
02637  01 03 04 12 13 16 20
02638  01 03 04 12 13 16 21
02639  01 03 04 12 13 16 22
02640  01 03 04 12 13 16 23
02641  01 03 04 12 13 16 24
02642  01 03 04 12 13 16 26
02643  01 03 04 12 13 16 30
02644  01 03 04 12 13 16 31
02645  01 03 04 12 13 20 26
02646  01 03 04 12 13 21 26
02647  01 03 04 12 13 22 26
02648  01 03 04 12 13 23 26
02649  01 03 04 12 13 24 26
02650  01 03 04 12 13 26 30
02651  01 03 04 12 13 26 31
02652  01 03 04 12 14 16 20
02653  01 03 04 12 14 16 21
02654  01 03 04 12 14 16 22
02655  01 03 04 12 14 16 23
02656  01 03 04 12 14 16 24
02657  01 03 04 12 14 16 26
02658  01 03 04 12 14 16 30
02659  01 03 04 12 14 16 31
02660  01 03 04 12 14 20 26
02661  01 03 04 12 14 21 26
02662  01 03 04 12 14 22 26
02663  01 03 04 12 14 23 26
02664  01 03 04 12 14 24 26
02665  01 03 04 12 14 26 30
02666  01 03 04 12 14 26 31
02667  01 03 04 12 16 20 21
02668  01 03 04 12 16 20 22
02669  01 03 04 12 16 20 23
02670  01 03 04 12 16 20 24
02671  01 03 04 12 16 20 26
02672  01 03 04 12 16 20 30
02673  01 03 04 12 16 20 31
02674  01 03 04 12 16 21 22
02675  01 03 04 12 16 21 23
02676  01 03 04 12 16 21 24
02677  01 03 04 12 16 21 26
02678  01 03 04 12 16 21 30
02679  01 03 04 12 16 21 31
02680  01 03 04 12 16 22 23
02681  01 03 04 12 16 22 24
02682  01 03 04 12 16 22 26
02683  01 03 04 12 16 22 30
02684  01 03 04 12 16 22 31
02685  01 03 04 12 16 23 24
02686  01 03 04 12 16 23 26
02687  01 03 04 12 16 23 30
02688  01 03 04 12 16 23 31
02689  01 03 04 12 16 24 26
02690  01 03 04 12 16 24 30
02691  01 03 04 12 16 24 31
02692  01 03 04 12 16 26 30
02693  01 03 04 12 16 26 31
02694  01 03 04 12 16 30 31
02695  01 03 04 12 20 21 26
02696  01 03 04 12 20 22 26
02697  01 03 04 12 20 23 26
02698  01 03 04 12 20 24 26
02699  01 03 04 12 20 26 30
02700  01 03 04 12 20 26 31
02701  01 03 04 12 21 22 26
02702  01 03 04 12 21 23 26
02703  01 03 04 12 21 24 26
02704  01 03 04 12 21 26 30
02705  01 03 04 12 21 26 31
02706  01 03 04 12 22 23 26
02707  01 03 04 12 22 24 26
02708  01 03 04 12 22 26 30
02709  01 03 04 12 22 26 31
02710  01 03 04 12 23 24 26
02711  01 03 04 12 23 26 30
02712  01 03 04 12 23 26 31
02713  01 03 04 12 24 26 30
02714  01 03 04 12 24 26 31
02715  01 03 04 12 26 30 31
02716  01 03 04 13 14 16 20
02717  01 03 04 13 14 16 21
02718  01 03 04 13 14 16 22
02719  01 03 04 13 14 16 23
02720  01 03 04 13 14 16 24
02721  01 03 04 13 14 16 26
02722  01 03 04 13 14 20 26
02723  01 03 04 13 14 21 26
02724  01 03 04 13 14 22 26
02725  01 03 04 13 14 23 26
02726  01 03 04 13 14 24 26
02727  01 03 04 13 14 26 30
02728  01 03 04 13 14 26 31
02729  01 03 04 13 16 20 21
02730  01 03 04 13 16 20 22
02731  01 03 04 13 16 20 23
02732  01 03 04 13 16 20 24
02733  01 03 04 13 16 20 26
02734  01 03 04 13 16 20 30
02735  01 03 04 13 16 20 31
02736  01 03 04 13 16 21 22
02737  01 03 04 13 16 21 23
02738  01 03 04 13 16 21 24
02739  01 03 04 13 16 21 26
02740  01 03 04 13 16 21 30
02741  01 03 04 13 16 21 31
02742  01 03 04 13 16 22 23
02743  01 03 04 13 16 22 24
02744  01 03 04 13 16 22 26
02745  01 03 04 13 16 22 30
02746  01 03 04 13 16 22 31
02747  01 03 04 13 16 23 24
02748  01 03 04 13 16 23 26
02749  01 03 04 13 16 23 30
02750  01 03 04 13 16 23 31
02751  01 03 04 13 16 24 26
02752  01 03 04 13 16 24 30
02753  01 03 04 13 16 24 31
02754  01 03 04 13 16 26 30
02755  01 03 04 13 16 26 31
02756  01 03 04 13 20 21 26
02757  01 03 04 13 20 22 26
02758  01 03 04 13 20 23 26
02759  01 03 04 13 20 24 26
02760  01 03 04 13 20 26 30
02761  01 03 04 13 20 26 31
02762  01 03 04 13 21 22 26
02763  01 03 04 13 21 23 26
02764  01 03 04 13 21 24 26
02765  01 03 04 13 21 26 30
02766  01 03 04 13 21 26 31
02767  01 03 04 13 22 23 26
02768  01 03 04 13 22 24 26
02769  01 03 04 13 22 26 30
02770  01 03 04 13 22 26 31
02771  01 03 04 13 23 24 26
02772  01 03 04 13 23 26 30
02773  01 03 04 13 23 26 31
02774  01 03 04 13 24 26 30
02775  01 03 04 13 24 26 31
02776  01 03 04 13 26 30 31
02777  01 03 04 14 16 20 21
02778  01 03 04 14 16 20 22
02779  01 03 04 14 16 20 23
02780  01 03 04 14 16 20 24
02781  01 03 04 14 16 20 26
02782  01 03 04 14 16 20 30
02783  01 03 04 14 16 20 31
02784  01 03 04 14 16 21 22
02785  01 03 04 14 16 21 23
02786  01 03 04 14 16 21 24
02787  01 03 04 14 16 21 26
02788  01 03 04 14 16 21 30
02789  01 03 04 14 16 21 31
02790  01 03 04 14 16 22 23
02791  01 03 04 14 16 22 24
02792  01 03 04 14 16 22 26
02793  01 03 04 14 16 22 30
02794  01 03 04 14 16 22 31
02795  01 03 04 14 16 23 24
02796  01 03 04 14 16 23 26
02797  01 03 04 14 16 23 30
02798  01 03 04 14 16 23 31
02799  01 03 04 14 16 24 26
02800  01 03 04 14 16 24 30
02801  01 03 04 14 16 24 31
02802  01 03 04 14 16 26 30
02803  01 03 04 14 16 26 31
02804  01 03 04 14 20 21 26
02805  01 03 04 14 20 22 26
02806  01 03 04 14 20 23 26
02807  01 03 04 14 20 24 26
02808  01 03 04 14 20 26 30
02809  01 03 04 14 20 26 31
02810  01 03 04 14 21 22 26
02811  01 03 04 14 21 23 26
02812  01 03 04 14 21 24 26
02813  01 03 04 14 21 26 30
02814  01 03 04 14 21 26 31
02815  01 03 04 14 22 23 26
02816  01 03 04 14 22 24 26
02817  01 03 04 14 22 26 30
02818  01 03 04 14 22 26 31
02819  01 03 04 14 23 24 26
02820  01 03 04 14 23 26 30
02821  01 03 04 14 23 26 31
02822  01 03 04 14 24 26 30
02823  01 03 04 14 24 26 31
02824  01 03 04 14 26 30 31
02825  01 03 04 16 20 21 22
02826  01 03 04 16 20 21 23
02827  01 03 04 16 20 21 24
02828  01 03 04 16 20 21 26
02829  01 03 04 16 20 21 30
02830  01 03 04 16 20 21 31
02831  01 03 04 16 20 22 23
02832  01 03 04 16 20 22 24
02833  01 03 04 16 20 22 26
02834  01 03 04 16 20 22 30
02835  01 03 04 16 20 22 31
02836  01 03 04 16 20 23 24
02837  01 03 04 16 20 23 26
02838  01 03 04 16 20 23 30
02839  01 03 04 16 20 23 31
02840  01 03 04 16 20 24 26
02841  01 03 04 16 20 24 30
02842  01 03 04 16 20 24 31
02843  01 03 04 16 20 26 30
02844  01 03 04 16 20 26 31
02845  01 03 04 16 20 30 31
02846  01 03 04 16 21 22 23
02847  01 03 04 16 21 22 24
02848  01 03 04 16 21 22 26
02849  01 03 04 16 21 22 30
02850  01 03 04 16 21 22 31
02851  01 03 04 16 21 23 24
02852  01 03 04 16 21 23 26
02853  01 03 04 16 21 23 30
02854  01 03 04 16 21 23 31
02855  01 03 04 16 21 24 26
02856  01 03 04 16 21 24 30
02857  01 03 04 16 21 24 31
02858  01 03 04 16 21 26 30
02859  01 03 04 16 21 26 31
02860  01 03 04 16 21 30 31
02861  01 03 04 16 22 23 24
02862  01 03 04 16 22 23 26
02863  01 03 04 16 22 23 30
02864  01 03 04 16 22 23 31
02865  01 03 04 16 22 24 26
02866  01 03 04 16 22 24 30
02867  01 03 04 16 22 24 31
02868  01 03 04 16 22 26 30
02869  01 03 04 16 22 26 31
02870  01 03 04 16 22 30 31
02871  01 03 04 16 23 24 26
02872  01 03 04 16 23 24 30
02873  01 03 04 16 23 24 31
02874  01 03 04 16 23 26 30
02875  01 03 04 16 23 26 31
02876  01 03 04 16 23 30 31
02877  01 03 04 16 24 26 30
02878  01 03 04 16 24 26 31
02879  01 03 04 16 24 30 31
02880  01 03 04 16 26 30 31
02881  01 03 04 20 21 22 26
02882  01 03 04 20 21 23 26
02883  01 03 04 20 21 24 26
02884  01 03 04 20 21 26 30
02885  01 03 04 20 21 26 31
02886  01 03 04 20 22 23 26
02887  01 03 04 20 22 24 26
02888  01 03 04 20 22 26 30
02889  01 03 04 20 22 26 31
02890  01 03 04 20 23 24 26
02891  01 03 04 20 23 26 30
02892  01 03 04 20 23 26 31
02893  01 03 04 20 24 26 30
02894  01 03 04 20 24 26 31
02895  01 03 04 20 26 30 31
02896  01 03 04 21 22 23 26
02897  01 03 04 21 22 24 26
02898  01 03 04 21 22 26 30
02899  01 03 04 21 22 26 31
02900  01 03 04 21 23 24 26
02901  01 03 04 21 23 26 30
02902  01 03 04 21 23 26 31
02903  01 03 04 21 24 26 30
02904  01 03 04 21 24 26 31
02905  01 03 04 21 26 30 31
02906  01 03 04 22 23 24 26
02907  01 03 04 22 23 26 30
02908  01 03 04 22 23 26 31
02909  01 03 04 22 24 26 30
02910  01 03 04 22 24 26 31
02911  01 03 04 22 26 30 31
02912  01 03 04 23 24 26 30
02913  01 03 04 23 24 26 31
02914  01 03 04 23 26 30 31
02915  01 03 04 24 26 30 31
02916  01 03 06 10 11 12 14
02917  01 03 06 10 11 12 24
02918  01 03 06 10 11 13 24
02919  01 03 06 10 11 14 20
02920  01 03 06 10 11 14 21
02921  01 03 06 10 11 14 22
02922  01 03 06 10 11 14 23
02923  01 03 06 10 11 14 24
02924  01 03 06 10 11 14 26
02925  01 03 06 10 11 16 24
02926  01 03 06 10 11 20 24
02927  01 03 06 10 11 21 24
02928  01 03 06 10 11 22 24
02929  01 03 06 10 11 23 24
02930  01 03 06 10 11 24 26
02931  01 03 06 10 11 24 30
02932  01 03 06 10 11 24 31
02933  01 03 06 10 12 13 14
02934  01 03 06 10 12 13 24
02935  01 03 06 10 12 14 16
02936  01 03 06 10 12 14 20
02937  01 03 06 10 12 14 21
02938  01 03 06 10 12 14 22
02939  01 03 06 10 12 14 23
02940  01 03 06 10 12 14 24
02941  01 03 06 10 12 14 26
02942  01 03 06 10 12 14 30
02943  01 03 06 10 12 14 31
02944  01 03 06 10 12 16 24
02945  01 03 06 10 12 20 24
02946  01 03 06 10 12 21 24
02947  01 03 06 10 12 22 24
02948  01 03 06 10 12 23 24
02949  01 03 06 10 12 24 26
02950  01 03 06 10 12 24 30
02951  01 03 06 10 12 24 31
02952  01 03 06 10 13 14 20
02953  01 03 06 10 13 14 21
02954  01 03 06 10 13 14 22
02955  01 03 06 10 13 14 23
02956  01 03 06 10 13 14 24
02957  01 03 06 10 13 14 26
02958  01 03 06 10 13 16 24
02959  01 03 06 10 13 20 24
02960  01 03 06 10 13 21 24
02961  01 03 06 10 13 22 24
02962  01 03 06 10 13 23 24
02963  01 03 06 10 13 24 26
02964  01 03 06 10 13 24 30
02965  01 03 06 10 13 24 31
02966  01 03 06 10 14 16 20
02967  01 03 06 10 14 16 21
02968  01 03 06 10 14 16 22
02969  01 03 06 10 14 16 23
02970  01 03 06 10 14 16 24
02971  01 03 06 10 14 16 26
02972  01 03 06 10 14 20 21
02973  01 03 06 10 14 20 22
02974  01 03 06 10 14 20 23
02975  01 03 06 10 14 20 24
02976  01 03 06 10 14 20 26
02977  01 03 06 10 14 20 30
02978  01 03 06 10 14 20 31
02979  01 03 06 10 14 21 22
02980  01 03 06 10 14 21 23
02981  01 03 06 10 14 21 24
02982  01 03 06 10 14 21 26
02983  01 03 06 10 14 21 30
02984  01 03 06 10 14 21 31
02985  01 03 06 10 14 22 23
02986  01 03 06 10 14 22 24
02987  01 03 06 10 14 22 26
02988  01 03 06 10 14 22 30
02989  01 03 06 10 14 22 31
02990  01 03 06 10 14 23 24
02991  01 03 06 10 14 23 26
02992  01 03 06 10 14 23 30
02993  01 03 06 10 14 23 31
02994  01 03 06 10 14 24 26
02995  01 03 06 10 14 24 30
02996  01 03 06 10 14 24 31
02997  01 03 06 10 14 26 30
02998  01 03 06 10 14 26 31
02999  01 03 06 10 16 20 24
03000  01 03 06 10 16 21 24
03001  01 03 06 10 16 22 24
03002  01 03 06 10 16 23 24
03003  01 03 06 10 16 24 26
03004  01 03 06 10 16 24 30
03005  01 03 06 10 16 24 31
03006  01 03 06 10 20 21 24
03007  01 03 06 10 20 22 24
03008  01 03 06 10 20 23 24
03009  01 03 06 10 20 24 26
03010  01 03 06 10 20 24 30
03011  01 03 06 10 20 24 31
03012  01 03 06 10 21 22 24
03013  01 03 06 10 21 23 24
03014  01 03 06 10 21 24 26
03015  01 03 06 10 21 24 30
03016  01 03 06 10 21 24 31
03017  01 03 06 10 22 23 24
03018  01 03 06 10 22 24 26
03019  01 03 06 10 22 24 30
03020  01 03 06 10 22 24 31
03021  01 03 06 10 23 24 26
03022  01 03 06 10 23 24 30
03023  01 03 06 10 23 24 31
03024  01 03 06 10 24 26 30
03025  01 03 06 10 24 26 31
03026  01 03 06 10 24 30 31
03027  01 03 06 11 12 13 14
03028  01 03 06 11 12 13 24
03029  01 03 06 11 12 14 16
03030  01 03 06 11 12 14 20
03031  01 03 06 11 12 14 21
03032  01 03 06 11 12 14 22
03033  01 03 06 11 12 14 23
03034  01 03 06 11 12 14 24
03035  01 03 06 11 12 14 26
03036  01 03 06 11 12 14 30
03037  01 03 06 11 12 14 31
03038  01 03 06 11 12 16 24
03039  01 03 06 11 12 20 24
03040  01 03 06 11 12 21 24
03041  01 03 06 11 12 22 24
03042  01 03 06 11 12 23 24
03043  01 03 06 11 12 24 26
03044  01 03 06 11 12 24 30
03045  01 03 06 11 12 24 31
03046  01 03 06 11 13 14 20
03047  01 03 06 11 13 14 21
03048  01 03 06 11 13 14 22
03049  01 03 06 11 13 14 23
03050  01 03 06 11 13 14 24
03051  01 03 06 11 13 14 26
03052  01 03 06 11 13 16 24
03053  01 03 06 11 13 20 24
03054  01 03 06 11 13 21 24
03055  01 03 06 11 13 22 24
03056  01 03 06 11 13 23 24
03057  01 03 06 11 13 24 26
03058  01 03 06 11 13 24 30
03059  01 03 06 11 13 24 31
03060  01 03 06 11 14 16 20
03061  01 03 06 11 14 16 21
03062  01 03 06 11 14 16 22
03063  01 03 06 11 14 16 23
03064  01 03 06 11 14 16 24
03065  01 03 06 11 14 16 26
03066  01 03 06 11 14 20 21
03067  01 03 06 11 14 20 22
03068  01 03 06 11 14 20 23
03069  01 03 06 11 14 20 24
03070  01 03 06 11 14 20 26
03071  01 03 06 11 14 20 30
03072  01 03 06 11 14 20 31
03073  01 03 06 11 14 21 22
03074  01 03 06 11 14 21 23
03075  01 03 06 11 14 21 24
03076  01 03 06 11 14 21 26
03077  01 03 06 11 14 21 30
03078  01 03 06 11 14 21 31
03079  01 03 06 11 14 22 23
03080  01 03 06 11 14 22 24
03081  01 03 06 11 14 22 26
03082  01 03 06 11 14 22 30
03083  01 03 06 11 14 22 31
03084  01 03 06 11 14 23 24
03085  01 03 06 11 14 23 26
03086  01 03 06 11 14 23 30
03087  01 03 06 11 14 23 31
03088  01 03 06 11 14 24 26
03089  01 03 06 11 14 24 30
03090  01 03 06 11 14 24 31
03091  01 03 06 11 14 26 30
03092  01 03 06 11 14 26 31
03093  01 03 06 11 16 20 24
03094  01 03 06 11 16 21 24
03095  01 03 06 11 16 22 24
03096  01 03 06 11 16 23 24
03097  01 03 06 11 16 24 26
03098  01 03 06 11 16 24 30
03099  01 03 06 11 16 24 31
03100  01 03 06 11 20 21 24
03101  01 03 06 11 20 22 24
03102  01 03 06 11 20 23 24
03103  01 03 06 11 20 24 26
03104  01 03 06 11 20 24 30
03105  01 03 06 11 20 24 31
03106  01 03 06 11 21 22 24
03107  01 03 06 11 21 23 24
03108  01 03 06 11 21 24 26
03109  01 03 06 11 21 24 30
03110  01 03 06 11 21 24 31
03111  01 03 06 11 22 23 24
03112  01 03 06 11 22 24 26
03113  01 03 06 11 22 24 30
03114  01 03 06 11 22 24 31
03115  01 03 06 11 23 24 26
03116  01 03 06 11 23 24 30
03117  01 03 06 11 23 24 31
03118  01 03 06 11 24 26 30
03119  01 03 06 11 24 26 31
03120  01 03 06 11 24 30 31
03121  01 03 06 12 13 14 16
03122  01 03 06 12 13 14 20
03123  01 03 06 12 13 14 21
03124  01 03 06 12 13 14 22
03125  01 03 06 12 13 14 23
03126  01 03 06 12 13 14 24
03127  01 03 06 12 13 14 26
03128  01 03 06 12 13 14 30
03129  01 03 06 12 13 14 31
03130  01 03 06 12 13 16 24
03131  01 03 06 12 13 20 24
03132  01 03 06 12 13 21 24
03133  01 03 06 12 13 22 24
03134  01 03 06 12 13 23 24
03135  01 03 06 12 13 24 26
03136  01 03 06 12 13 24 30
03137  01 03 06 12 13 24 31
03138  01 03 06 12 14 16 20
03139  01 03 06 12 14 16 21
03140  01 03 06 12 14 16 22
03141  01 03 06 12 14 16 23
03142  01 03 06 12 14 16 24
03143  01 03 06 12 14 16 26
03144  01 03 06 12 14 16 30
03145  01 03 06 12 14 16 31
03146  01 03 06 12 14 20 21
03147  01 03 06 12 14 20 22
03148  01 03 06 12 14 20 23
03149  01 03 06 12 14 20 24
03150  01 03 06 12 14 20 26
03151  01 03 06 12 14 20 30
03152  01 03 06 12 14 20 31
03153  01 03 06 12 14 21 22
03154  01 03 06 12 14 21 23
03155  01 03 06 12 14 21 24
03156  01 03 06 12 14 21 26
03157  01 03 06 12 14 21 30
03158  01 03 06 12 14 21 31
03159  01 03 06 12 14 22 23
03160  01 03 06 12 14 22 24
03161  01 03 06 12 14 22 26
03162  01 03 06 12 14 22 30
03163  01 03 06 12 14 22 31
03164  01 03 06 12 14 23 24
03165  01 03 06 12 14 23 26
03166  01 03 06 12 14 23 30
03167  01 03 06 12 14 23 31
03168  01 03 06 12 14 24 26
03169  01 03 06 12 14 24 30
03170  01 03 06 12 14 24 31
03171  01 03 06 12 14 26 30
03172  01 03 06 12 14 26 31
03173  01 03 06 12 14 30 31
03174  01 03 06 12 16 20 24
03175  01 03 06 12 16 21 24
03176  01 03 06 12 16 22 24
03177  01 03 06 12 16 23 24
03178  01 03 06 12 16 24 26
03179  01 03 06 12 16 24 30
03180  01 03 06 12 16 24 31
03181  01 03 06 12 20 21 24
03182  01 03 06 12 20 22 24
03183  01 03 06 12 20 23 24
03184  01 03 06 12 20 24 26
03185  01 03 06 12 20 24 30
03186  01 03 06 12 20 24 31
03187  01 03 06 12 21 22 24
03188  01 03 06 12 21 23 24
03189  01 03 06 12 21 24 26
03190  01 03 06 12 21 24 30
03191  01 03 06 12 21 24 31
03192  01 03 06 12 22 23 24
03193  01 03 06 12 22 24 26
03194  01 03 06 12 22 24 30
03195  01 03 06 12 22 24 31
03196  01 03 06 12 23 24 26
03197  01 03 06 12 23 24 30
03198  01 03 06 12 23 24 31
03199  01 03 06 12 24 26 30
03200  01 03 06 12 24 26 31
03201  01 03 06 12 24 30 31
03202  01 03 06 13 14 16 20
03203  01 03 06 13 14 16 21
03204  01 03 06 13 14 16 22
03205  01 03 06 13 14 16 23
03206  01 03 06 13 14 16 24
03207  01 03 06 13 14 16 26
03208  01 03 06 13 14 20 21
03209  01 03 06 13 14 20 22
03210  01 03 06 13 14 20 23
03211  01 03 06 13 14 20 24
03212  01 03 06 13 14 20 26
03213  01 03 06 13 14 20 30
03214  01 03 06 13 14 20 31
03215  01 03 06 13 14 21 22
03216  01 03 06 13 14 21 23
03217  01 03 06 13 14 21 24
03218  01 03 06 13 14 21 26
03219  01 03 06 13 14 21 30
03220  01 03 06 13 14 21 31
03221  01 03 06 13 14 22 23
03222  01 03 06 13 14 22 24
03223  01 03 06 13 14 22 26
03224  01 03 06 13 14 22 30
03225  01 03 06 13 14 22 31
03226  01 03 06 13 14 23 24
03227  01 03 06 13 14 23 26
03228  01 03 06 13 14 23 30
03229  01 03 06 13 14 23 31
03230  01 03 06 13 14 24 26
03231  01 03 06 13 14 24 30
03232  01 03 06 13 14 24 31
03233  01 03 06 13 14 26 30
03234  01 03 06 13 14 26 31
03235  01 03 06 13 16 20 24
03236  01 03 06 13 16 21 24
03237  01 03 06 13 16 22 24
03238  01 03 06 13 16 23 24
03239  01 03 06 13 16 24 26
03240  01 03 06 13 16 24 30
03241  01 03 06 13 16 24 31
03242  01 03 06 13 20 21 24
03243  01 03 06 13 20 22 24
03244  01 03 06 13 20 23 24
03245  01 03 06 13 20 24 26
03246  01 03 06 13 20 24 30
03247  01 03 06 13 20 24 31
03248  01 03 06 13 21 22 24
03249  01 03 06 13 21 23 24
03250  01 03 06 13 21 24 26
03251  01 03 06 13 21 24 30
03252  01 03 06 13 21 24 31
03253  01 03 06 13 22 23 24
03254  01 03 06 13 22 24 26
03255  01 03 06 13 22 24 30
03256  01 03 06 13 22 24 31
03257  01 03 06 13 23 24 26
03258  01 03 06 13 23 24 30
03259  01 03 06 13 23 24 31
03260  01 03 06 13 24 26 30
03261  01 03 06 13 24 26 31
03262  01 03 06 13 24 30 31
03263  01 03 06 14 16 20 21
03264  01 03 06 14 16 20 22
03265  01 03 06 14 16 20 23
03266  01 03 06 14 16 20 24
03267  01 03 06 14 16 20 26
03268  01 03 06 14 16 20 30
03269  01 03 06 14 16 20 31
03270  01 03 06 14 16 21 22
03271  01 03 06 14 16 21 23
03272  01 03 06 14 16 21 24
03273  01 03 06 14 16 21 26
03274  01 03 06 14 16 21 30
03275  01 03 06 14 16 21 31
03276  01 03 06 14 16 22 23
03277  01 03 06 14 16 22 24
03278  01 03 06 14 16 22 26
03279  01 03 06 14 16 22 30
03280  01 03 06 14 16 22 31
03281  01 03 06 14 16 23 24
03282  01 03 06 14 16 23 26
03283  01 03 06 14 16 23 30
03284  01 03 06 14 16 23 31
03285  01 03 06 14 16 24 26
03286  01 03 06 14 16 24 30
03287  01 03 06 14 16 24 31
03288  01 03 06 14 16 26 30
03289  01 03 06 14 16 26 31
03290  01 03 06 14 20 21 22
03291  01 03 06 14 20 21 23
03292  01 03 06 14 20 21 24
03293  01 03 06 14 20 21 26
03294  01 03 06 14 20 21 30
03295  01 03 06 14 20 21 31
03296  01 03 06 14 20 22 23
03297  01 03 06 14 20 22 24
03298  01 03 06 14 20 22 26
03299  01 03 06 14 20 22 30
03300  01 03 06 14 20 22 31
03301  01 03 06 14 20 23 24
03302  01 03 06 14 20 23 26
03303  01 03 06 14 20 23 30
03304  01 03 06 14 20 23 31
03305  01 03 06 14 20 24 26
03306  01 03 06 14 20 24 30
03307  01 03 06 14 20 24 31
03308  01 03 06 14 20 26 30
03309  01 03 06 14 20 26 31
03310  01 03 06 14 20 30 31
03311  01 03 06 14 21 22 23
03312  01 03 06 14 21 22 24
03313  01 03 06 14 21 22 26
03314  01 03 06 14 21 22 30
03315  01 03 06 14 21 22 31
03316  01 03 06 14 21 23 24
03317  01 03 06 14 21 23 26
03318  01 03 06 14 21 23 30
03319  01 03 06 14 21 23 31
03320  01 03 06 14 21 24 26
03321  01 03 06 14 21 24 30
03322  01 03 06 14 21 24 31
03323  01 03 06 14 21 26 30
03324  01 03 06 14 21 26 31
03325  01 03 06 14 21 30 31
03326  01 03 06 14 22 23 24
03327  01 03 06 14 22 23 26
03328  01 03 06 14 22 23 30
03329  01 03 06 14 22 23 31
03330  01 03 06 14 22 24 26
03331  01 03 06 14 22 24 30
03332  01 03 06 14 22 24 31
03333  01 03 06 14 22 26 30
03334  01 03 06 14 22 26 31
03335  01 03 06 14 22 30 31
03336  01 03 06 14 23 24 26
03337  01 03 06 14 23 24 30
03338  01 03 06 14 23 24 31
03339  01 03 06 14 23 26 30
03340  01 03 06 14 23 26 31
03341  01 03 06 14 23 30 31
03342  01 03 06 14 24 26 30
03343  01 03 06 14 24 26 31
03344  01 03 06 14 24 30 31
03345  01 03 06 14 26 30 31
03346  01 03 06 16 20 21 24
03347  01 03 06 16 20 22 24
03348  01 03 06 16 20 23 24
03349  01 03 06 16 20 24 26
03350  01 03 06 16 20 24 30
03351  01 03 06 16 20 24 31
03352  01 03 06 16 21 22 24
03353  01 03 06 16 21 23 24
03354  01 03 06 16 21 24 26
03355  01 03 06 16 21 24 30
03356  01 03 06 16 21 24 31
03357  01 03 06 16 22 23 24
03358  01 03 06 16 22 24 26
03359  01 03 06 16 22 24 30
03360  01 03 06 16 22 24 31
03361  01 03 06 16 23 24 26
03362  01 03 06 16 23 24 30
03363  01 03 06 16 23 24 31
03364  01 03 06 16 24 26 30
03365  01 03 06 16 24 26 31
03366  01 03 06 16 24 30 31
03367  01 03 06 20 21 22 24
03368  01 03 06 20 21 23 24
03369  01 03 06 20 21 24 26
03370  01 03 06 20 21 24 30
03371  01 03 06 20 21 24 31
03372  01 03 06 20 22 23 24
03373  01 03 06 20 22 24 26
03374  01 03 06 20 22 24 30
03375  01 03 06 20 22 24 31
03376  01 03 06 20 23 24 26
03377  01 03 06 20 23 24 30
03378  01 03 06 20 23 24 31
03379  01 03 06 20 24 26 30
03380  01 03 06 20 24 26 31
03381  01 03 06 20 24 30 31
03382  01 03 06 21 22 23 24
03383  01 03 06 21 22 24 26
03384  01 03 06 21 22 24 30
03385  01 03 06 21 22 24 31
03386  01 03 06 21 23 24 26
03387  01 03 06 21 23 24 30
03388  01 03 06 21 23 24 31
03389  01 03 06 21 24 26 30
03390  01 03 06 21 24 26 31
03391  01 03 06 21 24 30 31
03392  01 03 06 22 23 24 26
03393  01 03 06 22 23 24 30
03394  01 03 06 22 23 24 31
03395  01 03 06 22 24 26 30
03396  01 03 06 22 24 26 31
03397  01 03 06 22 24 30 31
03398  01 03 06 23 24 26 30
03399  01 03 06 23 24 26 31
03400  01 03 06 23 24 30 31
03401  01 03 06 24 26 30 31
03402  01 03 10 11 12 14 16
03403  01 03 10 11 12 14 26
03404  01 03 10 11 12 16 24
03405  01 03 10 11 12 24 26
03406  01 03 10 11 13 14 26
03407  01 03 10 11 13 16 24
03408  01 03 10 11 13 24 26
03409  01 03 10 11 14 16 20
03410  01 03 10 11 14 16 21
03411  01 03 10 11 14 16 22
03412  01 03 10 11 14 16 23
03413  01 03 10 11 14 16 24
03414  01 03 10 11 14 16 26
03415  01 03 10 11 14 20 26
03416  01 03 10 11 14 21 26
03417  01 03 10 11 14 22 26
03418  01 03 10 11 14 23 26
03419  01 03 10 11 14 24 26
03420  01 03 10 11 14 26 30
03421  01 03 10 11 14 26 31
03422  01 03 10 11 16 20 24
03423  01 03 10 11 16 21 24
03424  01 03 10 11 16 22 24
03425  01 03 10 11 16 23 24
03426  01 03 10 11 16 24 26
03427  01 03 10 11 16 24 30
03428  01 03 10 11 16 24 31
03429  01 03 10 11 20 24 26
03430  01 03 10 11 21 24 26
03431  01 03 10 11 22 24 26
03432  01 03 10 11 23 24 26
03433  01 03 10 11 24 26 30
03434  01 03 10 11 24 26 31
03435  01 03 10 12 13 14 16
03436  01 03 10 12 13 14 26
03437  01 03 10 12 13 16 24
03438  01 03 10 12 13 24 26
03439  01 03 10 12 14 16 20
03440  01 03 10 12 14 16 21
03441  01 03 10 12 14 16 22
03442  01 03 10 12 14 16 23
03443  01 03 10 12 14 16 24
03444  01 03 10 12 14 16 26
03445  01 03 10 12 14 16 30
03446  01 03 10 12 14 16 31
03447  01 03 10 12 14 20 26
03448  01 03 10 12 14 21 26
03449  01 03 10 12 14 22 26
03450  01 03 10 12 14 23 26
03451  01 03 10 12 14 24 26
03452  01 03 10 12 14 26 30
03453  01 03 10 12 14 26 31
03454  01 03 10 12 16 20 24
03455  01 03 10 12 16 21 24
03456  01 03 10 12 16 22 24
03457  01 03 10 12 16 23 24
03458  01 03 10 12 16 24 26
03459  01 03 10 12 16 24 30
03460  01 03 10 12 16 24 31
03461  01 03 10 12 20 24 26
03462  01 03 10 12 21 24 26
03463  01 03 10 12 22 24 26
03464  01 03 10 12 23 24 26
03465  01 03 10 12 24 26 30
03466  01 03 10 12 24 26 31
03467  01 03 10 13 14 16 20
03468  01 03 10 13 14 16 21
03469  01 03 10 13 14 16 22
03470  01 03 10 13 14 16 23
03471  01 03 10 13 14 16 24
03472  01 03 10 13 14 16 26
03473  01 03 10 13 14 20 26
03474  01 03 10 13 14 21 26
03475  01 03 10 13 14 22 26
03476  01 03 10 13 14 23 26
03477  01 03 10 13 14 24 26
03478  01 03 10 13 14 26 30
03479  01 03 10 13 14 26 31
03480  01 03 10 13 16 20 24
03481  01 03 10 13 16 21 24
03482  01 03 10 13 16 22 24
03483  01 03 10 13 16 23 24
03484  01 03 10 13 16 24 26
03485  01 03 10 13 16 24 30
03486  01 03 10 13 16 24 31
03487  01 03 10 13 20 24 26
03488  01 03 10 13 21 24 26
03489  01 03 10 13 22 24 26
03490  01 03 10 13 23 24 26
03491  01 03 10 13 24 26 30
03492  01 03 10 13 24 26 31
03493  01 03 10 14 16 20 21
03494  01 03 10 14 16 20 22
03495  01 03 10 14 16 20 23
03496  01 03 10 14 16 20 24
03497  01 03 10 14 16 20 26
03498  01 03 10 14 16 20 30
03499  01 03 10 14 16 20 31
03500  01 03 10 14 16 21 22
03501  01 03 10 14 16 21 23
03502  01 03 10 14 16 21 24
03503  01 03 10 14 16 21 26
03504  01 03 10 14 16 21 30
03505  01 03 10 14 16 21 31
03506  01 03 10 14 16 22 23
03507  01 03 10 14 16 22 24
03508  01 03 10 14 16 22 26
03509  01 03 10 14 16 22 30
03510  01 03 10 14 16 22 31
03511  01 03 10 14 16 23 24
03512  01 03 10 14 16 23 26
03513  01 03 10 14 16 23 30
03514  01 03 10 14 16 23 31
03515  01 03 10 14 16 24 26
03516  01 03 10 14 16 24 30
03517  01 03 10 14 16 24 31
03518  01 03 10 14 16 26 30
03519  01 03 10 14 16 26 31
03520  01 03 10 14 20 21 26
03521  01 03 10 14 20 22 26
03522  01 03 10 14 20 23 26
03523  01 03 10 14 20 24 26
03524  01 03 10 14 20 26 30
03525  01 03 10 14 20 26 31
03526  01 03 10 14 21 22 26
03527  01 03 10 14 21 23 26
03528  01 03 10 14 21 24 26
03529  01 03 10 14 21 26 30
03530  01 03 10 14 21 26 31
03531  01 03 10 14 22 23 26
03532  01 03 10 14 22 24 26
03533  01 03 10 14 22 26 30
03534  01 03 10 14 22 26 31
03535  01 03 10 14 23 24 26
03536  01 03 10 14 23 26 30
03537  01 03 10 14 23 26 31
03538  01 03 10 14 24 26 30
03539  01 03 10 14 24 26 31
03540  01 03 10 14 26 30 31
03541  01 03 10 16 20 21 24
03542  01 03 10 16 20 22 24
03543  01 03 10 16 20 23 24
03544  01 03 10 16 20 24 26
03545  01 03 10 16 20 24 30
03546  01 03 10 16 20 24 31
03547  01 03 10 16 21 22 24
03548  01 03 10 16 21 23 24
03549  01 03 10 16 21 24 26
03550  01 03 10 16 21 24 30
03551  01 03 10 16 21 24 31
03552  01 03 10 16 22 23 24
03553  01 03 10 16 22 24 26
03554  01 03 10 16 22 24 30
03555  01 03 10 16 22 24 31
03556  01 03 10 16 23 24 26
03557  01 03 10 16 23 24 30
03558  01 03 10 16 23 24 31
03559  01 03 10 16 24 26 30
03560  01 03 10 16 24 26 31
03561  01 03 10 16 24 30 31
03562  01 03 10 20 21 24 26
03563  01 03 10 20 22 24 26
03564  01 03 10 20 23 24 26
03565  01 03 10 20 24 26 30
03566  01 03 10 20 24 26 31
03567  01 03 10 21 22 24 26
03568  01 03 10 21 23 24 26
03569  01 03 10 21 24 26 30
03570  01 03 10 21 24 26 31
03571  01 03 10 22 23 24 26
03572  01 03 10 22 24 26 30
03573  01 03 10 22 24 26 31
03574  01 03 10 23 24 26 30
03575  01 03 10 23 24 26 31
03576  01 03 10 24 26 30 31
03577  01 03 11 12 13 14 16
03578  01 03 11 12 13 14 26
03579  01 03 11 12 13 16 24
03580  01 03 11 12 13 24 26
03581  01 03 11 12 14 16 20
03582  01 03 11 12 14 16 21
03583  01 03 11 12 14 16 22
03584  01 03 11 12 14 16 23
03585  01 03 11 12 14 16 24
03586  01 03 11 12 14 16 26
03587  01 03 11 12 14 16 30
03588  01 03 11 12 14 16 31
03589  01 03 11 12 14 20 26
03590  01 03 11 12 14 21 26
03591  01 03 11 12 14 22 26
03592  01 03 11 12 14 23 26
03593  01 03 11 12 14 24 26
03594  01 03 11 12 14 26 30
03595  01 03 11 12 14 26 31
03596  01 03 11 12 16 20 24
03597  01 03 11 12 16 21 24
03598  01 03 11 12 16 22 24
03599  01 03 11 12 16 23 24
03600  01 03 11 12 16 24 26
03601  01 03 11 12 16 24 30
03602  01 03 11 12 16 24 31
03603  01 03 11 12 20 24 26
03604  01 03 11 12 21 24 26
03605  01 03 11 12 22 24 26
03606  01 03 11 12 23 24 26
03607  01 03 11 12 24 26 30
03608  01 03 11 12 24 26 31
03609  01 03 11 13 14 16 20
03610  01 03 11 13 14 16 21
03611  01 03 11 13 14 16 22
03612  01 03 11 13 14 16 23
03613  01 03 11 13 14 16 24
03614  01 03 11 13 14 16 26
03615  01 03 11 13 14 20 26
03616  01 03 11 13 14 21 26
03617  01 03 11 13 14 22 26
03618  01 03 11 13 14 23 26
03619  01 03 11 13 14 24 26
03620  01 03 11 13 14 26 30
03621  01 03 11 13 14 26 31
03622  01 03 11 13 16 20 24
03623  01 03 11 13 16 21 24
03624  01 03 11 13 16 22 24
03625  01 03 11 13 16 23 24
03626  01 03 11 13 16 24 26
03627  01 03 11 13 16 24 30
03628  01 03 11 13 16 24 31
03629  01 03 11 13 20 24 26
03630  01 03 11 13 21 24 26
03631  01 03 11 13 22 24 26
03632  01 03 11 13 23 24 26
03633  01 03 11 13 24 26 30
03634  01 03 11 13 24 26 31
03635  01 03 11 14 16 20 21
03636  01 03 11 14 16 20 22
03637  01 03 11 14 16 20 23
03638  01 03 11 14 16 20 24
03639  01 03 11 14 16 20 26
03640  01 03 11 14 16 20 30
03641  01 03 11 14 16 20 31
03642  01 03 11 14 16 21 22
03643  01 03 11 14 16 21 23
03644  01 03 11 14 16 21 24
03645  01 03 11 14 16 21 26
03646  01 03 11 14 16 21 30
03647  01 03 11 14 16 21 31
03648  01 03 11 14 16 22 23
03649  01 03 11 14 16 22 24
03650  01 03 11 14 16 22 26
03651  01 03 11 14 16 22 30
03652  01 03 11 14 16 22 31
03653  01 03 11 14 16 23 24
03654  01 03 11 14 16 23 26
03655  01 03 11 14 16 23 30
03656  01 03 11 14 16 23 31
03657  01 03 11 14 16 24 26
03658  01 03 11 14 16 24 30
03659  01 03 11 14 16 24 31
03660  01 03 11 14 16 26 30
03661  01 03 11 14 16 26 31
03662  01 03 11 14 20 21 26
03663  01 03 11 14 20 22 26
03664  01 03 11 14 20 23 26
03665  01 03 11 14 20 24 26
03666  01 03 11 14 20 26 30
03667  01 03 11 14 20 26 31
03668  01 03 11 14 21 22 26
03669  01 03 11 14 21 23 26
03670  01 03 11 14 21 24 26
03671  01 03 11 14 21 26 30
03672  01 03 11 14 21 26 31
03673  01 03 11 14 22 23 26
03674  01 03 11 14 22 24 26
03675  01 03 11 14 22 26 30
03676  01 03 11 14 22 26 31
03677  01 03 11 14 23 24 26
03678  01 03 11 14 23 26 30
03679  01 03 11 14 23 26 31
03680  01 03 11 14 24 26 30
03681  01 03 11 14 24 26 31
03682  01 03 11 14 26 30 31
03683  01 03 11 16 20 21 24
03684  01 03 11 16 20 22 24
03685  01 03 11 16 20 23 24
03686  01 03 11 16 20 24 26
03687  01 03 11 16 20 24 30
03688  01 03 11 16 20 24 31
03689  01 03 11 16 21 22 24
03690  01 03 11 16 21 23 24
03691  01 03 11 16 21 24 26
03692  01 03 11 16 21 24 30
03693  01 03 11 16 21 24 31
03694  01 03 11 16 22 23 24
03695  01 03 11 16 22 24 26
03696  01 03 11 16 22 24 30
03697  01 03 11 16 22 24 31
03698  01 03 11 16 23 24 26
03699  01 03 11 16 23 24 30
03700  01 03 11 16 23 24 31
03701  01 03 11 16 24 26 30
03702  01 03 11 16 24 26 31
03703  01 03 11 16 24 30 31
03704  01 03 11 20 21 24 26
03705  01 03 11 20 22 24 26
03706  01 03 11 20 23 24 26
03707  01 03 11 20 24 26 30
03708  01 03 11 20 24 26 31
03709  01 03 11 21 22 24 26
03710  01 03 11 21 23 24 26
03711  01 03 11 21 24 26 30
03712  01 03 11 21 24 26 31
03713  01 03 11 22 23 24 26
03714  01 03 11 22 24 26 30
03715  01 03 11 22 24 26 31
03716  01 03 11 23 24 26 30
03717  01 03 11 23 24 26 31
03718  01 03 11 24 26 30 31
03719  01 03 12 13 14 16 20
03720  01 03 12 13 14 16 21
03721  01 03 12 13 14 16 22
03722  01 03 12 13 14 16 23
03723  01 03 12 13 14 16 24
03724  01 03 12 13 14 16 26
03725  01 03 12 13 14 16 30
03726  01 03 12 13 14 16 31
03727  01 03 12 13 14 20 26
03728  01 03 12 13 14 21 26
03729  01 03 12 13 14 22 26
03730  01 03 12 13 14 23 26
03731  01 03 12 13 14 24 26
03732  01 03 12 13 14 26 30
03733  01 03 12 13 14 26 31
03734  01 03 12 13 16 20 24
03735  01 03 12 13 16 21 24
03736  01 03 12 13 16 22 24
03737  01 03 12 13 16 23 24
03738  01 03 12 13 16 24 26
03739  01 03 12 13 16 24 30
03740  01 03 12 13 16 24 31
03741  01 03 12 13 20 24 26
03742  01 03 12 13 21 24 26
03743  01 03 12 13 22 24 26
03744  01 03 12 13 23 24 26
03745  01 03 12 13 24 26 30
03746  01 03 12 13 24 26 31
03747  01 03 12 14 16 20 21
03748  01 03 12 14 16 20 22
03749  01 03 12 14 16 20 23
03750  01 03 12 14 16 20 24
03751  01 03 12 14 16 20 26
03752  01 03 12 14 16 20 30
03753  01 03 12 14 16 20 31
03754  01 03 12 14 16 21 22
03755  01 03 12 14 16 21 23
03756  01 03 12 14 16 21 24
03757  01 03 12 14 16 21 26
03758  01 03 12 14 16 21 30
03759  01 03 12 14 16 21 31
03760  01 03 12 14 16 22 23
03761  01 03 12 14 16 22 24
03762  01 03 12 14 16 22 26
03763  01 03 12 14 16 22 30
03764  01 03 12 14 16 22 31
03765  01 03 12 14 16 23 24
03766  01 03 12 14 16 23 26
03767  01 03 12 14 16 23 30
03768  01 03 12 14 16 23 31
03769  01 03 12 14 16 24 26
03770  01 03 12 14 16 24 30
03771  01 03 12 14 16 24 31
03772  01 03 12 14 16 26 30
03773  01 03 12 14 16 26 31
03774  01 03 12 14 16 30 31
03775  01 03 12 14 20 21 26
03776  01 03 12 14 20 22 26
03777  01 03 12 14 20 23 26
03778  01 03 12 14 20 24 26
03779  01 03 12 14 20 26 30
03780  01 03 12 14 20 26 31
03781  01 03 12 14 21 22 26
03782  01 03 12 14 21 23 26
03783  01 03 12 14 21 24 26
03784  01 03 12 14 21 26 30
03785  01 03 12 14 21 26 31
03786  01 03 12 14 22 23 26
03787  01 03 12 14 22 24 26
03788  01 03 12 14 22 26 30
03789  01 03 12 14 22 26 31
03790  01 03 12 14 23 24 26
03791  01 03 12 14 23 26 30
03792  01 03 12 14 23 26 31
03793  01 03 12 14 24 26 30
03794  01 03 12 14 24 26 31
03795  01 03 12 14 26 30 31
03796  01 03 12 16 20 21 24
03797  01 03 12 16 20 22 24
03798  01 03 12 16 20 23 24
03799  01 03 12 16 20 24 26
03800  01 03 12 16 20 24 30
03801  01 03 12 16 20 24 31
03802  01 03 12 16 21 22 24
03803  01 03 12 16 21 23 24
03804  01 03 12 16 21 24 26
03805  01 03 12 16 21 24 30
03806  01 03 12 16 21 24 31
03807  01 03 12 16 22 23 24
03808  01 03 12 16 22 24 26
03809  01 03 12 16 22 24 30
03810  01 03 12 16 22 24 31
03811  01 03 12 16 23 24 26
03812  01 03 12 16 23 24 30
03813  01 03 12 16 23 24 31
03814  01 03 12 16 24 26 30
03815  01 03 12 16 24 26 31
03816  01 03 12 16 24 30 31
03817  01 03 12 20 21 24 26
03818  01 03 12 20 22 24 26
03819  01 03 12 20 23 24 26
03820  01 03 12 20 24 26 30
03821  01 03 12 20 24 26 31
03822  01 03 12 21 22 24 26
03823  01 03 12 21 23 24 26
03824  01 03 12 21 24 26 30
03825  01 03 12 21 24 26 31
03826  01 03 12 22 23 24 26
03827  01 03 12 22 24 26 30
03828  01 03 12 22 24 26 31
03829  01 03 12 23 24 26 30
03830  01 03 12 23 24 26 31
03831  01 03 12 24 26 30 31
03832  01 03 13 14 16 20 21
03833  01 03 13 14 16 20 22
03834  01 03 13 14 16 20 23
03835  01 03 13 14 16 20 24
03836  01 03 13 14 16 20 26
03837  01 03 13 14 16 20 30
03838  01 03 13 14 16 20 31
03839  01 03 13 14 16 21 22
03840  01 03 13 14 16 21 23
03841  01 03 13 14 16 21 24
03842  01 03 13 14 16 21 26
03843  01 03 13 14 16 21 30
03844  01 03 13 14 16 21 31
03845  01 03 13 14 16 22 23
03846  01 03 13 14 16 22 24
03847  01 03 13 14 16 22 26
03848  01 03 13 14 16 22 30
03849  01 03 13 14 16 22 31
03850  01 03 13 14 16 23 24
03851  01 03 13 14 16 23 26
03852  01 03 13 14 16 23 30
03853  01 03 13 14 16 23 31
03854  01 03 13 14 16 24 26
03855  01 03 13 14 16 24 30
03856  01 03 13 14 16 24 31
03857  01 03 13 14 16 26 30
03858  01 03 13 14 16 26 31
03859  01 03 13 14 20 21 26
03860  01 03 13 14 20 22 26
03861  01 03 13 14 20 23 26
03862  01 03 13 14 20 24 26
03863  01 03 13 14 20 26 30
03864  01 03 13 14 20 26 31
03865  01 03 13 14 21 22 26
03866  01 03 13 14 21 23 26
03867  01 03 13 14 21 24 26
03868  01 03 13 14 21 26 30
03869  01 03 13 14 21 26 31
03870  01 03 13 14 22 23 26
03871  01 03 13 14 22 24 26
03872  01 03 13 14 22 26 30
03873  01 03 13 14 22 26 31
03874  01 03 13 14 23 24 26
03875  01 03 13 14 23 26 30
03876  01 03 13 14 23 26 31
03877  01 03 13 14 24 26 30
03878  01 03 13 14 24 26 31
03879  01 03 13 14 26 30 31
03880  01 03 13 16 20 21 24
03881  01 03 13 16 20 22 24
03882  01 03 13 16 20 23 24
03883  01 03 13 16 20 24 26
03884  01 03 13 16 20 24 30
03885  01 03 13 16 20 24 31
03886  01 03 13 16 21 22 24
03887  01 03 13 16 21 23 24
03888  01 03 13 16 21 24 26
03889  01 03 13 16 21 24 30
03890  01 03 13 16 21 24 31
03891  01 03 13 16 22 23 24
03892  01 03 13 16 22 24 26
03893  01 03 13 16 22 24 30
03894  01 03 13 16 22 24 31
03895  01 03 13 16 23 24 26
03896  01 03 13 16 23 24 30
03897  01 03 13 16 23 24 31
03898  01 03 13 16 24 26 30
03899  01 03 13 16 24 26 31
03900  01 03 13 16 24 30 31
03901  01 03 13 20 21 24 26
03902  01 03 13 20 22 24 26
03903  01 03 13 20 23 24 26
03904  01 03 13 20 24 26 30
03905  01 03 13 20 24 26 31
03906  01 03 13 21 22 24 26
03907  01 03 13 21 23 24 26
03908  01 03 13 21 24 26 30
03909  01 03 13 21 24 26 31
03910  01 03 13 22 23 24 26
03911  01 03 13 22 24 26 30
03912  01 03 13 22 24 26 31
03913  01 03 13 23 24 26 30
03914  01 03 13 23 24 26 31
03915  01 03 13 24 26 30 31
03916  01 03 14 16 20 21 22
03917  01 03 14 16 20 21 23
03918  01 03 14 16 20 21 24
03919  01 03 14 16 20 21 26
03920  01 03 14 16 20 21 30
03921  01 03 14 16 20 21 31
03922  01 03 14 16 20 22 23
03923  01 03 14 16 20 22 24
03924  01 03 14 16 20 22 26
03925  01 03 14 16 20 22 30
03926  01 03 14 16 20 22 31
03927  01 03 14 16 20 23 24
03928  01 03 14 16 20 23 26
03929  01 03 14 16 20 23 30
03930  01 03 14 16 20 23 31
03931  01 03 14 16 20 24 26
03932  01 03 14 16 20 24 30
03933  01 03 14 16 20 24 31
03934  01 03 14 16 20 26 30
03935  01 03 14 16 20 26 31
03936  01 03 14 16 20 30 31
03937  01 03 14 16 21 22 23
03938  01 03 14 16 21 22 24
03939  01 03 14 16 21 22 26
03940  01 03 14 16 21 22 30
03941  01 03 14 16 21 22 31
03942  01 03 14 16 21 23 24
03943  01 03 14 16 21 23 26
03944  01 03 14 16 21 23 30
03945  01 03 14 16 21 23 31
03946  01 03 14 16 21 24 26
03947  01 03 14 16 21 24 30
03948  01 03 14 16 21 24 31
03949  01 03 14 16 21 26 30
03950  01 03 14 16 21 26 31
03951  01 03 14 16 21 30 31
03952  01 03 14 16 22 23 24
03953  01 03 14 16 22 23 26
03954  01 03 14 16 22 23 30
03955  01 03 14 16 22 23 31
03956  01 03 14 16 22 24 26
03957  01 03 14 16 22 24 30
03958  01 03 14 16 22 24 31
03959  01 03 14 16 22 26 30
03960  01 03 14 16 22 26 31
03961  01 03 14 16 22 30 31
03962  01 03 14 16 23 24 26
03963  01 03 14 16 23 24 30
03964  01 03 14 16 23 24 31
03965  01 03 14 16 23 26 30
03966  01 03 14 16 23 26 31
03967  01 03 14 16 23 30 31
03968  01 03 14 16 24 26 30
03969  01 03 14 16 24 26 31
03970  01 03 14 16 24 30 31
03971  01 03 14 16 26 30 31
03972  01 03 14 20 21 22 26
03973  01 03 14 20 21 23 26
03974  01 03 14 20 21 24 26
03975  01 03 14 20 21 26 30
03976  01 03 14 20 21 26 31
03977  01 03 14 20 22 23 26
03978  01 03 14 20 22 24 26
03979  01 03 14 20 22 26 30
03980  01 03 14 20 22 26 31
03981  01 03 14 20 23 24 26
03982  01 03 14 20 23 26 30
03983  01 03 14 20 23 26 31
03984  01 03 14 20 24 26 30
03985  01 03 14 20 24 26 31
03986  01 03 14 20 26 30 31
03987  01 03 14 21 22 23 26
03988  01 03 14 21 22 24 26
03989  01 03 14 21 22 26 30
03990  01 03 14 21 22 26 31
03991  01 03 14 21 23 24 26
03992  01 03 14 21 23 26 30
03993  01 03 14 21 23 26 31
03994  01 03 14 21 24 26 30
03995  01 03 14 21 24 26 31
03996  01 03 14 21 26 30 31
03997  01 03 14 22 23 24 26
03998  01 03 14 22 23 26 30
03999  01 03 14 22 23 26 31
04000  01 03 14 22 24 26 30
04001  01 03 14 22 24 26 31
04002  01 03 14 22 26 30 31
04003  01 03 14 23 24 26 30
04004  01 03 14 23 24 26 31
04005  01 03 14 23 26 30 31
04006  01 03 14 24 26 30 31
04007  01 03 16 20 21 22 24
04008  01 03 16 20 21 23 24
04009  01 03 16 20 21 24 26
04010  01 03 16 20 21 24 30
04011  01 03 16 20 21 24 31
04012  01 03 16 20 22 23 24
04013  01 03 16 20 22 24 26
04014  01 03 16 20 22 24 30
04015  01 03 16 20 22 24 31
04016  01 03 16 20 23 24 26
04017  01 03 16 20 23 24 30
04018  01 03 16 20 23 24 31
04019  01 03 16 20 24 26 30
04020  01 03 16 20 24 26 31
04021  01 03 16 20 24 30 31
04022  01 03 16 21 22 23 24
04023  01 03 16 21 22 24 26
04024  01 03 16 21 22 24 30
04025  01 03 16 21 22 24 31
04026  01 03 16 21 23 24 26
04027  01 03 16 21 23 24 30
04028  01 03 16 21 23 24 31
04029  01 03 16 21 24 26 30
04030  01 03 16 21 24 26 31
04031  01 03 16 21 24 30 31
04032  01 03 16 22 23 24 26
04033  01 03 16 22 23 24 30
04034  01 03 16 22 23 24 31
04035  01 03 16 22 24 26 30
04036  01 03 16 22 24 26 31
04037  01 03 16 22 24 30 31
04038  01 03 16 23 24 26 30
04039  01 03 16 23 24 26 31
04040  01 03 16 23 24 30 31
04041  01 03 16 24 26 30 31
04042  01 03 20 21 22 24 26
04043  01 03 20 21 23 24 26
04044  01 03 20 21 24 26 30
04045  01 03 20 21 24 26 31
04046  01 03 20 22 23 24 26
04047  01 03 20 22 24 26 30
04048  01 03 20 22 24 26 31
04049  01 03 20 23 24 26 30
04050  01 03 20 23 24 26 31
04051  01 03 20 24 26 30 31
04052  01 03 21 22 23 24 26
04053  01 03 21 22 24 26 30
04054  01 03 21 22 24 26 31
04055  01 03 21 23 24 26 30
04056  01 03 21 23 24 26 31
04057  01 03 21 24 26 30 31
04058  01 03 22 23 24 26 30
04059  01 03 22 23 24 26 31
04060  01 03 22 24 26 30 31
04061  01 03 23 24 26 30 31
04062  01 04 06 10 11 12 13
04063  01 04 06 10 11 12 23
04064  01 04 06 10 11 12 30
04065  01 04 06 10 11 12 31
04066  01 04 06 10 11 13 20
04067  01 04 06 10 11 13 21
04068  01 04 06 10 11 13 22
04069  01 04 06 10 11 13 23
04070  01 04 06 10 11 13 24
04071  01 04 06 10 11 13 26
04072  01 04 06 10 11 14 23
04073  01 04 06 10 11 16 23
04074  01 04 06 10 11 20 23
04075  01 04 06 10 11 20 30
04076  01 04 06 10 11 20 31
04077  01 04 06 10 11 21 23
04078  01 04 06 10 11 21 30
04079  01 04 06 10 11 21 31
04080  01 04 06 10 11 22 23
04081  01 04 06 10 11 22 30
04082  01 04 06 10 11 22 31
04083  01 04 06 10 11 23 24
04084  01 04 06 10 11 23 26
04085  01 04 06 10 11 23 30
04086  01 04 06 10 11 23 31
04087  01 04 06 10 11 24 30
04088  01 04 06 10 11 24 31
04089  01 04 06 10 11 26 30
04090  01 04 06 10 11 26 31
04091  01 04 06 10 12 13 14
04092  01 04 06 10 12 13 16
04093  01 04 06 10 12 13 20
04094  01 04 06 10 12 13 21
04095  01 04 06 10 12 13 22
04096  01 04 06 10 12 13 23
04097  01 04 06 10 12 13 24
04098  01 04 06 10 12 13 26
04099  01 04 06 10 12 13 30
04100  01 04 06 10 12 13 31
04101  01 04 06 10 12 14 23
04102  01 04 06 10 12 14 30
04103  01 04 06 10 12 14 31
04104  01 04 06 10 12 16 23
04105  01 04 06 10 12 16 30
04106  01 04 06 10 12 16 31
04107  01 04 06 10 12 20 23
04108  01 04 06 10 12 20 30
04109  01 04 06 10 12 20 31
04110  01 04 06 10 12 21 23
04111  01 04 06 10 12 21 30
04112  01 04 06 10 12 21 31
04113  01 04 06 10 12 22 23
04114  01 04 06 10 12 22 30
04115  01 04 06 10 12 22 31
04116  01 04 06 10 12 23 24
04117  01 04 06 10 12 23 26
04118  01 04 06 10 12 23 30
04119  01 04 06 10 12 23 31
04120  01 04 06 10 12 24 30
04121  01 04 06 10 12 24 31
04122  01 04 06 10 12 26 30
04123  01 04 06 10 12 26 31
04124  01 04 06 10 12 30 31
04125  01 04 06 10 13 14 20
04126  01 04 06 10 13 14 21
04127  01 04 06 10 13 14 22
04128  01 04 06 10 13 14 23
04129  01 04 06 10 13 14 24
04130  01 04 06 10 13 14 26
04131  01 04 06 10 13 16 20
04132  01 04 06 10 13 16 21
04133  01 04 06 10 13 16 22
04134  01 04 06 10 13 16 23
04135  01 04 06 10 13 16 24
04136  01 04 06 10 13 16 26
04137  01 04 06 10 13 20 21
04138  01 04 06 10 13 20 22
04139  01 04 06 10 13 20 23
04140  01 04 06 10 13 20 24
04141  01 04 06 10 13 20 26
04142  01 04 06 10 13 20 30
04143  01 04 06 10 13 20 31
04144  01 04 06 10 13 21 22
04145  01 04 06 10 13 21 23
04146  01 04 06 10 13 21 24
04147  01 04 06 10 13 21 26
04148  01 04 06 10 13 21 30
04149  01 04 06 10 13 21 31
04150  01 04 06 10 13 22 23
04151  01 04 06 10 13 22 24
04152  01 04 06 10 13 22 26
04153  01 04 06 10 13 22 30
04154  01 04 06 10 13 22 31
04155  01 04 06 10 13 23 24
04156  01 04 06 10 13 23 26
04157  01 04 06 10 13 23 30
04158  01 04 06 10 13 23 31
04159  01 04 06 10 13 24 26
04160  01 04 06 10 13 24 30
04161  01 04 06 10 13 24 31
04162  01 04 06 10 13 26 30
04163  01 04 06 10 13 26 31
04164  01 04 06 10 14 16 23
04165  01 04 06 10 14 20 23
04166  01 04 06 10 14 20 30
04167  01 04 06 10 14 20 31
04168  01 04 06 10 14 21 23
04169  01 04 06 10 14 21 30
04170  01 04 06 10 14 21 31
04171  01 04 06 10 14 22 23
04172  01 04 06 10 14 22 30
04173  01 04 06 10 14 22 31
04174  01 04 06 10 14 23 24
04175  01 04 06 10 14 23 26
04176  01 04 06 10 14 23 30
04177  01 04 06 10 14 23 31
04178  01 04 06 10 14 24 30
04179  01 04 06 10 14 24 31
04180  01 04 06 10 14 26 30
04181  01 04 06 10 14 26 31
04182  01 04 06 10 16 20 23
04183  01 04 06 10 16 20 30
04184  01 04 06 10 16 20 31
04185  01 04 06 10 16 21 23
04186  01 04 06 10 16 21 30
04187  01 04 06 10 16 21 31
04188  01 04 06 10 16 22 23
04189  01 04 06 10 16 22 30
04190  01 04 06 10 16 22 31
04191  01 04 06 10 16 23 24
04192  01 04 06 10 16 23 26
04193  01 04 06 10 16 23 30
04194  01 04 06 10 16 23 31
04195  01 04 06 10 16 24 30
04196  01 04 06 10 16 24 31
04197  01 04 06 10 16 26 30
04198  01 04 06 10 16 26 31
04199  01 04 06 10 20 21 23
04200  01 04 06 10 20 21 30
04201  01 04 06 10 20 21 31
04202  01 04 06 10 20 22 23
04203  01 04 06 10 20 22 30
04204  01 04 06 10 20 22 31
04205  01 04 06 10 20 23 24
04206  01 04 06 10 20 23 26
04207  01 04 06 10 20 23 30
04208  01 04 06 10 20 23 31
04209  01 04 06 10 20 24 30
04210  01 04 06 10 20 24 31
04211  01 04 06 10 20 26 30
04212  01 04 06 10 20 26 31
04213  01 04 06 10 20 30 31
04214  01 04 06 10 21 22 23
04215  01 04 06 10 21 22 30
04216  01 04 06 10 21 22 31
04217  01 04 06 10 21 23 24
04218  01 04 06 10 21 23 26
04219  01 04 06 10 21 23 30
04220  01 04 06 10 21 23 31
04221  01 04 06 10 21 24 30
04222  01 04 06 10 21 24 31
04223  01 04 06 10 21 26 30
04224  01 04 06 10 21 26 31
04225  01 04 06 10 21 30 31
04226  01 04 06 10 22 23 24
04227  01 04 06 10 22 23 26
04228  01 04 06 10 22 23 30
04229  01 04 06 10 22 23 31
04230  01 04 06 10 22 24 30
04231  01 04 06 10 22 24 31
04232  01 04 06 10 22 26 30
04233  01 04 06 10 22 26 31
04234  01 04 06 10 22 30 31
04235  01 04 06 10 23 24 26
04236  01 04 06 10 23 24 30
04237  01 04 06 10 23 24 31
04238  01 04 06 10 23 26 30
04239  01 04 06 10 23 26 31
04240  01 04 06 10 23 30 31
04241  01 04 06 10 24 26 30
04242  01 04 06 10 24 26 31
04243  01 04 06 10 24 30 31
04244  01 04 06 10 26 30 31
04245  01 04 06 11 12 13 14
04246  01 04 06 11 12 13 16
04247  01 04 06 11 12 13 20
04248  01 04 06 11 12 13 21
04249  01 04 06 11 12 13 22
04250  01 04 06 11 12 13 23
04251  01 04 06 11 12 13 24
04252  01 04 06 11 12 13 26
04253  01 04 06 11 12 13 30
04254  01 04 06 11 12 13 31
04255  01 04 06 11 12 14 23
04256  01 04 06 11 12 14 30
04257  01 04 06 11 12 14 31
04258  01 04 06 11 12 16 23
04259  01 04 06 11 12 16 30
04260  01 04 06 11 12 16 31
04261  01 04 06 11 12 20 23
04262  01 04 06 11 12 20 30
04263  01 04 06 11 12 20 31
04264  01 04 06 11 12 21 23
04265  01 04 06 11 12 21 30
04266  01 04 06 11 12 21 31
04267  01 04 06 11 12 22 23
04268  01 04 06 11 12 22 30
04269  01 04 06 11 12 22 31
04270  01 04 06 11 12 23 24
04271  01 04 06 11 12 23 26
04272  01 04 06 11 12 23 30
04273  01 04 06 11 12 23 31
04274  01 04 06 11 12 24 30
04275  01 04 06 11 12 24 31
04276  01 04 06 11 12 26 30
04277  01 04 06 11 12 26 31
04278  01 04 06 11 12 30 31
04279  01 04 06 11 13 14 20
04280  01 04 06 11 13 14 21
04281  01 04 06 11 13 14 22
04282  01 04 06 11 13 14 23
04283  01 04 06 11 13 14 24
04284  01 04 06 11 13 14 26
04285  01 04 06 11 13 16 20
04286  01 04 06 11 13 16 21
04287  01 04 06 11 13 16 22
04288  01 04 06 11 13 16 23
04289  01 04 06 11 13 16 24
04290  01 04 06 11 13 16 26
04291  01 04 06 11 13 20 21
04292  01 04 06 11 13 20 22
04293  01 04 06 11 13 20 23
04294  01 04 06 11 13 20 24
04295  01 04 06 11 13 20 26
04296  01 04 06 11 13 20 30
04297  01 04 06 11 13 20 31
04298  01 04 06 11 13 21 22
04299  01 04 06 11 13 21 23
04300  01 04 06 11 13 21 24
04301  01 04 06 11 13 21 26
04302  01 04 06 11 13 21 30
04303  01 04 06 11 13 21 31
04304  01 04 06 11 13 22 23
04305  01 04 06 11 13 22 24
04306  01 04 06 11 13 22 26
04307  01 04 06 11 13 22 30
04308  01 04 06 11 13 22 31
04309  01 04 06 11 13 23 24
04310  01 04 06 11 13 23 26
04311  01 04 06 11 13 23 30
04312  01 04 06 11 13 23 31
04313  01 04 06 11 13 24 26
04314  01 04 06 11 13 24 30
04315  01 04 06 11 13 24 31
04316  01 04 06 11 13 26 30
04317  01 04 06 11 13 26 31
04318  01 04 06 11 14 16 23
04319  01 04 06 11 14 20 23
04320  01 04 06 11 14 20 30
04321  01 04 06 11 14 20 31
04322  01 04 06 11 14 21 23
04323  01 04 06 11 14 21 30
04324  01 04 06 11 14 21 31
04325  01 04 06 11 14 22 23
04326  01 04 06 11 14 22 30
04327  01 04 06 11 14 22 31
04328  01 04 06 11 14 23 24
04329  01 04 06 11 14 23 26
04330  01 04 06 11 14 23 30
04331  01 04 06 11 14 23 31
04332  01 04 06 11 14 24 30
04333  01 04 06 11 14 24 31
04334  01 04 06 11 14 26 30
04335  01 04 06 11 14 26 31
04336  01 04 06 11 16 20 23
04337  01 04 06 11 16 20 30
04338  01 04 06 11 16 20 31
04339  01 04 06 11 16 21 23
04340  01 04 06 11 16 21 30
04341  01 04 06 11 16 21 31
04342  01 04 06 11 16 22 23
04343  01 04 06 11 16 22 30
04344  01 04 06 11 16 22 31
04345  01 04 06 11 16 23 24
04346  01 04 06 11 16 23 26
04347  01 04 06 11 16 23 30
04348  01 04 06 11 16 23 31
04349  01 04 06 11 16 24 30
04350  01 04 06 11 16 24 31
04351  01 04 06 11 16 26 30
04352  01 04 06 11 16 26 31
04353  01 04 06 11 20 21 23
04354  01 04 06 11 20 21 30
04355  01 04 06 11 20 21 31
04356  01 04 06 11 20 22 23
04357  01 04 06 11 20 22 30
04358  01 04 06 11 20 22 31
04359  01 04 06 11 20 23 24
04360  01 04 06 11 20 23 26
04361  01 04 06 11 20 23 30
04362  01 04 06 11 20 23 31
04363  01 04 06 11 20 24 30
04364  01 04 06 11 20 24 31
04365  01 04 06 11 20 26 30
04366  01 04 06 11 20 26 31
04367  01 04 06 11 20 30 31
04368  01 04 06 11 21 22 23
04369  01 04 06 11 21 22 30
04370  01 04 06 11 21 22 31
04371  01 04 06 11 21 23 24
04372  01 04 06 11 21 23 26
04373  01 04 06 11 21 23 30
04374  01 04 06 11 21 23 31
04375  01 04 06 11 21 24 30
04376  01 04 06 11 21 24 31
04377  01 04 06 11 21 26 30
04378  01 04 06 11 21 26 31
04379  01 04 06 11 21 30 31
04380  01 04 06 11 22 23 24
04381  01 04 06 11 22 23 26
04382  01 04 06 11 22 23 30
04383  01 04 06 11 22 23 31
04384  01 04 06 11 22 24 30
04385  01 04 06 11 22 24 31
04386  01 04 06 11 22 26 30
04387  01 04 06 11 22 26 31
04388  01 04 06 11 22 30 31
04389  01 04 06 11 23 24 26
04390  01 04 06 11 23 24 30
04391  01 04 06 11 23 24 31
04392  01 04 06 11 23 26 30
04393  01 04 06 11 23 26 31
04394  01 04 06 11 23 30 31
04395  01 04 06 11 24 26 30
04396  01 04 06 11 24 26 31
04397  01 04 06 11 24 30 31
04398  01 04 06 11 26 30 31
04399  01 04 06 12 13 14 16
04400  01 04 06 12 13 14 20
04401  01 04 06 12 13 14 21
04402  01 04 06 12 13 14 22
04403  01 04 06 12 13 14 23
04404  01 04 06 12 13 14 24
04405  01 04 06 12 13 14 26
04406  01 04 06 12 13 14 30
04407  01 04 06 12 13 14 31
04408  01 04 06 12 13 16 20
04409  01 04 06 12 13 16 21
04410  01 04 06 12 13 16 22
04411  01 04 06 12 13 16 23
04412  01 04 06 12 13 16 24
04413  01 04 06 12 13 16 26
04414  01 04 06 12 13 16 30
04415  01 04 06 12 13 16 31
04416  01 04 06 12 13 20 21
04417  01 04 06 12 13 20 22
04418  01 04 06 12 13 20 23
04419  01 04 06 12 13 20 24
04420  01 04 06 12 13 20 26
04421  01 04 06 12 13 20 30
04422  01 04 06 12 13 20 31
04423  01 04 06 12 13 21 22
04424  01 04 06 12 13 21 23
04425  01 04 06 12 13 21 24
04426  01 04 06 12 13 21 26
04427  01 04 06 12 13 21 30
04428  01 04 06 12 13 21 31
04429  01 04 06 12 13 22 23
04430  01 04 06 12 13 22 24
04431  01 04 06 12 13 22 26
04432  01 04 06 12 13 22 30
04433  01 04 06 12 13 22 31
04434  01 04 06 12 13 23 24
04435  01 04 06 12 13 23 26
04436  01 04 06 12 13 23 30
04437  01 04 06 12 13 23 31
04438  01 04 06 12 13 24 26
04439  01 04 06 12 13 24 30
04440  01 04 06 12 13 24 31
04441  01 04 06 12 13 26 30
04442  01 04 06 12 13 26 31
04443  01 04 06 12 13 30 31
04444  01 04 06 12 14 16 23
04445  01 04 06 12 14 16 30
04446  01 04 06 12 14 16 31
04447  01 04 06 12 14 20 23
04448  01 04 06 12 14 20 30
04449  01 04 06 12 14 20 31
04450  01 04 06 12 14 21 23
04451  01 04 06 12 14 21 30
04452  01 04 06 12 14 21 31
04453  01 04 06 12 14 22 23
04454  01 04 06 12 14 22 30
04455  01 04 06 12 14 22 31
04456  01 04 06 12 14 23 24
04457  01 04 06 12 14 23 26
04458  01 04 06 12 14 23 30
04459  01 04 06 12 14 23 31
04460  01 04 06 12 14 24 30
04461  01 04 06 12 14 24 31
04462  01 04 06 12 14 26 30
04463  01 04 06 12 14 26 31
04464  01 04 06 12 14 30 31
04465  01 04 06 12 16 20 23
04466  01 04 06 12 16 20 30
04467  01 04 06 12 16 20 31
04468  01 04 06 12 16 21 23
04469  01 04 06 12 16 21 30
04470  01 04 06 12 16 21 31
04471  01 04 06 12 16 22 23
04472  01 04 06 12 16 22 30
04473  01 04 06 12 16 22 31
04474  01 04 06 12 16 23 24
04475  01 04 06 12 16 23 26
04476  01 04 06 12 16 23 30
04477  01 04 06 12 16 23 31
04478  01 04 06 12 16 24 30
04479  01 04 06 12 16 24 31
04480  01 04 06 12 16 26 30
04481  01 04 06 12 16 26 31
04482  01 04 06 12 16 30 31
04483  01 04 06 12 20 21 23
04484  01 04 06 12 20 21 30
04485  01 04 06 12 20 21 31
04486  01 04 06 12 20 22 23
04487  01 04 06 12 20 22 30
04488  01 04 06 12 20 22 31
04489  01 04 06 12 20 23 24
04490  01 04 06 12 20 23 26
04491  01 04 06 12 20 23 30
04492  01 04 06 12 20 23 31
04493  01 04 06 12 20 24 30
04494  01 04 06 12 20 24 31
04495  01 04 06 12 20 26 30
04496  01 04 06 12 20 26 31
04497  01 04 06 12 20 30 31
04498  01 04 06 12 21 22 23
04499  01 04 06 12 21 22 30
04500  01 04 06 12 21 22 31
04501  01 04 06 12 21 23 24
04502  01 04 06 12 21 23 26
04503  01 04 06 12 21 23 30
04504  01 04 06 12 21 23 31
04505  01 04 06 12 21 24 30
04506  01 04 06 12 21 24 31
04507  01 04 06 12 21 26 30
04508  01 04 06 12 21 26 31
04509  01 04 06 12 21 30 31
04510  01 04 06 12 22 23 24
04511  01 04 06 12 22 23 26
04512  01 04 06 12 22 23 30
04513  01 04 06 12 22 23 31
04514  01 04 06 12 22 24 30
04515  01 04 06 12 22 24 31
04516  01 04 06 12 22 26 30
04517  01 04 06 12 22 26 31
04518  01 04 06 12 22 30 31
04519  01 04 06 12 23 24 26
04520  01 04 06 12 23 24 30
04521  01 04 06 12 23 24 31
04522  01 04 06 12 23 26 30
04523  01 04 06 12 23 26 31
04524  01 04 06 12 23 30 31
04525  01 04 06 12 24 26 30
04526  01 04 06 12 24 26 31
04527  01 04 06 12 24 30 31
04528  01 04 06 12 26 30 31
04529  01 04 06 13 14 16 20
04530  01 04 06 13 14 16 21
04531  01 04 06 13 14 16 22
04532  01 04 06 13 14 16 23
04533  01 04 06 13 14 16 24
04534  01 04 06 13 14 16 26
04535  01 04 06 13 14 20 21
04536  01 04 06 13 14 20 22
04537  01 04 06 13 14 20 23
04538  01 04 06 13 14 20 24
04539  01 04 06 13 14 20 26
04540  01 04 06 13 14 20 30
04541  01 04 06 13 14 20 31
04542  01 04 06 13 14 21 22
04543  01 04 06 13 14 21 23
04544  01 04 06 13 14 21 24
04545  01 04 06 13 14 21 26
04546  01 04 06 13 14 21 30
04547  01 04 06 13 14 21 31
04548  01 04 06 13 14 22 23
04549  01 04 06 13 14 22 24
04550  01 04 06 13 14 22 26
04551  01 04 06 13 14 22 30
04552  01 04 06 13 14 22 31
04553  01 04 06 13 14 23 24
04554  01 04 06 13 14 23 26
04555  01 04 06 13 14 23 30
04556  01 04 06 13 14 23 31
04557  01 04 06 13 14 24 26
04558  01 04 06 13 14 24 30
04559  01 04 06 13 14 24 31
04560  01 04 06 13 14 26 30
04561  01 04 06 13 14 26 31
04562  01 04 06 13 16 20 21
04563  01 04 06 13 16 20 22
04564  01 04 06 13 16 20 23
04565  01 04 06 13 16 20 24
04566  01 04 06 13 16 20 26
04567  01 04 06 13 16 20 30
04568  01 04 06 13 16 20 31
04569  01 04 06 13 16 21 22
04570  01 04 06 13 16 21 23
04571  01 04 06 13 16 21 24
04572  01 04 06 13 16 21 26
04573  01 04 06 13 16 21 30
04574  01 04 06 13 16 21 31
04575  01 04 06 13 16 22 23
04576  01 04 06 13 16 22 24
04577  01 04 06 13 16 22 26
04578  01 04 06 13 16 22 30
04579  01 04 06 13 16 22 31
04580  01 04 06 13 16 23 24
04581  01 04 06 13 16 23 26
04582  01 04 06 13 16 23 30
04583  01 04 06 13 16 23 31
04584  01 04 06 13 16 24 26
04585  01 04 06 13 16 24 30
04586  01 04 06 13 16 24 31
04587  01 04 06 13 16 26 30
04588  01 04 06 13 16 26 31
04589  01 04 06 13 20 21 22
04590  01 04 06 13 20 21 23
04591  01 04 06 13 20 21 24
04592  01 04 06 13 20 21 26
04593  01 04 06 13 20 21 30
04594  01 04 06 13 20 21 31
04595  01 04 06 13 20 22 23
04596  01 04 06 13 20 22 24
04597  01 04 06 13 20 22 26
04598  01 04 06 13 20 22 30
04599  01 04 06 13 20 22 31
04600  01 04 06 13 20 23 24
04601  01 04 06 13 20 23 26
04602  01 04 06 13 20 23 30
04603  01 04 06 13 20 23 31
04604  01 04 06 13 20 24 26
04605  01 04 06 13 20 24 30
04606  01 04 06 13 20 24 31
04607  01 04 06 13 20 26 30
04608  01 04 06 13 20 26 31
04609  01 04 06 13 20 30 31
04610  01 04 06 13 21 22 23
04611  01 04 06 13 21 22 24
04612  01 04 06 13 21 22 26
04613  01 04 06 13 21 22 30
04614  01 04 06 13 21 22 31
04615  01 04 06 13 21 23 24
04616  01 04 06 13 21 23 26
04617  01 04 06 13 21 23 30
04618  01 04 06 13 21 23 31
04619  01 04 06 13 21 24 26
04620  01 04 06 13 21 24 30
04621  01 04 06 13 21 24 31
04622  01 04 06 13 21 26 30
04623  01 04 06 13 21 26 31
04624  01 04 06 13 21 30 31
04625  01 04 06 13 22 23 24
04626  01 04 06 13 22 23 26
04627  01 04 06 13 22 23 30
04628  01 04 06 13 22 23 31
04629  01 04 06 13 22 24 26
04630  01 04 06 13 22 24 30
04631  01 04 06 13 22 24 31
04632  01 04 06 13 22 26 30
04633  01 04 06 13 22 26 31
04634  01 04 06 13 22 30 31
04635  01 04 06 13 23 24 26
04636  01 04 06 13 23 24 30
04637  01 04 06 13 23 24 31
04638  01 04 06 13 23 26 30
04639  01 04 06 13 23 26 31
04640  01 04 06 13 23 30 31
04641  01 04 06 13 24 26 30
04642  01 04 06 13 24 26 31
04643  01 04 06 13 24 30 31
04644  01 04 06 13 26 30 31
04645  01 04 06 14 16 20 23
04646  01 04 06 14 16 20 30
04647  01 04 06 14 16 20 31
04648  01 04 06 14 16 21 23
04649  01 04 06 14 16 21 30
04650  01 04 06 14 16 21 31
04651  01 04 06 14 16 22 23
04652  01 04 06 14 16 22 30
04653  01 04 06 14 16 22 31
04654  01 04 06 14 16 23 24
04655  01 04 06 14 16 23 26
04656  01 04 06 14 16 23 30
04657  01 04 06 14 16 23 31
04658  01 04 06 14 16 24 30
04659  01 04 06 14 16 24 31
04660  01 04 06 14 16 26 30
04661  01 04 06 14 16 26 31
04662  01 04 06 14 20 21 23
04663  01 04 06 14 20 21 30
04664  01 04 06 14 20 21 31
04665  01 04 06 14 20 22 23
04666  01 04 06 14 20 22 30
04667  01 04 06 14 20 22 31
04668  01 04 06 14 20 23 24
04669  01 04 06 14 20 23 26
04670  01 04 06 14 20 23 30
04671  01 04 06 14 20 23 31
04672  01 04 06 14 20 24 30
04673  01 04 06 14 20 24 31
04674  01 04 06 14 20 26 30
04675  01 04 06 14 20 26 31
04676  01 04 06 14 20 30 31
04677  01 04 06 14 21 22 23
04678  01 04 06 14 21 22 30
04679  01 04 06 14 21 22 31
04680  01 04 06 14 21 23 24
04681  01 04 06 14 21 23 26
04682  01 04 06 14 21 23 30
04683  01 04 06 14 21 23 31
04684  01 04 06 14 21 24 30
04685  01 04 06 14 21 24 31
04686  01 04 06 14 21 26 30
04687  01 04 06 14 21 26 31
04688  01 04 06 14 21 30 31
04689  01 04 06 14 22 23 24
04690  01 04 06 14 22 23 26
04691  01 04 06 14 22 23 30
04692  01 04 06 14 22 23 31
04693  01 04 06 14 22 24 30
04694  01 04 06 14 22 24 31
04695  01 04 06 14 22 26 30
04696  01 04 06 14 22 26 31
04697  01 04 06 14 22 30 31
04698  01 04 06 14 23 24 26
04699  01 04 06 14 23 24 30
04700  01 04 06 14 23 24 31
04701  01 04 06 14 23 26 30
04702  01 04 06 14 23 26 31
04703  01 04 06 14 23 30 31
04704  01 04 06 14 24 26 30
04705  01 04 06 14 24 26 31
04706  01 04 06 14 24 30 31
04707  01 04 06 14 26 30 31
04708  01 04 06 16 20 21 23
04709  01 04 06 16 20 21 30
04710  01 04 06 16 20 21 31
04711  01 04 06 16 20 22 23
04712  01 04 06 16 20 22 30
04713  01 04 06 16 20 22 31
04714  01 04 06 16 20 23 24
04715  01 04 06 16 20 23 26
04716  01 04 06 16 20 23 30
04717  01 04 06 16 20 23 31
04718  01 04 06 16 20 24 30
04719  01 04 06 16 20 24 31
04720  01 04 06 16 20 26 30
04721  01 04 06 16 20 26 31
04722  01 04 06 16 20 30 31
04723  01 04 06 16 21 22 23
04724  01 04 06 16 21 22 30
04725  01 04 06 16 21 22 31
04726  01 04 06 16 21 23 24
04727  01 04 06 16 21 23 26
04728  01 04 06 16 21 23 30
04729  01 04 06 16 21 23 31
04730  01 04 06 16 21 24 30
04731  01 04 06 16 21 24 31
04732  01 04 06 16 21 26 30
04733  01 04 06 16 21 26 31
04734  01 04 06 16 21 30 31
04735  01 04 06 16 22 23 24
04736  01 04 06 16 22 23 26
04737  01 04 06 16 22 23 30
04738  01 04 06 16 22 23 31
04739  01 04 06 16 22 24 30
04740  01 04 06 16 22 24 31
04741  01 04 06 16 22 26 30
04742  01 04 06 16 22 26 31
04743  01 04 06 16 22 30 31
04744  01 04 06 16 23 24 26
04745  01 04 06 16 23 24 30
04746  01 04 06 16 23 24 31
04747  01 04 06 16 23 26 30
04748  01 04 06 16 23 26 31
04749  01 04 06 16 23 30 31
04750  01 04 06 16 24 26 30
04751  01 04 06 16 24 26 31
04752  01 04 06 16 24 30 31
04753  01 04 06 16 26 30 31
04754  01 04 06 20 21 22 23
04755  01 04 06 20 21 22 30
04756  01 04 06 20 21 22 31
04757  01 04 06 20 21 23 24
04758  01 04 06 20 21 23 26
04759  01 04 06 20 21 23 30
04760  01 04 06 20 21 23 31
04761  01 04 06 20 21 24 30
04762  01 04 06 20 21 24 31
04763  01 04 06 20 21 26 30
04764  01 04 06 20 21 26 31
04765  01 04 06 20 21 30 31
04766  01 04 06 20 22 23 24
04767  01 04 06 20 22 23 26
04768  01 04 06 20 22 23 30
04769  01 04 06 20 22 23 31
04770  01 04 06 20 22 24 30
04771  01 04 06 20 22 24 31
04772  01 04 06 20 22 26 30
04773  01 04 06 20 22 26 31
04774  01 04 06 20 22 30 31
04775  01 04 06 20 23 24 26
04776  01 04 06 20 23 24 30
04777  01 04 06 20 23 24 31
04778  01 04 06 20 23 26 30
04779  01 04 06 20 23 26 31
04780  01 04 06 20 23 30 31
04781  01 04 06 20 24 26 30
04782  01 04 06 20 24 26 31
04783  01 04 06 20 24 30 31
04784  01 04 06 20 26 30 31
04785  01 04 06 21 22 23 24
04786  01 04 06 21 22 23 26
04787  01 04 06 21 22 23 30
04788  01 04 06 21 22 23 31
04789  01 04 06 21 22 24 30
04790  01 04 06 21 22 24 31
04791  01 04 06 21 22 26 30
04792  01 04 06 21 22 26 31
04793  01 04 06 21 22 30 31
04794  01 04 06 21 23 24 26
04795  01 04 06 21 23 24 30
04796  01 04 06 21 23 24 31
04797  01 04 06 21 23 26 30
04798  01 04 06 21 23 26 31
04799  01 04 06 21 23 30 31
04800  01 04 06 21 24 26 30
04801  01 04 06 21 24 26 31
04802  01 04 06 21 24 30 31
04803  01 04 06 21 26 30 31
04804  01 04 06 22 23 24 26
04805  01 04 06 22 23 24 30
04806  01 04 06 22 23 24 31
04807  01 04 06 22 23 26 30
04808  01 04 06 22 23 26 31
04809  01 04 06 22 23 30 31
04810  01 04 06 22 24 26 30
04811  01 04 06 22 24 26 31
04812  01 04 06 22 24 30 31
04813  01 04 06 22 26 30 31
04814  01 04 06 23 24 26 30
04815  01 04 06 23 24 26 31
04816  01 04 06 23 24 30 31
04817  01 04 06 23 26 30 31
04818  01 04 06 24 26 30 31
04819  01 04 10 11 12 13 16
04820  01 04 10 11 12 13 26
04821  01 04 10 11 12 16 23
04822  01 04 10 11 12 16 30
04823  01 04 10 11 12 16 31
04824  01 04 10 11 12 23 26
04825  01 04 10 11 12 26 30
04826  01 04 10 11 12 26 31
04827  01 04 10 11 13 14 26
04828  01 04 10 11 13 16 20
04829  01 04 10 11 13 16 21
04830  01 04 10 11 13 16 22
04831  01 04 10 11 13 16 23
04832  01 04 10 11 13 16 24
04833  01 04 10 11 13 16 26
04834  01 04 10 11 13 20 26
04835  01 04 10 11 13 21 26
04836  01 04 10 11 13 22 26
04837  01 04 10 11 13 23 26
04838  01 04 10 11 13 24 26
04839  01 04 10 11 13 26 30
04840  01 04 10 11 13 26 31
04841  01 04 10 11 14 16 23
04842  01 04 10 11 14 23 26
04843  01 04 10 11 14 26 30
04844  01 04 10 11 14 26 31
04845  01 04 10 11 16 20 23
04846  01 04 10 11 16 20 30
04847  01 04 10 11 16 20 31
04848  01 04 10 11 16 21 23
04849  01 04 10 11 16 21 30
04850  01 04 10 11 16 21 31
04851  01 04 10 11 16 22 23
04852  01 04 10 11 16 22 30
04853  01 04 10 11 16 22 31
04854  01 04 10 11 16 23 24
04855  01 04 10 11 16 23 26
04856  01 04 10 11 16 23 30
04857  01 04 10 11 16 23 31
04858  01 04 10 11 16 24 30
04859  01 04 10 11 16 24 31
04860  01 04 10 11 16 26 30
04861  01 04 10 11 16 26 31
04862  01 04 10 11 20 23 26
04863  01 04 10 11 20 26 30
04864  01 04 10 11 20 26 31
04865  01 04 10 11 21 23 26
04866  01 04 10 11 21 26 30
04867  01 04 10 11 21 26 31
04868  01 04 10 11 22 23 26
04869  01 04 10 11 22 26 30
04870  01 04 10 11 22 26 31
04871  01 04 10 11 23 24 26
04872  01 04 10 11 23 26 30
04873  01 04 10 11 23 26 31
04874  01 04 10 11 24 26 30
04875  01 04 10 11 24 26 31
04876  01 04 10 11 26 30 31
04877  01 04 10 12 13 14 16
04878  01 04 10 12 13 14 26
04879  01 04 10 12 13 16 20
04880  01 04 10 12 13 16 21
04881  01 04 10 12 13 16 22
04882  01 04 10 12 13 16 23
04883  01 04 10 12 13 16 24
04884  01 04 10 12 13 16 26
04885  01 04 10 12 13 16 30
04886  01 04 10 12 13 16 31
04887  01 04 10 12 13 20 26
04888  01 04 10 12 13 21 26
04889  01 04 10 12 13 22 26
04890  01 04 10 12 13 23 26
04891  01 04 10 12 13 24 26
04892  01 04 10 12 13 26 30
04893  01 04 10 12 13 26 31
04894  01 04 10 12 14 16 23
04895  01 04 10 12 14 16 30
04896  01 04 10 12 14 16 31
04897  01 04 10 12 14 23 26
04898  01 04 10 12 14 26 30
04899  01 04 10 12 14 26 31
04900  01 04 10 12 16 20 23
04901  01 04 10 12 16 20 30
04902  01 04 10 12 16 20 31
04903  01 04 10 12 16 21 23
04904  01 04 10 12 16 21 30
04905  01 04 10 12 16 21 31
04906  01 04 10 12 16 22 23
04907  01 04 10 12 16 22 30
04908  01 04 10 12 16 22 31
04909  01 04 10 12 16 23 24
04910  01 04 10 12 16 23 26
04911  01 04 10 12 16 23 30
04912  01 04 10 12 16 23 31
04913  01 04 10 12 16 24 30
04914  01 04 10 12 16 24 31
04915  01 04 10 12 16 26 30
04916  01 04 10 12 16 26 31
04917  01 04 10 12 16 30 31
04918  01 04 10 12 20 23 26
04919  01 04 10 12 20 26 30
04920  01 04 10 12 20 26 31
04921  01 04 10 12 21 23 26
04922  01 04 10 12 21 26 30
04923  01 04 10 12 21 26 31
04924  01 04 10 12 22 23 26
04925  01 04 10 12 22 26 30
04926  01 04 10 12 22 26 31
04927  01 04 10 12 23 24 26
04928  01 04 10 12 23 26 30
04929  01 04 10 12 23 26 31
04930  01 04 10 12 24 26 30
04931  01 04 10 12 24 26 31
04932  01 04 10 12 26 30 31
04933  01 04 10 13 14 16 20
04934  01 04 10 13 14 16 21
04935  01 04 10 13 14 16 22
04936  01 04 10 13 14 16 23
04937  01 04 10 13 14 16 24
04938  01 04 10 13 14 16 26
04939  01 04 10 13 14 20 26
04940  01 04 10 13 14 21 26
04941  01 04 10 13 14 22 26
04942  01 04 10 13 14 23 26
04943  01 04 10 13 14 24 26
04944  01 04 10 13 14 26 30
04945  01 04 10 13 14 26 31
04946  01 04 10 13 16 20 21
04947  01 04 10 13 16 20 22
04948  01 04 10 13 16 20 23
04949  01 04 10 13 16 20 24
04950  01 04 10 13 16 20 26
04951  01 04 10 13 16 20 30
04952  01 04 10 13 16 20 31
04953  01 04 10 13 16 21 22
04954  01 04 10 13 16 21 23
04955  01 04 10 13 16 21 24
04956  01 04 10 13 16 21 26
04957  01 04 10 13 16 21 30
04958  01 04 10 13 16 21 31
04959  01 04 10 13 16 22 23
04960  01 04 10 13 16 22 24
04961  01 04 10 13 16 22 26
04962  01 04 10 13 16 22 30
04963  01 04 10 13 16 22 31
04964  01 04 10 13 16 23 24
04965  01 04 10 13 16 23 26
04966  01 04 10 13 16 23 30
04967  01 04 10 13 16 23 31
04968  01 04 10 13 16 24 26
04969  01 04 10 13 16 24 30
04970  01 04 10 13 16 24 31
04971  01 04 10 13 16 26 30
04972  01 04 10 13 16 26 31
04973  01 04 10 13 20 21 26
04974  01 04 10 13 20 22 26
04975  01 04 10 13 20 23 26
04976  01 04 10 13 20 24 26
04977  01 04 10 13 20 26 30
04978  01 04 10 13 20 26 31
04979  01 04 10 13 21 22 26
04980  01 04 10 13 21 23 26
04981  01 04 10 13 21 24 26
04982  01 04 10 13 21 26 30
04983  01 04 10 13 21 26 31
04984  01 04 10 13 22 23 26
04985  01 04 10 13 22 24 26
04986  01 04 10 13 22 26 30
04987  01 04 10 13 22 26 31
04988  01 04 10 13 23 24 26
04989  01 04 10 13 23 26 30
04990  01 04 10 13 23 26 31
04991  01 04 10 13 24 26 30
04992  01 04 10 13 24 26 31
04993  01 04 10 13 26 30 31
04994  01 04 10 14 16 20 23
04995  01 04 10 14 16 20 30
04996  01 04 10 14 16 20 31
04997  01 04 10 14 16 21 23
04998  01 04 10 14 16 21 30
04999  01 04 10 14 16 21 31
05000  01 04 10 14 16 22 23
05001  01 04 10 14 16 22 30
05002  01 04 10 14 16 22 31
05003  01 04 10 14 16 23 24
05004  01 04 10 14 16 23 26
05005  01 04 10 14 16 23 30
05006  01 04 10 14 16 23 31
05007  01 04 10 14 16 24 30
05008  01 04 10 14 16 24 31
05009  01 04 10 14 16 26 30
05010  01 04 10 14 16 26 31
05011  01 04 10 14 20 23 26
05012  01 04 10 14 20 26 30
05013  01 04 10 14 20 26 31
05014  01 04 10 14 21 23 26
05015  01 04 10 14 21 26 30
05016  01 04 10 14 21 26 31
05017  01 04 10 14 22 23 26
05018  01 04 10 14 22 26 30
05019  01 04 10 14 22 26 31
05020  01 04 10 14 23 24 26
05021  01 04 10 14 23 26 30
05022  01 04 10 14 23 26 31
05023  01 04 10 14 24 26 30
05024  01 04 10 14 24 26 31
05025  01 04 10 14 26 30 31
05026  01 04 10 16 20 21 23
05027  01 04 10 16 20 21 30
05028  01 04 10 16 20 21 31
05029  01 04 10 16 20 22 23
05030  01 04 10 16 20 22 30
05031  01 04 10 16 20 22 31
05032  01 04 10 16 20 23 24
05033  01 04 10 16 20 23 26
05034  01 04 10 16 20 23 30
05035  01 04 10 16 20 23 31
05036  01 04 10 16 20 24 30
05037  01 04 10 16 20 24 31
05038  01 04 10 16 20 26 30
05039  01 04 10 16 20 26 31
05040  01 04 10 16 20 30 31
05041  01 04 10 16 21 22 23
05042  01 04 10 16 21 22 30
05043  01 04 10 16 21 22 31
05044  01 04 10 16 21 23 24
05045  01 04 10 16 21 23 26
05046  01 04 10 16 21 23 30
05047  01 04 10 16 21 23 31
05048  01 04 10 16 21 24 30
05049  01 04 10 16 21 24 31
05050  01 04 10 16 21 26 30
05051  01 04 10 16 21 26 31
05052  01 04 10 16 21 30 31
05053  01 04 10 16 22 23 24
05054  01 04 10 16 22 23 26
05055  01 04 10 16 22 23 30
05056  01 04 10 16 22 23 31
05057  01 04 10 16 22 24 30
05058  01 04 10 16 22 24 31
05059  01 04 10 16 22 26 30
05060  01 04 10 16 22 26 31
05061  01 04 10 16 22 30 31
05062  01 04 10 16 23 24 26
05063  01 04 10 16 23 24 30
05064  01 04 10 16 23 24 31
05065  01 04 10 16 23 26 30
05066  01 04 10 16 23 26 31
05067  01 04 10 16 23 30 31
05068  01 04 10 16 24 26 30
05069  01 04 10 16 24 26 31
05070  01 04 10 16 24 30 31
05071  01 04 10 16 26 30 31
05072  01 04 10 20 21 23 26
05073  01 04 10 20 21 26 30
05074  01 04 10 20 21 26 31
05075  01 04 10 20 22 23 26
05076  01 04 10 20 22 26 30
05077  01 04 10 20 22 26 31
05078  01 04 10 20 23 24 26
05079  01 04 10 20 23 26 30
05080  01 04 10 20 23 26 31
05081  01 04 10 20 24 26 30
05082  01 04 10 20 24 26 31
05083  01 04 10 20 26 30 31
05084  01 04 10 21 22 23 26
05085  01 04 10 21 22 26 30
05086  01 04 10 21 22 26 31
05087  01 04 10 21 23 24 26
05088  01 04 10 21 23 26 30
05089  01 04 10 21 23 26 31
05090  01 04 10 21 24 26 30
05091  01 04 10 21 24 26 31
05092  01 04 10 21 26 30 31
05093  01 04 10 22 23 24 26
05094  01 04 10 22 23 26 30
05095  01 04 10 22 23 26 31
05096  01 04 10 22 24 26 30
05097  01 04 10 22 24 26 31
05098  01 04 10 22 26 30 31
05099  01 04 10 23 24 26 30
05100  01 04 10 23 24 26 31
05101  01 04 10 23 26 30 31
05102  01 04 10 24 26 30 31
05103  01 04 11 12 13 14 16
05104  01 04 11 12 13 14 26
05105  01 04 11 12 13 16 20
05106  01 04 11 12 13 16 21
05107  01 04 11 12 13 16 22
05108  01 04 11 12 13 16 23
05109  01 04 11 12 13 16 24
05110  01 04 11 12 13 16 26
05111  01 04 11 12 13 16 30
05112  01 04 11 12 13 16 31
05113  01 04 11 12 13 20 26
05114  01 04 11 12 13 21 26
05115  01 04 11 12 13 22 26
05116  01 04 11 12 13 23 26
05117  01 04 11 12 13 24 26
05118  01 04 11 12 13 26 30
05119  01 04 11 12 13 26 31
05120  01 04 11 12 14 16 23
05121  01 04 11 12 14 16 30
05122  01 04 11 12 14 16 31
05123  01 04 11 12 14 23 26
05124  01 04 11 12 14 26 30
05125  01 04 11 12 14 26 31
05126  01 04 11 12 16 20 23
05127  01 04 11 12 16 20 30
05128  01 04 11 12 16 20 31
05129  01 04 11 12 16 21 23
05130  01 04 11 12 16 21 30
05131  01 04 11 12 16 21 31
05132  01 04 11 12 16 22 23
05133  01 04 11 12 16 22 30
05134  01 04 11 12 16 22 31
05135  01 04 11 12 16 23 24
05136  01 04 11 12 16 23 26
05137  01 04 11 12 16 23 30
05138  01 04 11 12 16 23 31
05139  01 04 11 12 16 24 30
05140  01 04 11 12 16 24 31
05141  01 04 11 12 16 26 30
05142  01 04 11 12 16 26 31
05143  01 04 11 12 16 30 31
05144  01 04 11 12 20 23 26
05145  01 04 11 12 20 26 30
05146  01 04 11 12 20 26 31
05147  01 04 11 12 21 23 26
05148  01 04 11 12 21 26 30
05149  01 04 11 12 21 26 31
05150  01 04 11 12 22 23 26
05151  01 04 11 12 22 26 30
05152  01 04 11 12 22 26 31
05153  01 04 11 12 23 24 26
05154  01 04 11 12 23 26 30
05155  01 04 11 12 23 26 31
05156  01 04 11 12 24 26 30
05157  01 04 11 12 24 26 31
05158  01 04 11 12 26 30 31
05159  01 04 11 13 14 16 20
05160  01 04 11 13 14 16 21
05161  01 04 11 13 14 16 22
05162  01 04 11 13 14 16 23
05163  01 04 11 13 14 16 24
05164  01 04 11 13 14 16 26
05165  01 04 11 13 14 20 26
05166  01 04 11 13 14 21 26
05167  01 04 11 13 14 22 26
05168  01 04 11 13 14 23 26
05169  01 04 11 13 14 24 26
05170  01 04 11 13 14 26 30
05171  01 04 11 13 14 26 31
05172  01 04 11 13 16 20 21
05173  01 04 11 13 16 20 22
05174  01 04 11 13 16 20 23
05175  01 04 11 13 16 20 24
05176  01 04 11 13 16 20 26
05177  01 04 11 13 16 20 30
05178  01 04 11 13 16 20 31
05179  01 04 11 13 16 21 22
05180  01 04 11 13 16 21 23
05181  01 04 11 13 16 21 24
05182  01 04 11 13 16 21 26
05183  01 04 11 13 16 21 30
05184  01 04 11 13 16 21 31
05185  01 04 11 13 16 22 23
05186  01 04 11 13 16 22 24
05187  01 04 11 13 16 22 26
05188  01 04 11 13 16 22 30
05189  01 04 11 13 16 22 31
05190  01 04 11 13 16 23 24
05191  01 04 11 13 16 23 26
05192  01 04 11 13 16 23 30
05193  01 04 11 13 16 23 31
05194  01 04 11 13 16 24 26
05195  01 04 11 13 16 24 30
05196  01 04 11 13 16 24 31
05197  01 04 11 13 16 26 30
05198  01 04 11 13 16 26 31
05199  01 04 11 13 20 21 26
05200  01 04 11 13 20 22 26
05201  01 04 11 13 20 23 26
05202  01 04 11 13 20 24 26
05203  01 04 11 13 20 26 30
05204  01 04 11 13 20 26 31
05205  01 04 11 13 21 22 26
05206  01 04 11 13 21 23 26
05207  01 04 11 13 21 24 26
05208  01 04 11 13 21 26 30
05209  01 04 11 13 21 26 31
05210  01 04 11 13 22 23 26
05211  01 04 11 13 22 24 26
05212  01 04 11 13 22 26 30
05213  01 04 11 13 22 26 31
05214  01 04 11 13 23 24 26
05215  01 04 11 13 23 26 30
05216  01 04 11 13 23 26 31
05217  01 04 11 13 24 26 30
05218  01 04 11 13 24 26 31
05219  01 04 11 13 26 30 31
05220  01 04 11 14 16 20 23
05221  01 04 11 14 16 20 30
05222  01 04 11 14 16 20 31
05223  01 04 11 14 16 21 23
05224  01 04 11 14 16 21 30
05225  01 04 11 14 16 21 31
05226  01 04 11 14 16 22 23
05227  01 04 11 14 16 22 30
05228  01 04 11 14 16 22 31
05229  01 04 11 14 16 23 24
05230  01 04 11 14 16 23 26
05231  01 04 11 14 16 23 30
05232  01 04 11 14 16 23 31
05233  01 04 11 14 16 24 30
05234  01 04 11 14 16 24 31
05235  01 04 11 14 16 26 30
05236  01 04 11 14 16 26 31
05237  01 04 11 14 20 23 26
05238  01 04 11 14 20 26 30
05239  01 04 11 14 20 26 31
05240  01 04 11 14 21 23 26
05241  01 04 11 14 21 26 30
05242  01 04 11 14 21 26 31
05243  01 04 11 14 22 23 26
05244  01 04 11 14 22 26 30
05245  01 04 11 14 22 26 31
05246  01 04 11 14 23 24 26
05247  01 04 11 14 23 26 30
05248  01 04 11 14 23 26 31
05249  01 04 11 14 24 26 30
05250  01 04 11 14 24 26 31
05251  01 04 11 14 26 30 31
05252  01 04 11 16 20 21 23
05253  01 04 11 16 20 21 30
05254  01 04 11 16 20 21 31
05255  01 04 11 16 20 22 23
05256  01 04 11 16 20 22 30
05257  01 04 11 16 20 22 31
05258  01 04 11 16 20 23 24
05259  01 04 11 16 20 23 26
05260  01 04 11 16 20 23 30
05261  01 04 11 16 20 23 31
05262  01 04 11 16 20 24 30
05263  01 04 11 16 20 24 31
05264  01 04 11 16 20 26 30
05265  01 04 11 16 20 26 31
05266  01 04 11 16 20 30 31
05267  01 04 11 16 21 22 23
05268  01 04 11 16 21 22 30
05269  01 04 11 16 21 22 31
05270  01 04 11 16 21 23 24
05271  01 04 11 16 21 23 26
05272  01 04 11 16 21 23 30
05273  01 04 11 16 21 23 31
05274  01 04 11 16 21 24 30
05275  01 04 11 16 21 24 31
05276  01 04 11 16 21 26 30
05277  01 04 11 16 21 26 31
05278  01 04 11 16 21 30 31
05279  01 04 11 16 22 23 24
05280  01 04 11 16 22 23 26
05281  01 04 11 16 22 23 30
05282  01 04 11 16 22 23 31
05283  01 04 11 16 22 24 30
05284  01 04 11 16 22 24 31
05285  01 04 11 16 22 26 30
05286  01 04 11 16 22 26 31
05287  01 04 11 16 22 30 31
05288  01 04 11 16 23 24 26
05289  01 04 11 16 23 24 30
05290  01 04 11 16 23 24 31
05291  01 04 11 16 23 26 30
05292  01 04 11 16 23 26 31
05293  01 04 11 16 23 30 31
05294  01 04 11 16 24 26 30
05295  01 04 11 16 24 26 31
05296  01 04 11 16 24 30 31
05297  01 04 11 16 26 30 31
05298  01 04 11 20 21 23 26
05299  01 04 11 20 21 26 30
05300  01 04 11 20 21 26 31
05301  01 04 11 20 22 23 26
05302  01 04 11 20 22 26 30
05303  01 04 11 20 22 26 31
05304  01 04 11 20 23 24 26
05305  01 04 11 20 23 26 30
05306  01 04 11 20 23 26 31
05307  01 04 11 20 24 26 30
05308  01 04 11 20 24 26 31
05309  01 04 11 20 26 30 31
05310  01 04 11 21 22 23 26
05311  01 04 11 21 22 26 30
05312  01 04 11 21 22 26 31
05313  01 04 11 21 23 24 26
05314  01 04 11 21 23 26 30
05315  01 04 11 21 23 26 31
05316  01 04 11 21 24 26 30
05317  01 04 11 21 24 26 31
05318  01 04 11 21 26 30 31
05319  01 04 11 22 23 24 26
05320  01 04 11 22 23 26 30
05321  01 04 11 22 23 26 31
05322  01 04 11 22 24 26 30
05323  01 04 11 22 24 26 31
05324  01 04 11 22 26 30 31
05325  01 04 11 23 24 26 30
05326  01 04 11 23 24 26 31
05327  01 04 11 23 26 30 31
05328  01 04 11 24 26 30 31
05329  01 04 12 13 14 16 20
05330  01 04 12 13 14 16 21
05331  01 04 12 13 14 16 22
05332  01 04 12 13 14 16 23
05333  01 04 12 13 14 16 24
05334  01 04 12 13 14 16 26
05335  01 04 12 13 14 16 30
05336  01 04 12 13 14 16 31
05337  01 04 12 13 14 20 26
05338  01 04 12 13 14 21 26
05339  01 04 12 13 14 22 26
05340  01 04 12 13 14 23 26
05341  01 04 12 13 14 24 26
05342  01 04 12 13 14 26 30
05343  01 04 12 13 14 26 31
05344  01 04 12 13 16 20 21
05345  01 04 12 13 16 20 22
05346  01 04 12 13 16 20 23
05347  01 04 12 13 16 20 24
05348  01 04 12 13 16 20 26
05349  01 04 12 13 16 20 30
05350  01 04 12 13 16 20 31
05351  01 04 12 13 16 21 22
05352  01 04 12 13 16 21 23
05353  01 04 12 13 16 21 24
05354  01 04 12 13 16 21 26
05355  01 04 12 13 16 21 30
05356  01 04 12 13 16 21 31
05357  01 04 12 13 16 22 23
05358  01 04 12 13 16 22 24
05359  01 04 12 13 16 22 26
05360  01 04 12 13 16 22 30
05361  01 04 12 13 16 22 31
05362  01 04 12 13 16 23 24
05363  01 04 12 13 16 23 26
05364  01 04 12 13 16 23 30
05365  01 04 12 13 16 23 31
05366  01 04 12 13 16 24 26
05367  01 04 12 13 16 24 30
05368  01 04 12 13 16 24 31
05369  01 04 12 13 16 26 30
05370  01 04 12 13 16 26 31
05371  01 04 12 13 16 30 31
05372  01 04 12 13 20 21 26
05373  01 04 12 13 20 22 26
05374  01 04 12 13 20 23 26
05375  01 04 12 13 20 24 26
05376  01 04 12 13 20 26 30
05377  01 04 12 13 20 26 31
05378  01 04 12 13 21 22 26
05379  01 04 12 13 21 23 26
05380  01 04 12 13 21 24 26
05381  01 04 12 13 21 26 30
05382  01 04 12 13 21 26 31
05383  01 04 12 13 22 23 26
05384  01 04 12 13 22 24 26
05385  01 04 12 13 22 26 30
05386  01 04 12 13 22 26 31
05387  01 04 12 13 23 24 26
05388  01 04 12 13 23 26 30
05389  01 04 12 13 23 26 31
05390  01 04 12 13 24 26 30
05391  01 04 12 13 24 26 31
05392  01 04 12 13 26 30 31
05393  01 04 12 14 16 20 23
05394  01 04 12 14 16 20 30
05395  01 04 12 14 16 20 31
05396  01 04 12 14 16 21 23
05397  01 04 12 14 16 21 30
05398  01 04 12 14 16 21 31
05399  01 04 12 14 16 22 23
05400  01 04 12 14 16 22 30
05401  01 04 12 14 16 22 31
05402  01 04 12 14 16 23 24
05403  01 04 12 14 16 23 26
05404  01 04 12 14 16 23 30
05405  01 04 12 14 16 23 31
05406  01 04 12 14 16 24 30
05407  01 04 12 14 16 24 31
05408  01 04 12 14 16 26 30
05409  01 04 12 14 16 26 31
05410  01 04 12 14 16 30 31
05411  01 04 12 14 20 23 26
05412  01 04 12 14 20 26 30
05413  01 04 12 14 20 26 31
05414  01 04 12 14 21 23 26
05415  01 04 12 14 21 26 30
05416  01 04 12 14 21 26 31
05417  01 04 12 14 22 23 26
05418  01 04 12 14 22 26 30
05419  01 04 12 14 22 26 31
05420  01 04 12 14 23 24 26
05421  01 04 12 14 23 26 30
05422  01 04 12 14 23 26 31
05423  01 04 12 14 24 26 30
05424  01 04 12 14 24 26 31
05425  01 04 12 14 26 30 31
05426  01 04 12 16 20 21 23
05427  01 04 12 16 20 21 30
05428  01 04 12 16 20 21 31
05429  01 04 12 16 20 22 23
05430  01 04 12 16 20 22 30
05431  01 04 12 16 20 22 31
05432  01 04 12 16 20 23 24
05433  01 04 12 16 20 23 26
05434  01 04 12 16 20 23 30
05435  01 04 12 16 20 23 31
05436  01 04 12 16 20 24 30
05437  01 04 12 16 20 24 31
05438  01 04 12 16 20 26 30
05439  01 04 12 16 20 26 31
05440  01 04 12 16 20 30 31
05441  01 04 12 16 21 22 23
05442  01 04 12 16 21 22 30
05443  01 04 12 16 21 22 31
05444  01 04 12 16 21 23 24
05445  01 04 12 16 21 23 26
05446  01 04 12 16 21 23 30
05447  01 04 12 16 21 23 31
05448  01 04 12 16 21 24 30
05449  01 04 12 16 21 24 31
05450  01 04 12 16 21 26 30
05451  01 04 12 16 21 26 31
05452  01 04 12 16 21 30 31
05453  01 04 12 16 22 23 24
05454  01 04 12 16 22 23 26
05455  01 04 12 16 22 23 30
05456  01 04 12 16 22 23 31
05457  01 04 12 16 22 24 30
05458  01 04 12 16 22 24 31
05459  01 04 12 16 22 26 30
05460  01 04 12 16 22 26 31
05461  01 04 12 16 22 30 31
05462  01 04 12 16 23 24 26
05463  01 04 12 16 23 24 30
05464  01 04 12 16 23 24 31
05465  01 04 12 16 23 26 30
05466  01 04 12 16 23 26 31
05467  01 04 12 16 23 30 31
05468  01 04 12 16 24 26 30
05469  01 04 12 16 24 26 31
05470  01 04 12 16 24 30 31
05471  01 04 12 16 26 30 31
05472  01 04 12 20 21 23 26
05473  01 04 12 20 21 26 30
05474  01 04 12 20 21 26 31
05475  01 04 12 20 22 23 26
05476  01 04 12 20 22 26 30
05477  01 04 12 20 22 26 31
05478  01 04 12 20 23 24 26
05479  01 04 12 20 23 26 30
05480  01 04 12 20 23 26 31
05481  01 04 12 20 24 26 30
05482  01 04 12 20 24 26 31
05483  01 04 12 20 26 30 31
05484  01 04 12 21 22 23 26
05485  01 04 12 21 22 26 30
05486  01 04 12 21 22 26 31
05487  01 04 12 21 23 24 26
05488  01 04 12 21 23 26 30
05489  01 04 12 21 23 26 31
05490  01 04 12 21 24 26 30
05491  01 04 12 21 24 26 31
05492  01 04 12 21 26 30 31
05493  01 04 12 22 23 24 26
05494  01 04 12 22 23 26 30
05495  01 04 12 22 23 26 31
05496  01 04 12 22 24 26 30
05497  01 04 12 22 24 26 31
05498  01 04 12 22 26 30 31
05499  01 04 12 23 24 26 30
05500  01 04 12 23 24 26 31
05501  01 04 12 23 26 30 31
05502  01 04 12 24 26 30 31
05503  01 04 13 14 16 20 21
05504  01 04 13 14 16 20 22
05505  01 04 13 14 16 20 23
05506  01 04 13 14 16 20 24
05507  01 04 13 14 16 20 26
05508  01 04 13 14 16 20 30
05509  01 04 13 14 16 20 31
05510  01 04 13 14 16 21 22
05511  01 04 13 14 16 21 23
05512  01 04 13 14 16 21 24
05513  01 04 13 14 16 21 26
05514  01 04 13 14 16 21 30
05515  01 04 13 14 16 21 31
05516  01 04 13 14 16 22 23
05517  01 04 13 14 16 22 24
05518  01 04 13 14 16 22 26
05519  01 04 13 14 16 22 30
05520  01 04 13 14 16 22 31
05521  01 04 13 14 16 23 24
05522  01 04 13 14 16 23 26
05523  01 04 13 14 16 23 30
05524  01 04 13 14 16 23 31
05525  01 04 13 14 16 24 26
05526  01 04 13 14 16 24 30
05527  01 04 13 14 16 24 31
05528  01 04 13 14 16 26 30
05529  01 04 13 14 16 26 31
05530  01 04 13 14 20 21 26
05531  01 04 13 14 20 22 26
05532  01 04 13 14 20 23 26
05533  01 04 13 14 20 24 26
05534  01 04 13 14 20 26 30
05535  01 04 13 14 20 26 31
05536  01 04 13 14 21 22 26
05537  01 04 13 14 21 23 26
05538  01 04 13 14 21 24 26
05539  01 04 13 14 21 26 30
05540  01 04 13 14 21 26 31
05541  01 04 13 14 22 23 26
05542  01 04 13 14 22 24 26
05543  01 04 13 14 22 26 30
05544  01 04 13 14 22 26 31
05545  01 04 13 14 23 24 26
05546  01 04 13 14 23 26 30
05547  01 04 13 14 23 26 31
05548  01 04 13 14 24 26 30
05549  01 04 13 14 24 26 31
05550  01 04 13 14 26 30 31
05551  01 04 13 16 20 21 22
05552  01 04 13 16 20 21 23
05553  01 04 13 16 20 21 24
05554  01 04 13 16 20 21 26
05555  01 04 13 16 20 21 30
05556  01 04 13 16 20 21 31
05557  01 04 13 16 20 22 23
05558  01 04 13 16 20 22 24
05559  01 04 13 16 20 22 26
05560  01 04 13 16 20 22 30
05561  01 04 13 16 20 22 31
05562  01 04 13 16 20 23 24
05563  01 04 13 16 20 23 26
05564  01 04 13 16 20 23 30
05565  01 04 13 16 20 23 31
05566  01 04 13 16 20 24 26
05567  01 04 13 16 20 24 30
05568  01 04 13 16 20 24 31
05569  01 04 13 16 20 26 30
05570  01 04 13 16 20 26 31
05571  01 04 13 16 20 30 31
05572  01 04 13 16 21 22 23
05573  01 04 13 16 21 22 24
05574  01 04 13 16 21 22 26
05575  01 04 13 16 21 22 30
05576  01 04 13 16 21 22 31
05577  01 04 13 16 21 23 24
05578  01 04 13 16 21 23 26
05579  01 04 13 16 21 23 30
05580  01 04 13 16 21 23 31
05581  01 04 13 16 21 24 26
05582  01 04 13 16 21 24 30
05583  01 04 13 16 21 24 31
05584  01 04 13 16 21 26 30
05585  01 04 13 16 21 26 31
05586  01 04 13 16 21 30 31
05587  01 04 13 16 22 23 24
05588  01 04 13 16 22 23 26
05589  01 04 13 16 22 23 30
05590  01 04 13 16 22 23 31
05591  01 04 13 16 22 24 26
05592  01 04 13 16 22 24 30
05593  01 04 13 16 22 24 31
05594  01 04 13 16 22 26 30
05595  01 04 13 16 22 26 31
05596  01 04 13 16 22 30 31
05597  01 04 13 16 23 24 26
05598  01 04 13 16 23 24 30
05599  01 04 13 16 23 24 31
05600  01 04 13 16 23 26 30
05601  01 04 13 16 23 26 31
05602  01 04 13 16 23 30 31
05603  01 04 13 16 24 26 30
05604  01 04 13 16 24 26 31
05605  01 04 13 16 24 30 31
05606  01 04 13 16 26 30 31
05607  01 04 13 20 21 22 26
05608  01 04 13 20 21 23 26
05609  01 04 13 20 21 24 26
05610  01 04 13 20 21 26 30
05611  01 04 13 20 21 26 31
05612  01 04 13 20 22 23 26
05613  01 04 13 20 22 24 26
05614  01 04 13 20 22 26 30
05615  01 04 13 20 22 26 31
05616  01 04 13 20 23 24 26
05617  01 04 13 20 23 26 30
05618  01 04 13 20 23 26 31
05619  01 04 13 20 24 26 30
05620  01 04 13 20 24 26 31
05621  01 04 13 20 26 30 31
05622  01 04 13 21 22 23 26
05623  01 04 13 21 22 24 26
05624  01 04 13 21 22 26 30
05625  01 04 13 21 22 26 31
05626  01 04 13 21 23 24 26
05627  01 04 13 21 23 26 30
05628  01 04 13 21 23 26 31
05629  01 04 13 21 24 26 30
05630  01 04 13 21 24 26 31
05631  01 04 13 21 26 30 31
05632  01 04 13 22 23 24 26
05633  01 04 13 22 23 26 30
05634  01 04 13 22 23 26 31
05635  01 04 13 22 24 26 30
05636  01 04 13 22 24 26 31
05637  01 04 13 22 26 30 31
05638  01 04 13 23 24 26 30
05639  01 04 13 23 24 26 31
05640  01 04 13 23 26 30 31
05641  01 04 13 24 26 30 31
05642  01 04 14 16 20 21 23
05643  01 04 14 16 20 21 30
05644  01 04 14 16 20 21 31
05645  01 04 14 16 20 22 23
05646  01 04 14 16 20 22 30
05647  01 04 14 16 20 22 31
05648  01 04 14 16 20 23 24
05649  01 04 14 16 20 23 26
05650  01 04 14 16 20 23 30
05651  01 04 14 16 20 23 31
05652  01 04 14 16 20 24 30
05653  01 04 14 16 20 24 31
05654  01 04 14 16 20 26 30
05655  01 04 14 16 20 26 31
05656  01 04 14 16 20 30 31
05657  01 04 14 16 21 22 23
05658  01 04 14 16 21 22 30
05659  01 04 14 16 21 22 31
05660  01 04 14 16 21 23 24
05661  01 04 14 16 21 23 26
05662  01 04 14 16 21 23 30
05663  01 04 14 16 21 23 31
05664  01 04 14 16 21 24 30
05665  01 04 14 16 21 24 31
05666  01 04 14 16 21 26 30
05667  01 04 14 16 21 26 31
05668  01 04 14 16 21 30 31
05669  01 04 14 16 22 23 24
05670  01 04 14 16 22 23 26
05671  01 04 14 16 22 23 30
05672  01 04 14 16 22 23 31
05673  01 04 14 16 22 24 30
05674  01 04 14 16 22 24 31
05675  01 04 14 16 22 26 30
05676  01 04 14 16 22 26 31
05677  01 04 14 16 22 30 31
05678  01 04 14 16 23 24 26
05679  01 04 14 16 23 24 30
05680  01 04 14 16 23 24 31
05681  01 04 14 16 23 26 30
05682  01 04 14 16 23 26 31
05683  01 04 14 16 23 30 31
05684  01 04 14 16 24 26 30
05685  01 04 14 16 24 26 31
05686  01 04 14 16 24 30 31
05687  01 04 14 16 26 30 31
05688  01 04 14 20 21 23 26
05689  01 04 14 20 21 26 30
05690  01 04 14 20 21 26 31
05691  01 04 14 20 22 23 26
05692  01 04 14 20 22 26 30
05693  01 04 14 20 22 26 31
05694  01 04 14 20 23 24 26
05695  01 04 14 20 23 26 30
05696  01 04 14 20 23 26 31
05697  01 04 14 20 24 26 30
05698  01 04 14 20 24 26 31
05699  01 04 14 20 26 30 31
05700  01 04 14 21 22 23 26
05701  01 04 14 21 22 26 30
05702  01 04 14 21 22 26 31
05703  01 04 14 21 23 24 26
05704  01 04 14 21 23 26 30
05705  01 04 14 21 23 26 31
05706  01 04 14 21 24 26 30
05707  01 04 14 21 24 26 31
05708  01 04 14 21 26 30 31
05709  01 04 14 22 23 24 26
05710  01 04 14 22 23 26 30
05711  01 04 14 22 23 26 31
05712  01 04 14 22 24 26 30
05713  01 04 14 22 24 26 31
05714  01 04 14 22 26 30 31
05715  01 04 14 23 24 26 30
05716  01 04 14 23 24 26 31
05717  01 04 14 23 26 30 31
05718  01 04 14 24 26 30 31
05719  01 04 16 20 21 22 23
05720  01 04 16 20 21 22 30
05721  01 04 16 20 21 22 31
05722  01 04 16 20 21 23 24
05723  01 04 16 20 21 23 26
05724  01 04 16 20 21 23 30
05725  01 04 16 20 21 23 31
05726  01 04 16 20 21 24 30
05727  01 04 16 20 21 24 31
05728  01 04 16 20 21 26 30
05729  01 04 16 20 21 26 31
05730  01 04 16 20 21 30 31
05731  01 04 16 20 22 23 24
05732  01 04 16 20 22 23 26
05733  01 04 16 20 22 23 30
05734  01 04 16 20 22 23 31
05735  01 04 16 20 22 24 30
05736  01 04 16 20 22 24 31
05737  01 04 16 20 22 26 30
05738  01 04 16 20 22 26 31
05739  01 04 16 20 22 30 31
05740  01 04 16 20 23 24 26
05741  01 04 16 20 23 24 30
05742  01 04 16 20 23 24 31
05743  01 04 16 20 23 26 30
05744  01 04 16 20 23 26 31
05745  01 04 16 20 23 30 31
05746  01 04 16 20 24 26 30
05747  01 04 16 20 24 26 31
05748  01 04 16 20 24 30 31
05749  01 04 16 20 26 30 31
05750  01 04 16 21 22 23 24
05751  01 04 16 21 22 23 26
05752  01 04 16 21 22 23 30
05753  01 04 16 21 22 23 31
05754  01 04 16 21 22 24 30
05755  01 04 16 21 22 24 31
05756  01 04 16 21 22 26 30
05757  01 04 16 21 22 26 31
05758  01 04 16 21 22 30 31
05759  01 04 16 21 23 24 26
05760  01 04 16 21 23 24 30
05761  01 04 16 21 23 24 31
05762  01 04 16 21 23 26 30
05763  01 04 16 21 23 26 31
05764  01 04 16 21 23 30 31
05765  01 04 16 21 24 26 30
05766  01 04 16 21 24 26 31
05767  01 04 16 21 24 30 31
05768  01 04 16 21 26 30 31
05769  01 04 16 22 23 24 26
05770  01 04 16 22 23 24 30
05771  01 04 16 22 23 24 31
05772  01 04 16 22 23 26 30
05773  01 04 16 22 23 26 31
05774  01 04 16 22 23 30 31
05775  01 04 16 22 24 26 30
05776  01 04 16 22 24 26 31
05777  01 04 16 22 24 30 31
05778  01 04 16 22 26 30 31
05779  01 04 16 23 24 26 30
05780  01 04 16 23 24 26 31
05781  01 04 16 23 24 30 31
05782  01 04 16 23 26 30 31
05783  01 04 16 24 26 30 31
05784  01 04 20 21 22 23 26
05785  01 04 20 21 22 26 30
05786  01 04 20 21 22 26 31
05787  01 04 20 21 23 24 26
05788  01 04 20 21 23 26 30
05789  01 04 20 21 23 26 31
05790  01 04 20 21 24 26 30
05791  01 04 20 21 24 26 31
05792  01 04 20 21 26 30 31
05793  01 04 20 22 23 24 26
05794  01 04 20 22 23 26 30
05795  01 04 20 22 23 26 31
05796  01 04 20 22 24 26 30
05797  01 04 20 22 24 26 31
05798  01 04 20 22 26 30 31
05799  01 04 20 23 24 26 30
05800  01 04 20 23 24 26 31
05801  01 04 20 23 26 30 31
05802  01 04 20 24 26 30 31
05803  01 04 21 22 23 24 26
05804  01 04 21 22 23 26 30
05805  01 04 21 22 23 26 31
05806  01 04 21 22 24 26 30
05807  01 04 21 22 24 26 31
05808  01 04 21 22 26 30 31
05809  01 04 21 23 24 26 30
05810  01 04 21 23 24 26 31
05811  01 04 21 23 26 30 31
05812  01 04 21 24 26 30 31
05813  01 04 22 23 24 26 30
05814  01 04 22 23 24 26 31
05815  01 04 22 23 26 30 31
05816  01 04 22 24 26 30 31
05817  01 04 23 24 26 30 31
05818  01 06 10 11 12 13 14
05819  01 06 10 11 12 13 24
05820  01 06 10 11 12 14 23
05821  01 06 10 11 12 14 30
05822  01 06 10 11 12 14 31
05823  01 06 10 11 12 23 24
05824  01 06 10 11 12 24 30
05825  01 06 10 11 12 24 31
05826  01 06 10 11 13 14 20
05827  01 06 10 11 13 14 21
05828  01 06 10 11 13 14 22
05829  01 06 10 11 13 14 23
05830  01 06 10 11 13 14 24
05831  01 06 10 11 13 14 26
05832  01 06 10 11 13 16 24
05833  01 06 10 11 13 20 24
05834  01 06 10 11 13 21 24
05835  01 06 10 11 13 22 24
05836  01 06 10 11 13 23 24
05837  01 06 10 11 13 24 26
05838  01 06 10 11 13 24 30
05839  01 06 10 11 13 24 31
05840  01 06 10 11 14 16 23
05841  01 06 10 11 14 20 23
05842  01 06 10 11 14 20 30
05843  01 06 10 11 14 20 31
05844  01 06 10 11 14 21 23
05845  01 06 10 11 14 21 30
05846  01 06 10 11 14 21 31
05847  01 06 10 11 14 22 23
05848  01 06 10 11 14 22 30
05849  01 06 10 11 14 22 31
05850  01 06 10 11 14 23 24
05851  01 06 10 11 14 23 26
05852  01 06 10 11 14 23 30
05853  01 06 10 11 14 23 31
05854  01 06 10 11 14 24 30
05855  01 06 10 11 14 24 31
05856  01 06 10 11 14 26 30
05857  01 06 10 11 14 26 31
05858  01 06 10 11 16 23 24
05859  01 06 10 11 16 24 30
05860  01 06 10 11 16 24 31
05861  01 06 10 11 20 23 24
05862  01 06 10 11 20 24 30
05863  01 06 10 11 20 24 31
05864  01 06 10 11 21 23 24
05865  01 06 10 11 21 24 30
05866  01 06 10 11 21 24 31
05867  01 06 10 11 22 23 24
05868  01 06 10 11 22 24 30
05869  01 06 10 11 22 24 31
05870  01 06 10 11 23 24 26
05871  01 06 10 11 23 24 30
05872  01 06 10 11 23 24 31
05873  01 06 10 11 24 26 30
05874  01 06 10 11 24 26 31
05875  01 06 10 11 24 30 31
05876  01 06 10 12 13 14 16
05877  01 06 10 12 13 14 20
05878  01 06 10 12 13 14 21
05879  01 06 10 12 13 14 22
05880  01 06 10 12 13 14 23
05881  01 06 10 12 13 14 24
05882  01 06 10 12 13 14 26
05883  01 06 10 12 13 14 30
05884  01 06 10 12 13 14 31
05885  01 06 10 12 13 16 24
05886  01 06 10 12 13 20 24
05887  01 06 10 12 13 21 24
05888  01 06 10 12 13 22 24
05889  01 06 10 12 13 23 24
05890  01 06 10 12 13 24 26
05891  01 06 10 12 13 24 30
05892  01 06 10 12 13 24 31
05893  01 06 10 12 14 16 23
05894  01 06 10 12 14 16 30
05895  01 06 10 12 14 16 31
05896  01 06 10 12 14 20 23
05897  01 06 10 12 14 20 30
05898  01 06 10 12 14 20 31
05899  01 06 10 12 14 21 23
05900  01 06 10 12 14 21 30
05901  01 06 10 12 14 21 31
05902  01 06 10 12 14 22 23
05903  01 06 10 12 14 22 30
05904  01 06 10 12 14 22 31
05905  01 06 10 12 14 23 24
05906  01 06 10 12 14 23 26
05907  01 06 10 12 14 23 30
05908  01 06 10 12 14 23 31
05909  01 06 10 12 14 24 30
05910  01 06 10 12 14 24 31
05911  01 06 10 12 14 26 30
05912  01 06 10 12 14 26 31
05913  01 06 10 12 14 30 31
05914  01 06 10 12 16 23 24
05915  01 06 10 12 16 24 30
05916  01 06 10 12 16 24 31
05917  01 06 10 12 20 23 24
05918  01 06 10 12 20 24 30
05919  01 06 10 12 20 24 31
05920  01 06 10 12 21 23 24
05921  01 06 10 12 21 24 30
05922  01 06 10 12 21 24 31
05923  01 06 10 12 22 23 24
05924  01 06 10 12 22 24 30
05925  01 06 10 12 22 24 31
05926  01 06 10 12 23 24 26
05927  01 06 10 12 23 24 30
05928  01 06 10 12 23 24 31
05929  01 06 10 12 24 26 30
05930  01 06 10 12 24 26 31
05931  01 06 10 12 24 30 31
05932  01 06 10 13 14 16 20
05933  01 06 10 13 14 16 21
05934  01 06 10 13 14 16 22
05935  01 06 10 13 14 16 23
05936  01 06 10 13 14 16 24
05937  01 06 10 13 14 16 26
05938  01 06 10 13 14 20 21
05939  01 06 10 13 14 20 22
05940  01 06 10 13 14 20 23
05941  01 06 10 13 14 20 24
05942  01 06 10 13 14 20 26
05943  01 06 10 13 14 20 30
05944  01 06 10 13 14 20 31
05945  01 06 10 13 14 21 22
05946  01 06 10 13 14 21 23
05947  01 06 10 13 14 21 24
05948  01 06 10 13 14 21 26
05949  01 06 10 13 14 21 30
05950  01 06 10 13 14 21 31
05951  01 06 10 13 14 22 23
05952  01 06 10 13 14 22 24
05953  01 06 10 13 14 22 26
05954  01 06 10 13 14 22 30
05955  01 06 10 13 14 22 31
05956  01 06 10 13 14 23 24
05957  01 06 10 13 14 23 26
05958  01 06 10 13 14 23 30
05959  01 06 10 13 14 23 31
05960  01 06 10 13 14 24 26
05961  01 06 10 13 14 24 30
05962  01 06 10 13 14 24 31
05963  01 06 10 13 14 26 30
05964  01 06 10 13 14 26 31
05965  01 06 10 13 16 20 24
05966  01 06 10 13 16 21 24
05967  01 06 10 13 16 22 24
05968  01 06 10 13 16 23 24
05969  01 06 10 13 16 24 26
05970  01 06 10 13 16 24 30
05971  01 06 10 13 16 24 31
05972  01 06 10 13 20 21 24
05973  01 06 10 13 20 22 24
05974  01 06 10 13 20 23 24
05975  01 06 10 13 20 24 26
05976  01 06 10 13 20 24 30
05977  01 06 10 13 20 24 31
05978  01 06 10 13 21 22 24
05979  01 06 10 13 21 23 24
05980  01 06 10 13 21 24 26
05981  01 06 10 13 21 24 30
05982  01 06 10 13 21 24 31
05983  01 06 10 13 22 23 24
05984  01 06 10 13 22 24 26
05985  01 06 10 13 22 24 30
05986  01 06 10 13 22 24 31
05987  01 06 10 13 23 24 26
05988  01 06 10 13 23 24 30
05989  01 06 10 13 23 24 31
05990  01 06 10 13 24 26 30
05991  01 06 10 13 24 26 31
05992  01 06 10 13 24 30 31
05993  01 06 10 14 16 20 23
05994  01 06 10 14 16 20 30
05995  01 06 10 14 16 20 31
05996  01 06 10 14 16 21 23
05997  01 06 10 14 16 21 30
05998  01 06 10 14 16 21 31
05999  01 06 10 14 16 22 23
06000  01 06 10 14 16 22 30
06001  01 06 10 14 16 22 31
06002  01 06 10 14 16 23 24
06003  01 06 10 14 16 23 26
06004  01 06 10 14 16 23 30
06005  01 06 10 14 16 23 31
06006  01 06 10 14 16 24 30
06007  01 06 10 14 16 24 31
06008  01 06 10 14 16 26 30
06009  01 06 10 14 16 26 31
06010  01 06 10 14 20 21 23
06011  01 06 10 14 20 21 30
06012  01 06 10 14 20 21 31
06013  01 06 10 14 20 22 23
06014  01 06 10 14 20 22 30
06015  01 06 10 14 20 22 31
06016  01 06 10 14 20 23 24
06017  01 06 10 14 20 23 26
06018  01 06 10 14 20 23 30
06019  01 06 10 14 20 23 31
06020  01 06 10 14 20 24 30
06021  01 06 10 14 20 24 31
06022  01 06 10 14 20 26 30
06023  01 06 10 14 20 26 31
06024  01 06 10 14 20 30 31
06025  01 06 10 14 21 22 23
06026  01 06 10 14 21 22 30
06027  01 06 10 14 21 22 31
06028  01 06 10 14 21 23 24
06029  01 06 10 14 21 23 26
06030  01 06 10 14 21 23 30
06031  01 06 10 14 21 23 31
06032  01 06 10 14 21 24 30
06033  01 06 10 14 21 24 31
06034  01 06 10 14 21 26 30
06035  01 06 10 14 21 26 31
06036  01 06 10 14 21 30 31
06037  01 06 10 14 22 23 24
06038  01 06 10 14 22 23 26
06039  01 06 10 14 22 23 30
06040  01 06 10 14 22 23 31
06041  01 06 10 14 22 24 30
06042  01 06 10 14 22 24 31
06043  01 06 10 14 22 26 30
06044  01 06 10 14 22 26 31
06045  01 06 10 14 22 30 31
06046  01 06 10 14 23 24 26
06047  01 06 10 14 23 24 30
06048  01 06 10 14 23 24 31
06049  01 06 10 14 23 26 30
06050  01 06 10 14 23 26 31
06051  01 06 10 14 23 30 31
06052  01 06 10 14 24 26 30
06053  01 06 10 14 24 26 31
06054  01 06 10 14 24 30 31
06055  01 06 10 14 26 30 31
06056  01 06 10 16 20 23 24
06057  01 06 10 16 20 24 30
06058  01 06 10 16 20 24 31
06059  01 06 10 16 21 23 24
06060  01 06 10 16 21 24 30
06061  01 06 10 16 21 24 31
06062  01 06 10 16 22 23 24
06063  01 06 10 16 22 24 30
06064  01 06 10 16 22 24 31
06065  01 06 10 16 23 24 26
06066  01 06 10 16 23 24 30
06067  01 06 10 16 23 24 31
06068  01 06 10 16 24 26 30
06069  01 06 10 16 24 26 31
06070  01 06 10 16 24 30 31
06071  01 06 10 20 21 23 24
06072  01 06 10 20 21 24 30
06073  01 06 10 20 21 24 31
06074  01 06 10 20 22 23 24
06075  01 06 10 20 22 24 30
06076  01 06 10 20 22 24 31
06077  01 06 10 20 23 24 26
06078  01 06 10 20 23 24 30
06079  01 06 10 20 23 24 31
06080  01 06 10 20 24 26 30
06081  01 06 10 20 24 26 31
06082  01 06 10 20 24 30 31
06083  01 06 10 21 22 23 24
06084  01 06 10 21 22 24 30
06085  01 06 10 21 22 24 31
06086  01 06 10 21 23 24 26
06087  01 06 10 21 23 24 30
06088  01 06 10 21 23 24 31
06089  01 06 10 21 24 26 30
06090  01 06 10 21 24 26 31
06091  01 06 10 21 24 30 31
06092  01 06 10 22 23 24 26
06093  01 06 10 22 23 24 30
06094  01 06 10 22 23 24 31
06095  01 06 10 22 24 26 30
06096  01 06 10 22 24 26 31
06097  01 06 10 22 24 30 31
06098  01 06 10 23 24 26 30
06099  01 06 10 23 24 26 31
06100  01 06 10 23 24 30 31
06101  01 06 10 24 26 30 31
06102  01 06 11 12 13 14 16
06103  01 06 11 12 13 14 20
06104  01 06 11 12 13 14 21
06105  01 06 11 12 13 14 22
06106  01 06 11 12 13 14 23
06107  01 06 11 12 13 14 24
06108  01 06 11 12 13 14 26
06109  01 06 11 12 13 14 30
06110  01 06 11 12 13 14 31
06111  01 06 11 12 13 16 24
06112  01 06 11 12 13 20 24
06113  01 06 11 12 13 21 24
06114  01 06 11 12 13 22 24
06115  01 06 11 12 13 23 24
06116  01 06 11 12 13 24 26
06117  01 06 11 12 13 24 30
06118  01 06 11 12 13 24 31
06119  01 06 11 12 14 16 23
06120  01 06 11 12 14 16 30
06121  01 06 11 12 14 16 31
06122  01 06 11 12 14 20 23
06123  01 06 11 12 14 20 30
06124  01 06 11 12 14 20 31
06125  01 06 11 12 14 21 23
06126  01 06 11 12 14 21 30
06127  01 06 11 12 14 21 31
06128  01 06 11 12 14 22 23
06129  01 06 11 12 14 22 30
06130  01 06 11 12 14 22 31
06131  01 06 11 12 14 23 24
06132  01 06 11 12 14 23 26
06133  01 06 11 12 14 23 30
06134  01 06 11 12 14 23 31
06135  01 06 11 12 14 24 30
06136  01 06 11 12 14 24 31
06137  01 06 11 12 14 26 30
06138  01 06 11 12 14 26 31
06139  01 06 11 12 14 30 31
06140  01 06 11 12 16 23 24
06141  01 06 11 12 16 24 30
06142  01 06 11 12 16 24 31
06143  01 06 11 12 20 23 24
06144  01 06 11 12 20 24 30
06145  01 06 11 12 20 24 31
06146  01 06 11 12 21 23 24
06147  01 06 11 12 21 24 30
06148  01 06 11 12 21 24 31
06149  01 06 11 12 22 23 24
06150  01 06 11 12 22 24 30
06151  01 06 11 12 22 24 31
06152  01 06 11 12 23 24 26
06153  01 06 11 12 23 24 30
06154  01 06 11 12 23 24 31
06155  01 06 11 12 24 26 30
06156  01 06 11 12 24 26 31
06157  01 06 11 12 24 30 31
06158  01 06 11 13 14 16 20
06159  01 06 11 13 14 16 21
06160  01 06 11 13 14 16 22
06161  01 06 11 13 14 16 23
06162  01 06 11 13 14 16 24
06163  01 06 11 13 14 16 26
06164  01 06 11 13 14 20 21
06165  01 06 11 13 14 20 22
06166  01 06 11 13 14 20 23
06167  01 06 11 13 14 20 24
06168  01 06 11 13 14 20 26
06169  01 06 11 13 14 20 30
06170  01 06 11 13 14 20 31
06171  01 06 11 13 14 21 22
06172  01 06 11 13 14 21 23
06173  01 06 11 13 14 21 24
06174  01 06 11 13 14 21 26
06175  01 06 11 13 14 21 30
06176  01 06 11 13 14 21 31
06177  01 06 11 13 14 22 23
06178  01 06 11 13 14 22 24
06179  01 06 11 13 14 22 26
06180  01 06 11 13 14 22 30
06181  01 06 11 13 14 22 31
06182  01 06 11 13 14 23 24
06183  01 06 11 13 14 23 26
06184  01 06 11 13 14 23 30
06185  01 06 11 13 14 23 31
06186  01 06 11 13 14 24 26
06187  01 06 11 13 14 24 30
06188  01 06 11 13 14 24 31
06189  01 06 11 13 14 26 30
06190  01 06 11 13 14 26 31
06191  01 06 11 13 16 20 24
06192  01 06 11 13 16 21 24
06193  01 06 11 13 16 22 24
06194  01 06 11 13 16 23 24
06195  01 06 11 13 16 24 26
06196  01 06 11 13 16 24 30
06197  01 06 11 13 16 24 31
06198  01 06 11 13 20 21 24
06199  01 06 11 13 20 22 24
06200  01 06 11 13 20 23 24
06201  01 06 11 13 20 24 26
06202  01 06 11 13 20 24 30
06203  01 06 11 13 20 24 31
06204  01 06 11 13 21 22 24
06205  01 06 11 13 21 23 24
06206  01 06 11 13 21 24 26
06207  01 06 11 13 21 24 30
06208  01 06 11 13 21 24 31
06209  01 06 11 13 22 23 24
06210  01 06 11 13 22 24 26
06211  01 06 11 13 22 24 30
06212  01 06 11 13 22 24 31
06213  01 06 11 13 23 24 26
06214  01 06 11 13 23 24 30
06215  01 06 11 13 23 24 31
06216  01 06 11 13 24 26 30
06217  01 06 11 13 24 26 31
06218  01 06 11 13 24 30 31
06219  01 06 11 14 16 20 23
06220  01 06 11 14 16 20 30
06221  01 06 11 14 16 20 31
06222  01 06 11 14 16 21 23
06223  01 06 11 14 16 21 30
06224  01 06 11 14 16 21 31
06225  01 06 11 14 16 22 23
06226  01 06 11 14 16 22 30
06227  01 06 11 14 16 22 31
06228  01 06 11 14 16 23 24
06229  01 06 11 14 16 23 26
06230  01 06 11 14 16 23 30
06231  01 06 11 14 16 23 31
06232  01 06 11 14 16 24 30
06233  01 06 11 14 16 24 31
06234  01 06 11 14 16 26 30
06235  01 06 11 14 16 26 31
06236  01 06 11 14 20 21 23
06237  01 06 11 14 20 21 30
06238  01 06 11 14 20 21 31
06239  01 06 11 14 20 22 23
06240  01 06 11 14 20 22 30
06241  01 06 11 14 20 22 31
06242  01 06 11 14 20 23 24
06243  01 06 11 14 20 23 26
06244  01 06 11 14 20 23 30
06245  01 06 11 14 20 23 31
06246  01 06 11 14 20 24 30
06247  01 06 11 14 20 24 31
06248  01 06 11 14 20 26 30
06249  01 06 11 14 20 26 31
06250  01 06 11 14 20 30 31
06251  01 06 11 14 21 22 23
06252  01 06 11 14 21 22 30
06253  01 06 11 14 21 22 31
06254  01 06 11 14 21 23 24
06255  01 06 11 14 21 23 26
06256  01 06 11 14 21 23 30
06257  01 06 11 14 21 23 31
06258  01 06 11 14 21 24 30
06259  01 06 11 14 21 24 31
06260  01 06 11 14 21 26 30
06261  01 06 11 14 21 26 31
06262  01 06 11 14 21 30 31
06263  01 06 11 14 22 23 24
06264  01 06 11 14 22 23 26
06265  01 06 11 14 22 23 30
06266  01 06 11 14 22 23 31
06267  01 06 11 14 22 24 30
06268  01 06 11 14 22 24 31
06269  01 06 11 14 22 26 30
06270  01 06 11 14 22 26 31
06271  01 06 11 14 22 30 31
06272  01 06 11 14 23 24 26
06273  01 06 11 14 23 24 30
06274  01 06 11 14 23 24 31
06275  01 06 11 14 23 26 30
06276  01 06 11 14 23 26 31
06277  01 06 11 14 23 30 31
06278  01 06 11 14 24 26 30
06279  01 06 11 14 24 26 31
06280  01 06 11 14 24 30 31
06281  01 06 11 14 26 30 31
06282  01 06 11 16 20 23 24
06283  01 06 11 16 20 24 30
06284  01 06 11 16 20 24 31
06285  01 06 11 16 21 23 24
06286  01 06 11 16 21 24 30
06287  01 06 11 16 21 24 31
06288  01 06 11 16 22 23 24
06289  01 06 11 16 22 24 30
06290  01 06 11 16 22 24 31
06291  01 06 11 16 23 24 26
06292  01 06 11 16 23 24 30
06293  01 06 11 16 23 24 31
06294  01 06 11 16 24 26 30
06295  01 06 11 16 24 26 31
06296  01 06 11 16 24 30 31
06297  01 06 11 20 21 23 24
06298  01 06 11 20 21 24 30
06299  01 06 11 20 21 24 31
06300  01 06 11 20 22 23 24
06301  01 06 11 20 22 24 30
06302  01 06 11 20 22 24 31
06303  01 06 11 20 23 24 26
06304  01 06 11 20 23 24 30
06305  01 06 11 20 23 24 31
06306  01 06 11 20 24 26 30
06307  01 06 11 20 24 26 31
06308  01 06 11 20 24 30 31
06309  01 06 11 21 22 23 24
06310  01 06 11 21 22 24 30
06311  01 06 11 21 22 24 31
06312  01 06 11 21 23 24 26
06313  01 06 11 21 23 24 30
06314  01 06 11 21 23 24 31
06315  01 06 11 21 24 26 30
06316  01 06 11 21 24 26 31
06317  01 06 11 21 24 30 31
06318  01 06 11 22 23 24 26
06319  01 06 11 22 23 24 30
06320  01 06 11 22 23 24 31
06321  01 06 11 22 24 26 30
06322  01 06 11 22 24 26 31
06323  01 06 11 22 24 30 31
06324  01 06 11 23 24 26 30
06325  01 06 11 23 24 26 31
06326  01 06 11 23 24 30 31
06327  01 06 11 24 26 30 31
06328  01 06 12 13 14 16 20
06329  01 06 12 13 14 16 21
06330  01 06 12 13 14 16 22
06331  01 06 12 13 14 16 23
06332  01 06 12 13 14 16 24
06333  01 06 12 13 14 16 26
06334  01 06 12 13 14 16 30
06335  01 06 12 13 14 16 31
06336  01 06 12 13 14 20 21
06337  01 06 12 13 14 20 22
06338  01 06 12 13 14 20 23
06339  01 06 12 13 14 20 24
06340  01 06 12 13 14 20 26
06341  01 06 12 13 14 20 30
06342  01 06 12 13 14 20 31
06343  01 06 12 13 14 21 22
06344  01 06 12 13 14 21 23
06345  01 06 12 13 14 21 24
06346  01 06 12 13 14 21 26
06347  01 06 12 13 14 21 30
06348  01 06 12 13 14 21 31
06349  01 06 12 13 14 22 23
06350  01 06 12 13 14 22 24
06351  01 06 12 13 14 22 26
06352  01 06 12 13 14 22 30
06353  01 06 12 13 14 22 31
06354  01 06 12 13 14 23 24
06355  01 06 12 13 14 23 26
06356  01 06 12 13 14 23 30
06357  01 06 12 13 14 23 31
06358  01 06 12 13 14 24 26
06359  01 06 12 13 14 24 30
06360  01 06 12 13 14 24 31
06361  01 06 12 13 14 26 30
06362  01 06 12 13 14 26 31
06363  01 06 12 13 14 30 31
06364  01 06 12 13 16 20 24
06365  01 06 12 13 16 21 24
06366  01 06 12 13 16 22 24
06367  01 06 12 13 16 23 24
06368  01 06 12 13 16 24 26
06369  01 06 12 13 16 24 30
06370  01 06 12 13 16 24 31
06371  01 06 12 13 20 21 24
06372  01 06 12 13 20 22 24
06373  01 06 12 13 20 23 24
06374  01 06 12 13 20 24 26
06375  01 06 12 13 20 24 30
06376  01 06 12 13 20 24 31
06377  01 06 12 13 21 22 24
06378  01 06 12 13 21 23 24
06379  01 06 12 13 21 24 26
06380  01 06 12 13 21 24 30
06381  01 06 12 13 21 24 31
06382  01 06 12 13 22 23 24
06383  01 06 12 13 22 24 26
06384  01 06 12 13 22 24 30
06385  01 06 12 13 22 24 31
06386  01 06 12 13 23 24 26
06387  01 06 12 13 23 24 30
06388  01 06 12 13 23 24 31
06389  01 06 12 13 24 26 30
06390  01 06 12 13 24 26 31
06391  01 06 12 13 24 30 31
06392  01 06 12 14 16 20 23
06393  01 06 12 14 16 20 30
06394  01 06 12 14 16 20 31
06395  01 06 12 14 16 21 23
06396  01 06 12 14 16 21 30
06397  01 06 12 14 16 21 31
06398  01 06 12 14 16 22 23
06399  01 06 12 14 16 22 30
06400  01 06 12 14 16 22 31
06401  01 06 12 14 16 23 24
06402  01 06 12 14 16 23 26
06403  01 06 12 14 16 23 30
06404  01 06 12 14 16 23 31
06405  01 06 12 14 16 24 30
06406  01 06 12 14 16 24 31
06407  01 06 12 14 16 26 30
06408  01 06 12 14 16 26 31
06409  01 06 12 14 16 30 31
06410  01 06 12 14 20 21 23
06411  01 06 12 14 20 21 30
06412  01 06 12 14 20 21 31
06413  01 06 12 14 20 22 23
06414  01 06 12 14 20 22 30
06415  01 06 12 14 20 22 31
06416  01 06 12 14 20 23 24
06417  01 06 12 14 20 23 26
06418  01 06 12 14 20 23 30
06419  01 06 12 14 20 23 31
06420  01 06 12 14 20 24 30
06421  01 06 12 14 20 24 31
06422  01 06 12 14 20 26 30
06423  01 06 12 14 20 26 31
06424  01 06 12 14 20 30 31
06425  01 06 12 14 21 22 23
06426  01 06 12 14 21 22 30
06427  01 06 12 14 21 22 31
06428  01 06 12 14 21 23 24
06429  01 06 12 14 21 23 26
06430  01 06 12 14 21 23 30
06431  01 06 12 14 21 23 31
06432  01 06 12 14 21 24 30
06433  01 06 12 14 21 24 31
06434  01 06 12 14 21 26 30
06435  01 06 12 14 21 26 31
06436  01 06 12 14 21 30 31
06437  01 06 12 14 22 23 24
06438  01 06 12 14 22 23 26
06439  01 06 12 14 22 23 30
06440  01 06 12 14 22 23 31
06441  01 06 12 14 22 24 30
06442  01 06 12 14 22 24 31
06443  01 06 12 14 22 26 30
06444  01 06 12 14 22 26 31
06445  01 06 12 14 22 30 31
06446  01 06 12 14 23 24 26
06447  01 06 12 14 23 24 30
06448  01 06 12 14 23 24 31
06449  01 06 12 14 23 26 30
06450  01 06 12 14 23 26 31
06451  01 06 12 14 23 30 31
06452  01 06 12 14 24 26 30
06453  01 06 12 14 24 26 31
06454  01 06 12 14 24 30 31
06455  01 06 12 14 26 30 31
06456  01 06 12 16 20 23 24
06457  01 06 12 16 20 24 30
06458  01 06 12 16 20 24 31
06459  01 06 12 16 21 23 24
06460  01 06 12 16 21 24 30
06461  01 06 12 16 21 24 31
06462  01 06 12 16 22 23 24
06463  01 06 12 16 22 24 30
06464  01 06 12 16 22 24 31
06465  01 06 12 16 23 24 26
06466  01 06 12 16 23 24 30
06467  01 06 12 16 23 24 31
06468  01 06 12 16 24 26 30
06469  01 06 12 16 24 26 31
06470  01 06 12 16 24 30 31
06471  01 06 12 20 21 23 24
06472  01 06 12 20 21 24 30
06473  01 06 12 20 21 24 31
06474  01 06 12 20 22 23 24
06475  01 06 12 20 22 24 30
06476  01 06 12 20 22 24 31
06477  01 06 12 20 23 24 26
06478  01 06 12 20 23 24 30
06479  01 06 12 20 23 24 31
06480  01 06 12 20 24 26 30
06481  01 06 12 20 24 26 31
06482  01 06 12 20 24 30 31
06483  01 06 12 21 22 23 24
06484  01 06 12 21 22 24 30
06485  01 06 12 21 22 24 31
06486  01 06 12 21 23 24 26
06487  01 06 12 21 23 24 30
06488  01 06 12 21 23 24 31
06489  01 06 12 21 24 26 30
06490  01 06 12 21 24 26 31
06491  01 06 12 21 24 30 31
06492  01 06 12 22 23 24 26
06493  01 06 12 22 23 24 30
06494  01 06 12 22 23 24 31
06495  01 06 12 22 24 26 30
06496  01 06 12 22 24 26 31
06497  01 06 12 22 24 30 31
06498  01 06 12 23 24 26 30
06499  01 06 12 23 24 26 31
06500  01 06 12 23 24 30 31
06501  01 06 12 24 26 30 31
06502  01 06 13 14 16 20 21
06503  01 06 13 14 16 20 22
06504  01 06 13 14 16 20 23
06505  01 06 13 14 16 20 24
06506  01 06 13 14 16 20 26
06507  01 06 13 14 16 20 30
06508  01 06 13 14 16 20 31
06509  01 06 13 14 16 21 22
06510  01 06 13 14 16 21 23
06511  01 06 13 14 16 21 24
06512  01 06 13 14 16 21 26
06513  01 06 13 14 16 21 30
06514  01 06 13 14 16 21 31
06515  01 06 13 14 16 22 23
06516  01 06 13 14 16 22 24
06517  01 06 13 14 16 22 26
06518  01 06 13 14 16 22 30
06519  01 06 13 14 16 22 31
06520  01 06 13 14 16 23 24
06521  01 06 13 14 16 23 26
06522  01 06 13 14 16 23 30
06523  01 06 13 14 16 23 31
06524  01 06 13 14 16 24 26
06525  01 06 13 14 16 24 30
06526  01 06 13 14 16 24 31
06527  01 06 13 14 16 26 30
06528  01 06 13 14 16 26 31
06529  01 06 13 14 20 21 22
06530  01 06 13 14 20 21 23
06531  01 06 13 14 20 21 24
06532  01 06 13 14 20 21 26
06533  01 06 13 14 20 21 30
06534  01 06 13 14 20 21 31
06535  01 06 13 14 20 22 23
06536  01 06 13 14 20 22 24
06537  01 06 13 14 20 22 26
06538  01 06 13 14 20 22 30
06539  01 06 13 14 20 22 31
06540  01 06 13 14 20 23 24
06541  01 06 13 14 20 23 26
06542  01 06 13 14 20 23 30
06543  01 06 13 14 20 23 31
06544  01 06 13 14 20 24 26
06545  01 06 13 14 20 24 30
06546  01 06 13 14 20 24 31
06547  01 06 13 14 20 26 30
06548  01 06 13 14 20 26 31
06549  01 06 13 14 20 30 31
06550  01 06 13 14 21 22 23
06551  01 06 13 14 21 22 24
06552  01 06 13 14 21 22 26
06553  01 06 13 14 21 22 30
06554  01 06 13 14 21 22 31
06555  01 06 13 14 21 23 24
06556  01 06 13 14 21 23 26
06557  01 06 13 14 21 23 30
06558  01 06 13 14 21 23 31
06559  01 06 13 14 21 24 26
06560  01 06 13 14 21 24 30
06561  01 06 13 14 21 24 31
06562  01 06 13 14 21 26 30
06563  01 06 13 14 21 26 31
06564  01 06 13 14 21 30 31
06565  01 06 13 14 22 23 24
06566  01 06 13 14 22 23 26
06567  01 06 13 14 22 23 30
06568  01 06 13 14 22 23 31
06569  01 06 13 14 22 24 26
06570  01 06 13 14 22 24 30
06571  01 06 13 14 22 24 31
06572  01 06 13 14 22 26 30
06573  01 06 13 14 22 26 31
06574  01 06 13 14 22 30 31
06575  01 06 13 14 23 24 26
06576  01 06 13 14 23 24 30
06577  01 06 13 14 23 24 31
06578  01 06 13 14 23 26 30
06579  01 06 13 14 23 26 31
06580  01 06 13 14 23 30 31
06581  01 06 13 14 24 26 30
06582  01 06 13 14 24 26 31
06583  01 06 13 14 24 30 31
06584  01 06 13 14 26 30 31
06585  01 06 13 16 20 21 24
06586  01 06 13 16 20 22 24
06587  01 06 13 16 20 23 24
06588  01 06 13 16 20 24 26
06589  01 06 13 16 20 24 30
06590  01 06 13 16 20 24 31
06591  01 06 13 16 21 22 24
06592  01 06 13 16 21 23 24
06593  01 06 13 16 21 24 26
06594  01 06 13 16 21 24 30
06595  01 06 13 16 21 24 31
06596  01 06 13 16 22 23 24
06597  01 06 13 16 22 24 26
06598  01 06 13 16 22 24 30
06599  01 06 13 16 22 24 31
06600  01 06 13 16 23 24 26
06601  01 06 13 16 23 24 30
06602  01 06 13 16 23 24 31
06603  01 06 13 16 24 26 30
06604  01 06 13 16 24 26 31
06605  01 06 13 16 24 30 31
06606  01 06 13 20 21 22 24
06607  01 06 13 20 21 23 24
06608  01 06 13 20 21 24 26
06609  01 06 13 20 21 24 30
06610  01 06 13 20 21 24 31
06611  01 06 13 20 22 23 24
06612  01 06 13 20 22 24 26
06613  01 06 13 20 22 24 30
06614  01 06 13 20 22 24 31
06615  01 06 13 20 23 24 26
06616  01 06 13 20 23 24 30
06617  01 06 13 20 23 24 31
06618  01 06 13 20 24 26 30
06619  01 06 13 20 24 26 31
06620  01 06 13 20 24 30 31
06621  01 06 13 21 22 23 24
06622  01 06 13 21 22 24 26
06623  01 06 13 21 22 24 30
06624  01 06 13 21 22 24 31
06625  01 06 13 21 23 24 26
06626  01 06 13 21 23 24 30
06627  01 06 13 21 23 24 31
06628  01 06 13 21 24 26 30
06629  01 06 13 21 24 26 31
06630  01 06 13 21 24 30 31
06631  01 06 13 22 23 24 26
06632  01 06 13 22 23 24 30
06633  01 06 13 22 23 24 31
06634  01 06 13 22 24 26 30
06635  01 06 13 22 24 26 31
06636  01 06 13 22 24 30 31
06637  01 06 13 23 24 26 30
06638  01 06 13 23 24 26 31
06639  01 06 13 23 24 30 31
06640  01 06 13 24 26 30 31
06641  01 06 14 16 20 21 23
06642  01 06 14 16 20 21 30
06643  01 06 14 16 20 21 31
06644  01 06 14 16 20 22 23
06645  01 06 14 16 20 22 30
06646  01 06 14 16 20 22 31
06647  01 06 14 16 20 23 24
06648  01 06 14 16 20 23 26
06649  01 06 14 16 20 23 30
06650  01 06 14 16 20 23 31
06651  01 06 14 16 20 24 30
06652  01 06 14 16 20 24 31
06653  01 06 14 16 20 26 30
06654  01 06 14 16 20 26 31
06655  01 06 14 16 20 30 31
06656  01 06 14 16 21 22 23
06657  01 06 14 16 21 22 30
06658  01 06 14 16 21 22 31
06659  01 06 14 16 21 23 24
06660  01 06 14 16 21 23 26
06661  01 06 14 16 21 23 30
06662  01 06 14 16 21 23 31
06663  01 06 14 16 21 24 30
06664  01 06 14 16 21 24 31
06665  01 06 14 16 21 26 30
06666  01 06 14 16 21 26 31
06667  01 06 14 16 21 30 31
06668  01 06 14 16 22 23 24
06669  01 06 14 16 22 23 26
06670  01 06 14 16 22 23 30
06671  01 06 14 16 22 23 31
06672  01 06 14 16 22 24 30
06673  01 06 14 16 22 24 31
06674  01 06 14 16 22 26 30
06675  01 06 14 16 22 26 31
06676  01 06 14 16 22 30 31
06677  01 06 14 16 23 24 26
06678  01 06 14 16 23 24 30
06679  01 06 14 16 23 24 31
06680  01 06 14 16 23 26 30
06681  01 06 14 16 23 26 31
06682  01 06 14 16 23 30 31
06683  01 06 14 16 24 26 30
06684  01 06 14 16 24 26 31
06685  01 06 14 16 24 30 31
06686  01 06 14 16 26 30 31
06687  01 06 14 20 21 22 23
06688  01 06 14 20 21 22 30
06689  01 06 14 20 21 22 31
06690  01 06 14 20 21 23 24
06691  01 06 14 20 21 23 26
06692  01 06 14 20 21 23 30
06693  01 06 14 20 21 23 31
06694  01 06 14 20 21 24 30
06695  01 06 14 20 21 24 31
06696  01 06 14 20 21 26 30
06697  01 06 14 20 21 26 31
06698  01 06 14 20 21 30 31
06699  01 06 14 20 22 23 24
06700  01 06 14 20 22 23 26
06701  01 06 14 20 22 23 30
06702  01 06 14 20 22 23 31
06703  01 06 14 20 22 24 30
06704  01 06 14 20 22 24 31
06705  01 06 14 20 22 26 30
06706  01 06 14 20 22 26 31
06707  01 06 14 20 22 30 31
06708  01 06 14 20 23 24 26
06709  01 06 14 20 23 24 30
06710  01 06 14 20 23 24 31
06711  01 06 14 20 23 26 30
06712  01 06 14 20 23 26 31
06713  01 06 14 20 23 30 31
06714  01 06 14 20 24 26 30
06715  01 06 14 20 24 26 31
06716  01 06 14 20 24 30 31
06717  01 06 14 20 26 30 31
06718  01 06 14 21 22 23 24
06719  01 06 14 21 22 23 26
06720  01 06 14 21 22 23 30
06721  01 06 14 21 22 23 31
06722  01 06 14 21 22 24 30
06723  01 06 14 21 22 24 31
06724  01 06 14 21 22 26 30
06725  01 06 14 21 22 26 31
06726  01 06 14 21 22 30 31
06727  01 06 14 21 23 24 26
06728  01 06 14 21 23 24 30
06729  01 06 14 21 23 24 31
06730  01 06 14 21 23 26 30
06731  01 06 14 21 23 26 31
06732  01 06 14 21 23 30 31
06733  01 06 14 21 24 26 30
06734  01 06 14 21 24 26 31
06735  01 06 14 21 24 30 31
06736  01 06 14 21 26 30 31
06737  01 06 14 22 23 24 26
06738  01 06 14 22 23 24 30
06739  01 06 14 22 23 24 31
06740  01 06 14 22 23 26 30
06741  01 06 14 22 23 26 31
06742  01 06 14 22 23 30 31
06743  01 06 14 22 24 26 30
06744  01 06 14 22 24 26 31
06745  01 06 14 22 24 30 31
06746  01 06 14 22 26 30 31
06747  01 06 14 23 24 26 30
06748  01 06 14 23 24 26 31
06749  01 06 14 23 24 30 31
06750  01 06 14 23 26 30 31
06751  01 06 14 24 26 30 31
06752  01 06 16 20 21 23 24
06753  01 06 16 20 21 24 30
06754  01 06 16 20 21 24 31
06755  01 06 16 20 22 23 24
06756  01 06 16 20 22 24 30
06757  01 06 16 20 22 24 31
06758  01 06 16 20 23 24 26
06759  01 06 16 20 23 24 30
06760  01 06 16 20 23 24 31
06761  01 06 16 20 24 26 30
06762  01 06 16 20 24 26 31
06763  01 06 16 20 24 30 31
06764  01 06 16 21 22 23 24
06765  01 06 16 21 22 24 30
06766  01 06 16 21 22 24 31
06767  01 06 16 21 23 24 26
06768  01 06 16 21 23 24 30
06769  01 06 16 21 23 24 31
06770  01 06 16 21 24 26 30
06771  01 06 16 21 24 26 31
06772  01 06 16 21 24 30 31
06773  01 06 16 22 23 24 26
06774  01 06 16 22 23 24 30
06775  01 06 16 22 23 24 31
06776  01 06 16 22 24 26 30
06777  01 06 16 22 24 26 31
06778  01 06 16 22 24 30 31
06779  01 06 16 23 24 26 30
06780  01 06 16 23 24 26 31
06781  01 06 16 23 24 30 31
06782  01 06 16 24 26 30 31
06783  01 06 20 21 22 23 24
06784  01 06 20 21 22 24 30
06785  01 06 20 21 22 24 31
06786  01 06 20 21 23 24 26
06787  01 06 20 21 23 24 30
06788  01 06 20 21 23 24 31
06789  01 06 20 21 24 26 30
06790  01 06 20 21 24 26 31
06791  01 06 20 21 24 30 31
06792  01 06 20 22 23 24 26
06793  01 06 20 22 23 24 30
06794  01 06 20 22 23 24 31
06795  01 06 20 22 24 26 30
06796  01 06 20 22 24 26 31
06797  01 06 20 22 24 30 31
06798  01 06 20 23 24 26 30
06799  01 06 20 23 24 26 31
06800  01 06 20 23 24 30 31
06801  01 06 20 24 26 30 31
06802  01 06 21 22 23 24 26
06803  01 06 21 22 23 24 30
06804  01 06 21 22 23 24 31
06805  01 06 21 22 24 26 30
06806  01 06 21 22 24 26 31
06807  01 06 21 22 24 30 31
06808  01 06 21 23 24 26 30
06809  01 06 21 23 24 26 31
06810  01 06 21 23 24 30 31
06811  01 06 21 24 26 30 31
06812  01 06 22 23 24 26 30
06813  01 06 22 23 24 26 31
06814  01 06 22 23 24 30 31
06815  01 06 22 24 26 30 31
06816  01 06 23 24 26 30 31
06817  01 10 11 12 13 14 16
06818  01 10 11 12 13 14 26
06819  01 10 11 12 13 16 24
06820  01 10 11 12 13 24 26
06821  01 10 11 12 14 16 23
06822  01 10 11 12 14 16 30
06823  01 10 11 12 14 16 31
06824  01 10 11 12 14 23 26
06825  01 10 11 12 14 26 30
06826  01 10 11 12 14 26 31
06827  01 10 11 12 16 23 24
06828  01 10 11 12 16 24 30
06829  01 10 11 12 16 24 31
06830  01 10 11 12 23 24 26
06831  01 10 11 12 24 26 30
06832  01 10 11 12 24 26 31
06833  01 10 11 13 14 16 20
06834  01 10 11 13 14 16 21
06835  01 10 11 13 14 16 22
06836  01 10 11 13 14 16 23
06837  01 10 11 13 14 16 24
06838  01 10 11 13 14 16 26
06839  01 10 11 13 14 20 26
06840  01 10 11 13 14 21 26
06841  01 10 11 13 14 22 26
06842  01 10 11 13 14 23 26
06843  01 10 11 13 14 24 26
06844  01 10 11 13 14 26 30
06845  01 10 11 13 14 26 31
06846  01 10 11 13 16 20 24
06847  01 10 11 13 16 21 24
06848  01 10 11 13 16 22 24
06849  01 10 11 13 16 23 24
06850  01 10 11 13 16 24 26
06851  01 10 11 13 16 24 30
06852  01 10 11 13 16 24 31
06853  01 10 11 13 20 24 26
06854  01 10 11 13 21 24 26
06855  01 10 11 13 22 24 26
06856  01 10 11 13 23 24 26
06857  01 10 11 13 24 26 30
06858  01 10 11 13 24 26 31
06859  01 10 11 14 16 20 23
06860  01 10 11 14 16 20 30
06861  01 10 11 14 16 20 31
06862  01 10 11 14 16 21 23
06863  01 10 11 14 16 21 30
06864  01 10 11 14 16 21 31
06865  01 10 11 14 16 22 23
06866  01 10 11 14 16 22 30
06867  01 10 11 14 16 22 31
06868  01 10 11 14 16 23 24
06869  01 10 11 14 16 23 26
06870  01 10 11 14 16 23 30
06871  01 10 11 14 16 23 31
06872  01 10 11 14 16 24 30
06873  01 10 11 14 16 24 31
06874  01 10 11 14 16 26 30
06875  01 10 11 14 16 26 31
06876  01 10 11 14 20 23 26
06877  01 10 11 14 20 26 30
06878  01 10 11 14 20 26 31
06879  01 10 11 14 21 23 26
06880  01 10 11 14 21 26 30
06881  01 10 11 14 21 26 31
06882  01 10 11 14 22 23 26
06883  01 10 11 14 22 26 30
06884  01 10 11 14 22 26 31
06885  01 10 11 14 23 24 26
06886  01 10 11 14 23 26 30
06887  01 10 11 14 23 26 31
06888  01 10 11 14 24 26 30
06889  01 10 11 14 24 26 31
06890  01 10 11 14 26 30 31
06891  01 10 11 16 20 23 24
06892  01 10 11 16 20 24 30
06893  01 10 11 16 20 24 31
06894  01 10 11 16 21 23 24
06895  01 10 11 16 21 24 30
06896  01 10 11 16 21 24 31
06897  01 10 11 16 22 23 24
06898  01 10 11 16 22 24 30
06899  01 10 11 16 22 24 31
06900  01 10 11 16 23 24 26
06901  01 10 11 16 23 24 30
06902  01 10 11 16 23 24 31
06903  01 10 11 16 24 26 30
06904  01 10 11 16 24 26 31
06905  01 10 11 16 24 30 31
06906  01 10 11 20 23 24 26
06907  01 10 11 20 24 26 30
06908  01 10 11 20 24 26 31
06909  01 10 11 21 23 24 26
06910  01 10 11 21 24 26 30
06911  01 10 11 21 24 26 31
06912  01 10 11 22 23 24 26
06913  01 10 11 22 24 26 30
06914  01 10 11 22 24 26 31
06915  01 10 11 23 24 26 30
06916  01 10 11 23 24 26 31
06917  01 10 11 24 26 30 31
06918  01 10 12 13 14 16 20
06919  01 10 12 13 14 16 21
06920  01 10 12 13 14 16 22
06921  01 10 12 13 14 16 23
06922  01 10 12 13 14 16 24
06923  01 10 12 13 14 16 26
06924  01 10 12 13 14 16 30
06925  01 10 12 13 14 16 31
06926  01 10 12 13 14 20 26
06927  01 10 12 13 14 21 26
06928  01 10 12 13 14 22 26
06929  01 10 12 13 14 23 26
06930  01 10 12 13 14 24 26
06931  01 10 12 13 14 26 30
06932  01 10 12 13 14 26 31
06933  01 10 12 13 16 20 24
06934  01 10 12 13 16 21 24
06935  01 10 12 13 16 22 24
06936  01 10 12 13 16 23 24
06937  01 10 12 13 16 24 26
06938  01 10 12 13 16 24 30
06939  01 10 12 13 16 24 31
06940  01 10 12 13 20 24 26
06941  01 10 12 13 21 24 26
06942  01 10 12 13 22 24 26
06943  01 10 12 13 23 24 26
06944  01 10 12 13 24 26 30
06945  01 10 12 13 24 26 31
06946  01 10 12 14 16 20 23
06947  01 10 12 14 16 20 30
06948  01 10 12 14 16 20 31
06949  01 10 12 14 16 21 23
06950  01 10 12 14 16 21 30
06951  01 10 12 14 16 21 31
06952  01 10 12 14 16 22 23
06953  01 10 12 14 16 22 30
06954  01 10 12 14 16 22 31
06955  01 10 12 14 16 23 24
06956  01 10 12 14 16 23 26
06957  01 10 12 14 16 23 30
06958  01 10 12 14 16 23 31
06959  01 10 12 14 16 24 30
06960  01 10 12 14 16 24 31
06961  01 10 12 14 16 26 30
06962  01 10 12 14 16 26 31
06963  01 10 12 14 16 30 31
06964  01 10 12 14 20 23 26
06965  01 10 12 14 20 26 30
06966  01 10 12 14 20 26 31
06967  01 10 12 14 21 23 26
06968  01 10 12 14 21 26 30
06969  01 10 12 14 21 26 31
06970  01 10 12 14 22 23 26
06971  01 10 12 14 22 26 30
06972  01 10 12 14 22 26 31
06973  01 10 12 14 23 24 26
06974  01 10 12 14 23 26 30
06975  01 10 12 14 23 26 31
06976  01 10 12 14 24 26 30
06977  01 10 12 14 24 26 31
06978  01 10 12 14 26 30 31
06979  01 10 12 16 20 23 24
06980  01 10 12 16 20 24 30
06981  01 10 12 16 20 24 31
06982  01 10 12 16 21 23 24
06983  01 10 12 16 21 24 30
06984  01 10 12 16 21 24 31
06985  01 10 12 16 22 23 24
06986  01 10 12 16 22 24 30
06987  01 10 12 16 22 24 31
06988  01 10 12 16 23 24 26
06989  01 10 12 16 23 24 30
06990  01 10 12 16 23 24 31
06991  01 10 12 16 24 26 30
06992  01 10 12 16 24 26 31
06993  01 10 12 16 24 30 31
06994  01 10 12 20 23 24 26
06995  01 10 12 20 24 26 30
06996  01 10 12 20 24 26 31
06997  01 10 12 21 23 24 26
06998  01 10 12 21 24 26 30
06999  01 10 12 21 24 26 31
07000  01 10 12 22 23 24 26
07001  01 10 12 22 24 26 30
07002  01 10 12 22 24 26 31
07003  01 10 12 23 24 26 30
07004  01 10 12 23 24 26 31
07005  01 10 12 24 26 30 31
07006  01 10 13 14 16 20 21
07007  01 10 13 14 16 20 22
07008  01 10 13 14 16 20 23
07009  01 10 13 14 16 20 24
07010  01 10 13 14 16 20 26
07011  01 10 13 14 16 20 30
07012  01 10 13 14 16 20 31
07013  01 10 13 14 16 21 22
07014  01 10 13 14 16 21 23
07015  01 10 13 14 16 21 24
07016  01 10 13 14 16 21 26
07017  01 10 13 14 16 21 30
07018  01 10 13 14 16 21 31
07019  01 10 13 14 16 22 23
07020  01 10 13 14 16 22 24
07021  01 10 13 14 16 22 26
07022  01 10 13 14 16 22 30
07023  01 10 13 14 16 22 31
07024  01 10 13 14 16 23 24
07025  01 10 13 14 16 23 26
07026  01 10 13 14 16 23 30
07027  01 10 13 14 16 23 31
07028  01 10 13 14 16 24 26
07029  01 10 13 14 16 24 30
07030  01 10 13 14 16 24 31
07031  01 10 13 14 16 26 30
07032  01 10 13 14 16 26 31
07033  01 10 13 14 20 21 26
07034  01 10 13 14 20 22 26
07035  01 10 13 14 20 23 26
07036  01 10 13 14 20 24 26
07037  01 10 13 14 20 26 30
07038  01 10 13 14 20 26 31
07039  01 10 13 14 21 22 26
07040  01 10 13 14 21 23 26
07041  01 10 13 14 21 24 26
07042  01 10 13 14 21 26 30
07043  01 10 13 14 21 26 31
07044  01 10 13 14 22 23 26
07045  01 10 13 14 22 24 26
07046  01 10 13 14 22 26 30
07047  01 10 13 14 22 26 31
07048  01 10 13 14 23 24 26
07049  01 10 13 14 23 26 30
07050  01 10 13 14 23 26 31
07051  01 10 13 14 24 26 30
07052  01 10 13 14 24 26 31
07053  01 10 13 14 26 30 31
07054  01 10 13 16 20 21 24
07055  01 10 13 16 20 22 24
07056  01 10 13 16 20 23 24
07057  01 10 13 16 20 24 26
07058  01 10 13 16 20 24 30
07059  01 10 13 16 20 24 31
07060  01 10 13 16 21 22 24
07061  01 10 13 16 21 23 24
07062  01 10 13 16 21 24 26
07063  01 10 13 16 21 24 30
07064  01 10 13 16 21 24 31
07065  01 10 13 16 22 23 24
07066  01 10 13 16 22 24 26
07067  01 10 13 16 22 24 30
07068  01 10 13 16 22 24 31
07069  01 10 13 16 23 24 26
07070  01 10 13 16 23 24 30
07071  01 10 13 16 23 24 31
07072  01 10 13 16 24 26 30
07073  01 10 13 16 24 26 31
07074  01 10 13 16 24 30 31
07075  01 10 13 20 21 24 26
07076  01 10 13 20 22 24 26
07077  01 10 13 20 23 24 26
07078  01 10 13 20 24 26 30
07079  01 10 13 20 24 26 31
07080  01 10 13 21 22 24 26
07081  01 10 13 21 23 24 26
07082  01 10 13 21 24 26 30
07083  01 10 13 21 24 26 31
07084  01 10 13 22 23 24 26
07085  01 10 13 22 24 26 30
07086  01 10 13 22 24 26 31
07087  01 10 13 23 24 26 30
07088  01 10 13 23 24 26 31
07089  01 10 13 24 26 30 31
07090  01 10 14 16 20 21 23
07091  01 10 14 16 20 21 30
07092  01 10 14 16 20 21 31
07093  01 10 14 16 20 22 23
07094  01 10 14 16 20 22 30
07095  01 10 14 16 20 22 31
07096  01 10 14 16 20 23 24
07097  01 10 14 16 20 23 26
07098  01 10 14 16 20 23 30
07099  01 10 14 16 20 23 31
07100  01 10 14 16 20 24 30
07101  01 10 14 16 20 24 31
07102  01 10 14 16 20 26 30
07103  01 10 14 16 20 26 31
07104  01 10 14 16 20 30 31
07105  01 10 14 16 21 22 23
07106  01 10 14 16 21 22 30
07107  01 10 14 16 21 22 31
07108  01 10 14 16 21 23 24
07109  01 10 14 16 21 23 26
07110  01 10 14 16 21 23 30
07111  01 10 14 16 21 23 31
07112  01 10 14 16 21 24 30
07113  01 10 14 16 21 24 31
07114  01 10 14 16 21 26 30
07115  01 10 14 16 21 26 31
07116  01 10 14 16 21 30 31
07117  01 10 14 16 22 23 24
07118  01 10 14 16 22 23 26
07119  01 10 14 16 22 23 30
07120  01 10 14 16 22 23 31
07121  01 10 14 16 22 24 30
07122  01 10 14 16 22 24 31
07123  01 10 14 16 22 26 30
07124  01 10 14 16 22 26 31
07125  01 10 14 16 22 30 31
07126  01 10 14 16 23 24 26
07127  01 10 14 16 23 24 30
07128  01 10 14 16 23 24 31
07129  01 10 14 16 23 26 30
07130  01 10 14 16 23 26 31
07131  01 10 14 16 23 30 31
07132  01 10 14 16 24 26 30
07133  01 10 14 16 24 26 31
07134  01 10 14 16 24 30 31
07135  01 10 14 16 26 30 31
07136  01 10 14 20 21 23 26
07137  01 10 14 20 21 26 30
07138  01 10 14 20 21 26 31
07139  01 10 14 20 22 23 26
07140  01 10 14 20 22 26 30
07141  01 10 14 20 22 26 31
07142  01 10 14 20 23 24 26
07143  01 10 14 20 23 26 30
07144  01 10 14 20 23 26 31
07145  01 10 14 20 24 26 30
07146  01 10 14 20 24 26 31
07147  01 10 14 20 26 30 31
07148  01 10 14 21 22 23 26
07149  01 10 14 21 22 26 30
07150  01 10 14 21 22 26 31
07151  01 10 14 21 23 24 26
07152  01 10 14 21 23 26 30
07153  01 10 14 21 23 26 31
07154  01 10 14 21 24 26 30
07155  01 10 14 21 24 26 31
07156  01 10 14 21 26 30 31
07157  01 10 14 22 23 24 26
07158  01 10 14 22 23 26 30
07159  01 10 14 22 23 26 31
07160  01 10 14 22 24 26 30
07161  01 10 14 22 24 26 31
07162  01 10 14 22 26 30 31
07163  01 10 14 23 24 26 30
07164  01 10 14 23 24 26 31
07165  01 10 14 23 26 30 31
07166  01 10 14 24 26 30 31
07167  01 10 16 20 21 23 24
07168  01 10 16 20 21 24 30
07169  01 10 16 20 21 24 31
07170  01 10 16 20 22 23 24
07171  01 10 16 20 22 24 30
07172  01 10 16 20 22 24 31
07173  01 10 16 20 23 24 26
07174  01 10 16 20 23 24 30
07175  01 10 16 20 23 24 31
07176  01 10 16 20 24 26 30
07177  01 10 16 20 24 26 31
07178  01 10 16 20 24 30 31
07179  01 10 16 21 22 23 24
07180  01 10 16 21 22 24 30
07181  01 10 16 21 22 24 31
07182  01 10 16 21 23 24 26
07183  01 10 16 21 23 24 30
07184  01 10 16 21 23 24 31
07185  01 10 16 21 24 26 30
07186  01 10 16 21 24 26 31
07187  01 10 16 21 24 30 31
07188  01 10 16 22 23 24 26
07189  01 10 16 22 23 24 30
07190  01 10 16 22 23 24 31
07191  01 10 16 22 24 26 30
07192  01 10 16 22 24 26 31
07193  01 10 16 22 24 30 31
07194  01 10 16 23 24 26 30
07195  01 10 16 23 24 26 31
07196  01 10 16 23 24 30 31
07197  01 10 16 24 26 30 31
07198  01 10 20 21 23 24 26
07199  01 10 20 21 24 26 30
07200  01 10 20 21 24 26 31
07201  01 10 20 22 23 24 26
07202  01 10 20 22 24 26 30
07203  01 10 20 22 24 26 31
07204  01 10 20 23 24 26 30
07205  01 10 20 23 24 26 31
07206  01 10 20 24 26 30 31
07207  01 10 21 22 23 24 26
07208  01 10 21 22 24 26 30
07209  01 10 21 22 24 26 31
07210  01 10 21 23 24 26 30
07211  01 10 21 23 24 26 31
07212  01 10 21 24 26 30 31
07213  01 10 22 23 24 26 30
07214  01 10 22 23 24 26 31
07215  01 10 22 24 26 30 31
07216  01 10 23 24 26 30 31
07217  01 11 12 13 14 16 20
07218  01 11 12 13 14 16 21
07219  01 11 12 13 14 16 22
07220  01 11 12 13 14 16 23
07221  01 11 12 13 14 16 24
07222  01 11 12 13 14 16 26
07223  01 11 12 13 14 16 30
07224  01 11 12 13 14 16 31
07225  01 11 12 13 14 20 26
07226  01 11 12 13 14 21 26
07227  01 11 12 13 14 22 26
07228  01 11 12 13 14 23 26
07229  01 11 12 13 14 24 26
07230  01 11 12 13 14 26 30
07231  01 11 12 13 14 26 31
07232  01 11 12 13 16 20 24
07233  01 11 12 13 16 21 24
07234  01 11 12 13 16 22 24
07235  01 11 12 13 16 23 24
07236  01 11 12 13 16 24 26
07237  01 11 12 13 16 24 30
07238  01 11 12 13 16 24 31
07239  01 11 12 13 20 24 26
07240  01 11 12 13 21 24 26
07241  01 11 12 13 22 24 26
07242  01 11 12 13 23 24 26
07243  01 11 12 13 24 26 30
07244  01 11 12 13 24 26 31
07245  01 11 12 14 16 20 23
07246  01 11 12 14 16 20 30
07247  01 11 12 14 16 20 31
07248  01 11 12 14 16 21 23
07249  01 11 12 14 16 21 30
07250  01 11 12 14 16 21 31
07251  01 11 12 14 16 22 23
07252  01 11 12 14 16 22 30
07253  01 11 12 14 16 22 31
07254  01 11 12 14 16 23 24
07255  01 11 12 14 16 23 26
07256  01 11 12 14 16 23 30
07257  01 11 12 14 16 23 31
07258  01 11 12 14 16 24 30
07259  01 11 12 14 16 24 31
07260  01 11 12 14 16 26 30
07261  01 11 12 14 16 26 31
07262  01 11 12 14 16 30 31
07263  01 11 12 14 20 23 26
07264  01 11 12 14 20 26 30
07265  01 11 12 14 20 26 31
07266  01 11 12 14 21 23 26
07267  01 11 12 14 21 26 30
07268  01 11 12 14 21 26 31
07269  01 11 12 14 22 23 26
07270  01 11 12 14 22 26 30
07271  01 11 12 14 22 26 31
07272  01 11 12 14 23 24 26
07273  01 11 12 14 23 26 30
07274  01 11 12 14 23 26 31
07275  01 11 12 14 24 26 30
07276  01 11 12 14 24 26 31
07277  01 11 12 14 26 30 31
07278  01 11 12 16 20 23 24
07279  01 11 12 16 20 24 30
07280  01 11 12 16 20 24 31
07281  01 11 12 16 21 23 24
07282  01 11 12 16 21 24 30
07283  01 11 12 16 21 24 31
07284  01 11 12 16 22 23 24
07285  01 11 12 16 22 24 30
07286  01 11 12 16 22 24 31
07287  01 11 12 16 23 24 26
07288  01 11 12 16 23 24 30
07289  01 11 12 16 23 24 31
07290  01 11 12 16 24 26 30
07291  01 11 12 16 24 26 31
07292  01 11 12 16 24 30 31
07293  01 11 12 20 23 24 26
07294  01 11 12 20 24 26 30
07295  01 11 12 20 24 26 31
07296  01 11 12 21 23 24 26
07297  01 11 12 21 24 26 30
07298  01 11 12 21 24 26 31
07299  01 11 12 22 23 24 26
07300  01 11 12 22 24 26 30
07301  01 11 12 22 24 26 31
07302  01 11 12 23 24 26 30
07303  01 11 12 23 24 26 31
07304  01 11 12 24 26 30 31
07305  01 11 13 14 16 20 21
07306  01 11 13 14 16 20 22
07307  01 11 13 14 16 20 23
07308  01 11 13 14 16 20 24
07309  01 11 13 14 16 20 26
07310  01 11 13 14 16 20 30
07311  01 11 13 14 16 20 31
07312  01 11 13 14 16 21 22
07313  01 11 13 14 16 21 23
07314  01 11 13 14 16 21 24
07315  01 11 13 14 16 21 26
07316  01 11 13 14 16 21 30
07317  01 11 13 14 16 21 31
07318  01 11 13 14 16 22 23
07319  01 11 13 14 16 22 24
07320  01 11 13 14 16 22 26
07321  01 11 13 14 16 22 30
07322  01 11 13 14 16 22 31
07323  01 11 13 14 16 23 24
07324  01 11 13 14 16 23 26
07325  01 11 13 14 16 23 30
07326  01 11 13 14 16 23 31
07327  01 11 13 14 16 24 26
07328  01 11 13 14 16 24 30
07329  01 11 13 14 16 24 31
07330  01 11 13 14 16 26 30
07331  01 11 13 14 16 26 31
07332  01 11 13 14 20 21 26
07333  01 11 13 14 20 22 26
07334  01 11 13 14 20 23 26
07335  01 11 13 14 20 24 26
07336  01 11 13 14 20 26 30
07337  01 11 13 14 20 26 31
07338  01 11 13 14 21 22 26
07339  01 11 13 14 21 23 26
07340  01 11 13 14 21 24 26
07341  01 11 13 14 21 26 30
07342  01 11 13 14 21 26 31
07343  01 11 13 14 22 23 26
07344  01 11 13 14 22 24 26
07345  01 11 13 14 22 26 30
07346  01 11 13 14 22 26 31
07347  01 11 13 14 23 24 26
07348  01 11 13 14 23 26 30
07349  01 11 13 14 23 26 31
07350  01 11 13 14 24 26 30
07351  01 11 13 14 24 26 31
07352  01 11 13 14 26 30 31
07353  01 11 13 16 20 21 24
07354  01 11 13 16 20 22 24
07355  01 11 13 16 20 23 24
07356  01 11 13 16 20 24 26
07357  01 11 13 16 20 24 30
07358  01 11 13 16 20 24 31
07359  01 11 13 16 21 22 24
07360  01 11 13 16 21 23 24
07361  01 11 13 16 21 24 26
07362  01 11 13 16 21 24 30
07363  01 11 13 16 21 24 31
07364  01 11 13 16 22 23 24
07365  01 11 13 16 22 24 26
07366  01 11 13 16 22 24 30
07367  01 11 13 16 22 24 31
07368  01 11 13 16 23 24 26
07369  01 11 13 16 23 24 30
07370  01 11 13 16 23 24 31
07371  01 11 13 16 24 26 30
07372  01 11 13 16 24 26 31
07373  01 11 13 16 24 30 31
07374  01 11 13 20 21 24 26
07375  01 11 13 20 22 24 26
07376  01 11 13 20 23 24 26
07377  01 11 13 20 24 26 30
07378  01 11 13 20 24 26 31
07379  01 11 13 21 22 24 26
07380  01 11 13 21 23 24 26
07381  01 11 13 21 24 26 30
07382  01 11 13 21 24 26 31
07383  01 11 13 22 23 24 26
07384  01 11 13 22 24 26 30
07385  01 11 13 22 24 26 31
07386  01 11 13 23 24 26 30
07387  01 11 13 23 24 26 31
07388  01 11 13 24 26 30 31
07389  01 11 14 16 20 21 23
07390  01 11 14 16 20 21 30
07391  01 11 14 16 20 21 31
07392  01 11 14 16 20 22 23
07393  01 11 14 16 20 22 30
07394  01 11 14 16 20 22 31
07395  01 11 14 16 20 23 24
07396  01 11 14 16 20 23 26
07397  01 11 14 16 20 23 30
07398  01 11 14 16 20 23 31
07399  01 11 14 16 20 24 30
07400  01 11 14 16 20 24 31
07401  01 11 14 16 20 26 30
07402  01 11 14 16 20 26 31
07403  01 11 14 16 20 30 31
07404  01 11 14 16 21 22 23
07405  01 11 14 16 21 22 30
07406  01 11 14 16 21 22 31
07407  01 11 14 16 21 23 24
07408  01 11 14 16 21 23 26
07409  01 11 14 16 21 23 30
07410  01 11 14 16 21 23 31
07411  01 11 14 16 21 24 30
07412  01 11 14 16 21 24 31
07413  01 11 14 16 21 26 30
07414  01 11 14 16 21 26 31
07415  01 11 14 16 21 30 31
07416  01 11 14 16 22 23 24
07417  01 11 14 16 22 23 26
07418  01 11 14 16 22 23 30
07419  01 11 14 16 22 23 31
07420  01 11 14 16 22 24 30
07421  01 11 14 16 22 24 31
07422  01 11 14 16 22 26 30
07423  01 11 14 16 22 26 31
07424  01 11 14 16 22 30 31
07425  01 11 14 16 23 24 26
07426  01 11 14 16 23 24 30
07427  01 11 14 16 23 24 31
07428  01 11 14 16 23 26 30
07429  01 11 14 16 23 26 31
07430  01 11 14 16 23 30 31
07431  01 11 14 16 24 26 30
07432  01 11 14 16 24 26 31
07433  01 11 14 16 24 30 31
07434  01 11 14 16 26 30 31
07435  01 11 14 20 21 23 26
07436  01 11 14 20 21 26 30
07437  01 11 14 20 21 26 31
07438  01 11 14 20 22 23 26
07439  01 11 14 20 22 26 30
07440  01 11 14 20 22 26 31
07441  01 11 14 20 23 24 26
07442  01 11 14 20 23 26 30
07443  01 11 14 20 23 26 31
07444  01 11 14 20 24 26 30
07445  01 11 14 20 24 26 31
07446  01 11 14 20 26 30 31
07447  01 11 14 21 22 23 26
07448  01 11 14 21 22 26 30
07449  01 11 14 21 22 26 31
07450  01 11 14 21 23 24 26
07451  01 11 14 21 23 26 30
07452  01 11 14 21 23 26 31
07453  01 11 14 21 24 26 30
07454  01 11 14 21 24 26 31
07455  01 11 14 21 26 30 31
07456  01 11 14 22 23 24 26
07457  01 11 14 22 23 26 30
07458  01 11 14 22 23 26 31
07459  01 11 14 22 24 26 30
07460  01 11 14 22 24 26 31
07461  01 11 14 22 26 30 31
07462  01 11 14 23 24 26 30
07463  01 11 14 23 24 26 31
07464  01 11 14 23 26 30 31
07465  01 11 14 24 26 30 31
07466  01 11 16 20 21 23 24
07467  01 11 16 20 21 24 30
07468  01 11 16 20 21 24 31
07469  01 11 16 20 22 23 24
07470  01 11 16 20 22 24 30
07471  01 11 16 20 22 24 31
07472  01 11 16 20 23 24 26
07473  01 11 16 20 23 24 30
07474  01 11 16 20 23 24 31
07475  01 11 16 20 24 26 30
07476  01 11 16 20 24 26 31
07477  01 11 16 20 24 30 31
07478  01 11 16 21 22 23 24
07479  01 11 16 21 22 24 30
07480  01 11 16 21 22 24 31
07481  01 11 16 21 23 24 26
07482  01 11 16 21 23 24 30
07483  01 11 16 21 23 24 31
07484  01 11 16 21 24 26 30
07485  01 11 16 21 24 26 31
07486  01 11 16 21 24 30 31
07487  01 11 16 22 23 24 26
07488  01 11 16 22 23 24 30
07489  01 11 16 22 23 24 31
07490  01 11 16 22 24 26 30
07491  01 11 16 22 24 26 31
07492  01 11 16 22 24 30 31
07493  01 11 16 23 24 26 30
07494  01 11 16 23 24 26 31
07495  01 11 16 23 24 30 31
07496  01 11 16 24 26 30 31
07497  01 11 20 21 23 24 26
07498  01 11 20 21 24 26 30
07499  01 11 20 21 24 26 31
07500  01 11 20 22 23 24 26
07501  01 11 20 22 24 26 30
07502  01 11 20 22 24 26 31
07503  01 11 20 23 24 26 30
07504  01 11 20 23 24 26 31
07505  01 11 20 24 26 30 31
07506  01 11 21 22 23 24 26
07507  01 11 21 22 24 26 30
07508  01 11 21 22 24 26 31
07509  01 11 21 23 24 26 30
07510  01 11 21 23 24 26 31
07511  01 11 21 24 26 30 31
07512  01 11 22 23 24 26 30
07513  01 11 22 23 24 26 31
07514  01 11 22 24 26 30 31
07515  01 11 23 24 26 30 31
07516  01 12 13 14 16 20 21
07517  01 12 13 14 16 20 22
07518  01 12 13 14 16 20 23
07519  01 12 13 14 16 20 24
07520  01 12 13 14 16 20 26
07521  01 12 13 14 16 20 30
07522  01 12 13 14 16 20 31
07523  01 12 13 14 16 21 22
07524  01 12 13 14 16 21 23
07525  01 12 13 14 16 21 24
07526  01 12 13 14 16 21 26
07527  01 12 13 14 16 21 30
07528  01 12 13 14 16 21 31
07529  01 12 13 14 16 22 23
07530  01 12 13 14 16 22 24
07531  01 12 13 14 16 22 26
07532  01 12 13 14 16 22 30
07533  01 12 13 14 16 22 31
07534  01 12 13 14 16 23 24
07535  01 12 13 14 16 23 26
07536  01 12 13 14 16 23 30
07537  01 12 13 14 16 23 31
07538  01 12 13 14 16 24 26
07539  01 12 13 14 16 24 30
07540  01 12 13 14 16 24 31
07541  01 12 13 14 16 26 30
07542  01 12 13 14 16 26 31
07543  01 12 13 14 16 30 31
07544  01 12 13 14 20 21 26
07545  01 12 13 14 20 22 26
07546  01 12 13 14 20 23 26
07547  01 12 13 14 20 24 26
07548  01 12 13 14 20 26 30
07549  01 12 13 14 20 26 31
07550  01 12 13 14 21 22 26
07551  01 12 13 14 21 23 26
07552  01 12 13 14 21 24 26
07553  01 12 13 14 21 26 30
07554  01 12 13 14 21 26 31
07555  01 12 13 14 22 23 26
07556  01 12 13 14 22 24 26
07557  01 12 13 14 22 26 30
07558  01 12 13 14 22 26 31
07559  01 12 13 14 23 24 26
07560  01 12 13 14 23 26 30
07561  01 12 13 14 23 26 31
07562  01 12 13 14 24 26 30
07563  01 12 13 14 24 26 31
07564  01 12 13 14 26 30 31
07565  01 12 13 16 20 21 24
07566  01 12 13 16 20 22 24
07567  01 12 13 16 20 23 24
07568  01 12 13 16 20 24 26
07569  01 12 13 16 20 24 30
07570  01 12 13 16 20 24 31
07571  01 12 13 16 21 22 24
07572  01 12 13 16 21 23 24
07573  01 12 13 16 21 24 26
07574  01 12 13 16 21 24 30
07575  01 12 13 16 21 24 31
07576  01 12 13 16 22 23 24
07577  01 12 13 16 22 24 26
07578  01 12 13 16 22 24 30
07579  01 12 13 16 22 24 31
07580  01 12 13 16 23 24 26
07581  01 12 13 16 23 24 30
07582  01 12 13 16 23 24 31
07583  01 12 13 16 24 26 30
07584  01 12 13 16 24 26 31
07585  01 12 13 16 24 30 31
07586  01 12 13 20 21 24 26
07587  01 12 13 20 22 24 26
07588  01 12 13 20 23 24 26
07589  01 12 13 20 24 26 30
07590  01 12 13 20 24 26 31
07591  01 12 13 21 22 24 26
07592  01 12 13 21 23 24 26
07593  01 12 13 21 24 26 30
07594  01 12 13 21 24 26 31
07595  01 12 13 22 23 24 26
07596  01 12 13 22 24 26 30
07597  01 12 13 22 24 26 31
07598  01 12 13 23 24 26 30
07599  01 12 13 23 24 26 31
07600  01 12 13 24 26 30 31
07601  01 12 14 16 20 21 23
07602  01 12 14 16 20 21 30
07603  01 12 14 16 20 21 31
07604  01 12 14 16 20 22 23
07605  01 12 14 16 20 22 30
07606  01 12 14 16 20 22 31
07607  01 12 14 16 20 23 24
07608  01 12 14 16 20 23 26
07609  01 12 14 16 20 23 30
07610  01 12 14 16 20 23 31
07611  01 12 14 16 20 24 30
07612  01 12 14 16 20 24 31
07613  01 12 14 16 20 26 30
07614  01 12 14 16 20 26 31
07615  01 12 14 16 20 30 31
07616  01 12 14 16 21 22 23
07617  01 12 14 16 21 22 30
07618  01 12 14 16 21 22 31
07619  01 12 14 16 21 23 24
07620  01 12 14 16 21 23 26
07621  01 12 14 16 21 23 30
07622  01 12 14 16 21 23 31
07623  01 12 14 16 21 24 30
07624  01 12 14 16 21 24 31
07625  01 12 14 16 21 26 30
07626  01 12 14 16 21 26 31
07627  01 12 14 16 21 30 31
07628  01 12 14 16 22 23 24
07629  01 12 14 16 22 23 26
07630  01 12 14 16 22 23 30
07631  01 12 14 16 22 23 31
07632  01 12 14 16 22 24 30
07633  01 12 14 16 22 24 31
07634  01 12 14 16 22 26 30
07635  01 12 14 16 22 26 31
07636  01 12 14 16 22 30 31
07637  01 12 14 16 23 24 26
07638  01 12 14 16 23 24 30
07639  01 12 14 16 23 24 31
07640  01 12 14 16 23 26 30
07641  01 12 14 16 23 26 31
07642  01 12 14 16 23 30 31
07643  01 12 14 16 24 26 30
07644  01 12 14 16 24 26 31
07645  01 12 14 16 24 30 31
07646  01 12 14 16 26 30 31
07647  01 12 14 20 21 23 26
07648  01 12 14 20 21 26 30
07649  01 12 14 20 21 26 31
07650  01 12 14 20 22 23 26
07651  01 12 14 20 22 26 30
07652  01 12 14 20 22 26 31
07653  01 12 14 20 23 24 26
07654  01 12 14 20 23 26 30
07655  01 12 14 20 23 26 31
07656  01 12 14 20 24 26 30
07657  01 12 14 20 24 26 31
07658  01 12 14 20 26 30 31
07659  01 12 14 21 22 23 26
07660  01 12 14 21 22 26 30
07661  01 12 14 21 22 26 31
07662  01 12 14 21 23 24 26
07663  01 12 14 21 23 26 30
07664  01 12 14 21 23 26 31
07665  01 12 14 21 24 26 30
07666  01 12 14 21 24 26 31
07667  01 12 14 21 26 30 31
07668  01 12 14 22 23 24 26
07669  01 12 14 22 23 26 30
07670  01 12 14 22 23 26 31
07671  01 12 14 22 24 26 30
07672  01 12 14 22 24 26 31
07673  01 12 14 22 26 30 31
07674  01 12 14 23 24 26 30
07675  01 12 14 23 24 26 31
07676  01 12 14 23 26 30 31
07677  01 12 14 24 26 30 31
07678  01 12 16 20 21 23 24
07679  01 12 16 20 21 24 30
07680  01 12 16 20 21 24 31
07681  01 12 16 20 22 23 24
07682  01 12 16 20 22 24 30
07683  01 12 16 20 22 24 31
07684  01 12 16 20 23 24 26
07685  01 12 16 20 23 24 30
07686  01 12 16 20 23 24 31
07687  01 12 16 20 24 26 30
07688  01 12 16 20 24 26 31
07689  01 12 16 20 24 30 31
07690  01 12 16 21 22 23 24
07691  01 12 16 21 22 24 30
07692  01 12 16 21 22 24 31
07693  01 12 16 21 23 24 26
07694  01 12 16 21 23 24 30
07695  01 12 16 21 23 24 31
07696  01 12 16 21 24 26 30
07697  01 12 16 21 24 26 31
07698  01 12 16 21 24 30 31
07699  01 12 16 22 23 24 26
07700  01 12 16 22 23 24 30
07701  01 12 16 22 23 24 31
07702  01 12 16 22 24 26 30
07703  01 12 16 22 24 26 31
07704  01 12 16 22 24 30 31
07705  01 12 16 23 24 26 30
07706  01 12 16 23 24 26 31
07707  01 12 16 23 24 30 31
07708  01 12 16 24 26 30 31
07709  01 12 20 21 23 24 26
07710  01 12 20 21 24 26 30
07711  01 12 20 21 24 26 31
07712  01 12 20 22 23 24 26
07713  01 12 20 22 24 26 30
07714  01 12 20 22 24 26 31
07715  01 12 20 23 24 26 30
07716  01 12 20 23 24 26 31
07717  01 12 20 24 26 30 31
07718  01 12 21 22 23 24 26
07719  01 12 21 22 24 26 30
07720  01 12 21 22 24 26 31
07721  01 12 21 23 24 26 30
07722  01 12 21 23 24 26 31
07723  01 12 21 24 26 30 31
07724  01 12 22 23 24 26 30
07725  01 12 22 23 24 26 31
07726  01 12 22 24 26 30 31
07727  01 12 23 24 26 30 31
07728  01 13 14 16 20 21 22
07729  01 13 14 16 20 21 23
07730  01 13 14 16 20 21 24
07731  01 13 14 16 20 21 26
07732  01 13 14 16 20 21 30
07733  01 13 14 16 20 21 31
07734  01 13 14 16 20 22 23
07735  01 13 14 16 20 22 24
07736  01 13 14 16 20 22 26
07737  01 13 14 16 20 22 30
07738  01 13 14 16 20 22 31
07739  01 13 14 16 20 23 24
07740  01 13 14 16 20 23 26
07741  01 13 14 16 20 23 30
07742  01 13 14 16 20 23 31
07743  01 13 14 16 20 24 26
07744  01 13 14 16 20 24 30
07745  01 13 14 16 20 24 31
07746  01 13 14 16 20 26 30
07747  01 13 14 16 20 26 31
07748  01 13 14 16 20 30 31
07749  01 13 14 16 21 22 23
07750  01 13 14 16 21 22 24
07751  01 13 14 16 21 22 26
07752  01 13 14 16 21 22 30
07753  01 13 14 16 21 22 31
07754  01 13 14 16 21 23 24
07755  01 13 14 16 21 23 26
07756  01 13 14 16 21 23 30
07757  01 13 14 16 21 23 31
07758  01 13 14 16 21 24 26
07759  01 13 14 16 21 24 30
07760  01 13 14 16 21 24 31
07761  01 13 14 16 21 26 30
07762  01 13 14 16 21 26 31
07763  01 13 14 16 21 30 31
07764  01 13 14 16 22 23 24
07765  01 13 14 16 22 23 26
07766  01 13 14 16 22 23 30
07767  01 13 14 16 22 23 31
07768  01 13 14 16 22 24 26
07769  01 13 14 16 22 24 30
07770  01 13 14 16 22 24 31
07771  01 13 14 16 22 26 30
07772  01 13 14 16 22 26 31
07773  01 13 14 16 22 30 31
07774  01 13 14 16 23 24 26
07775  01 13 14 16 23 24 30
07776  01 13 14 16 23 24 31
07777  01 13 14 16 23 26 30
07778  01 13 14 16 23 26 31
07779  01 13 14 16 23 30 31
07780  01 13 14 16 24 26 30
07781  01 13 14 16 24 26 31
07782  01 13 14 16 24 30 31
07783  01 13 14 16 26 30 31
07784  01 13 14 20 21 22 26
07785  01 13 14 20 21 23 26
07786  01 13 14 20 21 24 26
07787  01 13 14 20 21 26 30
07788  01 13 14 20 21 26 31
07789  01 13 14 20 22 23 26
07790  01 13 14 20 22 24 26
07791  01 13 14 20 22 26 30
07792  01 13 14 20 22 26 31
07793  01 13 14 20 23 24 26
07794  01 13 14 20 23 26 30
07795  01 13 14 20 23 26 31
07796  01 13 14 20 24 26 30
07797  01 13 14 20 24 26 31
07798  01 13 14 20 26 30 31
07799  01 13 14 21 22 23 26
07800  01 13 14 21 22 24 26
07801  01 13 14 21 22 26 30
07802  01 13 14 21 22 26 31
07803  01 13 14 21 23 24 26
07804  01 13 14 21 23 26 30
07805  01 13 14 21 23 26 31
07806  01 13 14 21 24 26 30
07807  01 13 14 21 24 26 31
07808  01 13 14 21 26 30 31
07809  01 13 14 22 23 24 26
07810  01 13 14 22 23 26 30
07811  01 13 14 22 23 26 31
07812  01 13 14 22 24 26 30
07813  01 13 14 22 24 26 31
07814  01 13 14 22 26 30 31
07815  01 13 14 23 24 26 30
07816  01 13 14 23 24 26 31
07817  01 13 14 23 26 30 31
07818  01 13 14 24 26 30 31
07819  01 13 16 20 21 22 24
07820  01 13 16 20 21 23 24
07821  01 13 16 20 21 24 26
07822  01 13 16 20 21 24 30
07823  01 13 16 20 21 24 31
07824  01 13 16 20 22 23 24
07825  01 13 16 20 22 24 26
07826  01 13 16 20 22 24 30
07827  01 13 16 20 22 24 31
07828  01 13 16 20 23 24 26
07829  01 13 16 20 23 24 30
07830  01 13 16 20 23 24 31
07831  01 13 16 20 24 26 30
07832  01 13 16 20 24 26 31
07833  01 13 16 20 24 30 31
07834  01 13 16 21 22 23 24
07835  01 13 16 21 22 24 26
07836  01 13 16 21 22 24 30
07837  01 13 16 21 22 24 31
07838  01 13 16 21 23 24 26
07839  01 13 16 21 23 24 30
07840  01 13 16 21 23 24 31
07841  01 13 16 21 24 26 30
07842  01 13 16 21 24 26 31
07843  01 13 16 21 24 30 31
07844  01 13 16 22 23 24 26
07845  01 13 16 22 23 24 30
07846  01 13 16 22 23 24 31
07847  01 13 16 22 24 26 30
07848  01 13 16 22 24 26 31
07849  01 13 16 22 24 30 31
07850  01 13 16 23 24 26 30
07851  01 13 16 23 24 26 31
07852  01 13 16 23 24 30 31
07853  01 13 16 24 26 30 31
07854  01 13 20 21 22 24 26
07855  01 13 20 21 23 24 26
07856  01 13 20 21 24 26 30
07857  01 13 20 21 24 26 31
07858  01 13 20 22 23 24 26
07859  01 13 20 22 24 26 30
07860  01 13 20 22 24 26 31
07861  01 13 20 23 24 26 30
07862  01 13 20 23 24 26 31
07863  01 13 20 24 26 30 31
07864  01 13 21 22 23 24 26
07865  01 13 21 22 24 26 30
07866  01 13 21 22 24 26 31
07867  01 13 21 23 24 26 30
07868  01 13 21 23 24 26 31
07869  01 13 21 24 26 30 31
07870  01 13 22 23 24 26 30
07871  01 13 22 23 24 26 31
07872  01 13 22 24 26 30 31
07873  01 13 23 24 26 30 31
07874  01 14 16 20 21 22 23
07875  01 14 16 20 21 22 30
07876  01 14 16 20 21 22 31
07877  01 14 16 20 21 23 24
07878  01 14 16 20 21 23 26
07879  01 14 16 20 21 23 30
07880  01 14 16 20 21 23 31
07881  01 14 16 20 21 24 30
07882  01 14 16 20 21 24 31
07883  01 14 16 20 21 26 30
07884  01 14 16 20 21 26 31
07885  01 14 16 20 21 30 31
07886  01 14 16 20 22 23 24
07887  01 14 16 20 22 23 26
07888  01 14 16 20 22 23 30
07889  01 14 16 20 22 23 31
07890  01 14 16 20 22 24 30
07891  01 14 16 20 22 24 31
07892  01 14 16 20 22 26 30
07893  01 14 16 20 22 26 31
07894  01 14 16 20 22 30 31
07895  01 14 16 20 23 24 26
07896  01 14 16 20 23 24 30
07897  01 14 16 20 23 24 31
07898  01 14 16 20 23 26 30
07899  01 14 16 20 23 26 31
07900  01 14 16 20 23 30 31
07901  01 14 16 20 24 26 30
07902  01 14 16 20 24 26 31
07903  01 14 16 20 24 30 31
07904  01 14 16 20 26 30 31
07905  01 14 16 21 22 23 24
07906  01 14 16 21 22 23 26
07907  01 14 16 21 22 23 30
07908  01 14 16 21 22 23 31
07909  01 14 16 21 22 24 30
07910  01 14 16 21 22 24 31
07911  01 14 16 21 22 26 30
07912  01 14 16 21 22 26 31
07913  01 14 16 21 22 30 31
07914  01 14 16 21 23 24 26
07915  01 14 16 21 23 24 30
07916  01 14 16 21 23 24 31
07917  01 14 16 21 23 26 30
07918  01 14 16 21 23 26 31
07919  01 14 16 21 23 30 31
07920  01 14 16 21 24 26 30
07921  01 14 16 21 24 26 31
07922  01 14 16 21 24 30 31
07923  01 14 16 21 26 30 31
07924  01 14 16 22 23 24 26
07925  01 14 16 22 23 24 30
07926  01 14 16 22 23 24 31
07927  01 14 16 22 23 26 30
07928  01 14 16 22 23 26 31
07929  01 14 16 22 23 30 31
07930  01 14 16 22 24 26 30
07931  01 14 16 22 24 26 31
07932  01 14 16 22 24 30 31
07933  01 14 16 22 26 30 31
07934  01 14 16 23 24 26 30
07935  01 14 16 23 24 26 31
07936  01 14 16 23 24 30 31
07937  01 14 16 23 26 30 31
07938  01 14 16 24 26 30 31
07939  01 14 20 21 22 23 26
07940  01 14 20 21 22 26 30
07941  01 14 20 21 22 26 31
07942  01 14 20 21 23 24 26
07943  01 14 20 21 23 26 30
07944  01 14 20 21 23 26 31
07945  01 14 20 21 24 26 30
07946  01 14 20 21 24 26 31
07947  01 14 20 21 26 30 31
07948  01 14 20 22 23 24 26
07949  01 14 20 22 23 26 30
07950  01 14 20 22 23 26 31
07951  01 14 20 22 24 26 30
07952  01 14 20 22 24 26 31
07953  01 14 20 22 26 30 31
07954  01 14 20 23 24 26 30
07955  01 14 20 23 24 26 31
07956  01 14 20 23 26 30 31
07957  01 14 20 24 26 30 31
07958  01 14 21 22 23 24 26
07959  01 14 21 22 23 26 30
07960  01 14 21 22 23 26 31
07961  01 14 21 22 24 26 30
07962  01 14 21 22 24 26 31
07963  01 14 21 22 26 30 31
07964  01 14 21 23 24 26 30
07965  01 14 21 23 24 26 31
07966  01 14 21 23 26 30 31
07967  01 14 21 24 26 30 31
07968  01 14 22 23 24 26 30
07969  01 14 22 23 24 26 31
07970  01 14 22 23 26 30 31
07971  01 14 22 24 26 30 31
07972  01 14 23 24 26 30 31
07973  01 16 20 21 22 23 24
07974  01 16 20 21 22 24 30
07975  01 16 20 21 22 24 31
07976  01 16 20 21 23 24 26
07977  01 16 20 21 23 24 30
07978  01 16 20 21 23 24 31
07979  01 16 20 21 24 26 30
07980  01 16 20 21 24 26 31
07981  01 16 20 21 24 30 31
07982  01 16 20 22 23 24 26
07983  01 16 20 22 23 24 30
07984  01 16 20 22 23 24 31
07985  01 16 20 22 24 26 30
07986  01 16 20 22 24 26 31
07987  01 16 20 22 24 30 31
07988  01 16 20 23 24 26 30
07989  01 16 20 23 24 26 31
07990  01 16 20 23 24 30 31
07991  01 16 20 24 26 30 31
07992  01 16 21 22 23 24 26
07993  01 16 21 22 23 24 30
07994  01 16 21 22 23 24 31
07995  01 16 21 22 24 26 30
07996  01 16 21 22 24 26 31
07997  01 16 21 22 24 30 31
07998  01 16 21 23 24 26 30
07999  01 16 21 23 24 26 31
08000  01 16 21 23 24 30 31
08001  01 16 21 24 26 30 31
08002  01 16 22 23 24 26 30
08003  01 16 22 23 24 26 31
08004  01 16 22 23 24 30 31
08005  01 16 22 24 26 30 31
08006  01 16 23 24 26 30 31
08007  01 20 21 22 23 24 26
08008  01 20 21 22 24 26 30
08009  01 20 21 22 24 26 31
08010  01 20 21 23 24 26 30
08011  01 20 21 23 24 26 31
08012  01 20 21 24 26 30 31
08013  01 20 22 23 24 26 30
08014  01 20 22 23 24 26 31
08015  01 20 22 24 26 30 31
08016  01 20 23 24 26 30 31
08017  01 21 22 23 24 26 30
08018  01 21 22 23 24 26 31
08019  01 21 22 24 26 30 31
08020  01 21 23 24 26 30 31
08021  01 22 23 24 26 30 31
08022  02 03 04 06 10 11 12
08023  02 03 04 06 10 11 13
08024  02 03 04 06 10 11 14
08025  02 03 04 06 10 11 16
08026  02 03 04 06 10 11 20
08027  02 03 04 06 10 11 21
08028  02 03 04 06 10 11 22
08029  02 03 04 06 10 11 23
08030  02 03 04 06 10 11 24
08031  02 03 04 06 10 11 26
08032  02 03 04 06 10 11 30
08033  02 03 04 06 10 11 31
08034  02 03 04 06 10 12 13
08035  02 03 04 06 10 12 14
08036  02 03 04 06 10 12 16
08037  02 03 04 06 10 12 20
08038  02 03 04 06 10 12 21
08039  02 03 04 06 10 12 22
08040  02 03 04 06 10 12 23
08041  02 03 04 06 10 12 24
08042  02 03 04 06 10 12 26
08043  02 03 04 06 10 12 30
08044  02 03 04 06 10 12 31
08045  02 03 04 06 10 13 14
08046  02 03 04 06 10 13 16
08047  02 03 04 06 10 13 20
08048  02 03 04 06 10 13 21
08049  02 03 04 06 10 13 22
08050  02 03 04 06 10 13 23
08051  02 03 04 06 10 13 24
08052  02 03 04 06 10 13 26
08053  02 03 04 06 10 13 30
08054  02 03 04 06 10 13 31
08055  02 03 04 06 10 14 16
08056  02 03 04 06 10 14 20
08057  02 03 04 06 10 14 21
08058  02 03 04 06 10 14 22
08059  02 03 04 06 10 14 23
08060  02 03 04 06 10 14 24
08061  02 03 04 06 10 14 26
08062  02 03 04 06 10 14 30
08063  02 03 04 06 10 14 31
08064  02 03 04 06 10 16 20
08065  02 03 04 06 10 16 21
08066  02 03 04 06 10 16 22
08067  02 03 04 06 10 16 23
08068  02 03 04 06 10 16 24
08069  02 03 04 06 10 16 26
08070  02 03 04 06 10 16 30
08071  02 03 04 06 10 16 31
08072  02 03 04 06 10 20 21
08073  02 03 04 06 10 20 22
08074  02 03 04 06 10 20 23
08075  02 03 04 06 10 20 24
08076  02 03 04 06 10 20 26
08077  02 03 04 06 10 20 30
08078  02 03 04 06 10 20 31
08079  02 03 04 06 10 21 22
08080  02 03 04 06 10 21 23
08081  02 03 04 06 10 21 24
08082  02 03 04 06 10 21 26
08083  02 03 04 06 10 21 30
08084  02 03 04 06 10 21 31
08085  02 03 04 06 10 22 23
08086  02 03 04 06 10 22 24
08087  02 03 04 06 10 22 26
08088  02 03 04 06 10 22 30
08089  02 03 04 06 10 22 31
08090  02 03 04 06 10 23 24
08091  02 03 04 06 10 23 26
08092  02 03 04 06 10 23 30
08093  02 03 04 06 10 23 31
08094  02 03 04 06 10 24 26
08095  02 03 04 06 10 24 30
08096  02 03 04 06 10 24 31
08097  02 03 04 06 10 26 30
08098  02 03 04 06 10 26 31
08099  02 03 04 06 10 30 31
08100  02 03 04 06 11 12 13
08101  02 03 04 06 11 12 14
08102  02 03 04 06 11 12 16
08103  02 03 04 06 11 12 20
08104  02 03 04 06 11 12 21
08105  02 03 04 06 11 12 22
08106  02 03 04 06 11 12 23
08107  02 03 04 06 11 12 24
08108  02 03 04 06 11 12 26
08109  02 03 04 06 11 12 30
08110  02 03 04 06 11 12 31
08111  02 03 04 06 11 13 14
08112  02 03 04 06 11 13 16
08113  02 03 04 06 11 13 20
08114  02 03 04 06 11 13 21
08115  02 03 04 06 11 13 22
08116  02 03 04 06 11 13 23
08117  02 03 04 06 11 13 24
08118  02 03 04 06 11 13 26
08119  02 03 04 06 11 13 30
08120  02 03 04 06 11 13 31
08121  02 03 04 06 11 14 16
08122  02 03 04 06 11 14 20
08123  02 03 04 06 11 14 21
08124  02 03 04 06 11 14 22
08125  02 03 04 06 11 14 23
08126  02 03 04 06 11 14 24
08127  02 03 04 06 11 14 26
08128  02 03 04 06 11 14 30
08129  02 03 04 06 11 14 31
08130  02 03 04 06 11 16 20
08131  02 03 04 06 11 16 21
08132  02 03 04 06 11 16 22
08133  02 03 04 06 11 16 23
08134  02 03 04 06 11 16 24
08135  02 03 04 06 11 16 26
08136  02 03 04 06 11 16 30
08137  02 03 04 06 11 16 31
08138  02 03 04 06 11 20 21
08139  02 03 04 06 11 20 22
08140  02 03 04 06 11 20 23
08141  02 03 04 06 11 20 24
08142  02 03 04 06 11 20 26
08143  02 03 04 06 11 20 30
08144  02 03 04 06 11 20 31
08145  02 03 04 06 11 21 22
08146  02 03 04 06 11 21 23
08147  02 03 04 06 11 21 24
08148  02 03 04 06 11 21 26
08149  02 03 04 06 11 21 30
08150  02 03 04 06 11 21 31
08151  02 03 04 06 11 22 23
08152  02 03 04 06 11 22 24
08153  02 03 04 06 11 22 26
08154  02 03 04 06 11 22 30
08155  02 03 04 06 11 22 31
08156  02 03 04 06 11 23 24
08157  02 03 04 06 11 23 26
08158  02 03 04 06 11 23 30
08159  02 03 04 06 11 23 31
08160  02 03 04 06 11 24 26
08161  02 03 04 06 11 24 30
08162  02 03 04 06 11 24 31
08163  02 03 04 06 11 26 30
08164  02 03 04 06 11 26 31
08165  02 03 04 06 11 30 31
08166  02 03 04 06 12 13 14
08167  02 03 04 06 12 13 16
08168  02 03 04 06 12 13 20
08169  02 03 04 06 12 13 21
08170  02 03 04 06 12 13 22
08171  02 03 04 06 12 13 23
08172  02 03 04 06 12 13 24
08173  02 03 04 06 12 13 26
08174  02 03 04 06 12 13 30
08175  02 03 04 06 12 13 31
08176  02 03 04 06 12 14 16
08177  02 03 04 06 12 14 20
08178  02 03 04 06 12 14 21
08179  02 03 04 06 12 14 22
08180  02 03 04 06 12 14 23
08181  02 03 04 06 12 14 24
08182  02 03 04 06 12 14 26
08183  02 03 04 06 12 14 30
08184  02 03 04 06 12 14 31
08185  02 03 04 06 12 16 20
08186  02 03 04 06 12 16 21
08187  02 03 04 06 12 16 22
08188  02 03 04 06 12 16 23
08189  02 03 04 06 12 16 24
08190  02 03 04 06 12 16 26
08191  02 03 04 06 12 16 30
08192  02 03 04 06 12 16 31
08193  02 03 04 06 12 20 21
08194  02 03 04 06 12 20 22
08195  02 03 04 06 12 20 23
08196  02 03 04 06 12 20 24
08197  02 03 04 06 12 20 26
08198  02 03 04 06 12 20 30
08199  02 03 04 06 12 20 31
08200  02 03 04 06 12 21 22
08201  02 03 04 06 12 21 23
08202  02 03 04 06 12 21 24
08203  02 03 04 06 12 21 26
08204  02 03 04 06 12 21 30
08205  02 03 04 06 12 21 31
08206  02 03 04 06 12 22 23
08207  02 03 04 06 12 22 24
08208  02 03 04 06 12 22 26
08209  02 03 04 06 12 22 30
08210  02 03 04 06 12 22 31
08211  02 03 04 06 12 23 24
08212  02 03 04 06 12 23 26
08213  02 03 04 06 12 23 30
08214  02 03 04 06 12 23 31
08215  02 03 04 06 12 24 26
08216  02 03 04 06 12 24 30
08217  02 03 04 06 12 24 31
08218  02 03 04 06 12 26 30
08219  02 03 04 06 12 26 31
08220  02 03 04 06 12 30 31
08221  02 03 04 06 13 14 16
08222  02 03 04 06 13 14 20
08223  02 03 04 06 13 14 21
08224  02 03 04 06 13 14 22
08225  02 03 04 06 13 14 23
08226  02 03 04 06 13 14 24
08227  02 03 04 06 13 14 26
08228  02 03 04 06 13 14 30
08229  02 03 04 06 13 14 31
08230  02 03 04 06 13 16 20
08231  02 03 04 06 13 16 21
08232  02 03 04 06 13 16 22
08233  02 03 04 06 13 16 23
08234  02 03 04 06 13 16 24
08235  02 03 04 06 13 16 26
08236  02 03 04 06 13 16 30
08237  02 03 04 06 13 16 31
08238  02 03 04 06 13 20 21
08239  02 03 04 06 13 20 22
08240  02 03 04 06 13 20 23
08241  02 03 04 06 13 20 24
08242  02 03 04 06 13 20 26
08243  02 03 04 06 13 20 30
08244  02 03 04 06 13 20 31
08245  02 03 04 06 13 21 22
08246  02 03 04 06 13 21 23
08247  02 03 04 06 13 21 24
08248  02 03 04 06 13 21 26
08249  02 03 04 06 13 21 30
08250  02 03 04 06 13 21 31
08251  02 03 04 06 13 22 23
08252  02 03 04 06 13 22 24
08253  02 03 04 06 13 22 26
08254  02 03 04 06 13 22 30
08255  02 03 04 06 13 22 31
08256  02 03 04 06 13 23 24
08257  02 03 04 06 13 23 26
08258  02 03 04 06 13 23 30
08259  02 03 04 06 13 23 31
08260  02 03 04 06 13 24 26
08261  02 03 04 06 13 24 30
08262  02 03 04 06 13 24 31
08263  02 03 04 06 13 26 30
08264  02 03 04 06 13 26 31
08265  02 03 04 06 13 30 31
08266  02 03 04 06 14 16 20
08267  02 03 04 06 14 16 21
08268  02 03 04 06 14 16 22
08269  02 03 04 06 14 16 23
08270  02 03 04 06 14 16 24
08271  02 03 04 06 14 16 26
08272  02 03 04 06 14 16 30
08273  02 03 04 06 14 16 31
08274  02 03 04 06 14 20 21
08275  02 03 04 06 14 20 22
08276  02 03 04 06 14 20 23
08277  02 03 04 06 14 20 24
08278  02 03 04 06 14 20 26
08279  02 03 04 06 14 20 30
08280  02 03 04 06 14 20 31
08281  02 03 04 06 14 21 22
08282  02 03 04 06 14 21 23
08283  02 03 04 06 14 21 24
08284  02 03 04 06 14 21 26
08285  02 03 04 06 14 21 30
08286  02 03 04 06 14 21 31
08287  02 03 04 06 14 22 23
08288  02 03 04 06 14 22 24
08289  02 03 04 06 14 22 26
08290  02 03 04 06 14 22 30
08291  02 03 04 06 14 22 31
08292  02 03 04 06 14 23 24
08293  02 03 04 06 14 23 26
08294  02 03 04 06 14 23 30
08295  02 03 04 06 14 23 31
08296  02 03 04 06 14 24 26
08297  02 03 04 06 14 24 30
08298  02 03 04 06 14 24 31
08299  02 03 04 06 14 26 30
08300  02 03 04 06 14 26 31
08301  02 03 04 06 14 30 31
08302  02 03 04 06 16 20 21
08303  02 03 04 06 16 20 22
08304  02 03 04 06 16 20 23
08305  02 03 04 06 16 20 24
08306  02 03 04 06 16 20 26
08307  02 03 04 06 16 20 30
08308  02 03 04 06 16 20 31
08309  02 03 04 06 16 21 22
08310  02 03 04 06 16 21 23
08311  02 03 04 06 16 21 24
08312  02 03 04 06 16 21 26
08313  02 03 04 06 16 21 30
08314  02 03 04 06 16 21 31
08315  02 03 04 06 16 22 23
08316  02 03 04 06 16 22 24
08317  02 03 04 06 16 22 26
08318  02 03 04 06 16 22 30
08319  02 03 04 06 16 22 31
08320  02 03 04 06 16 23 24
08321  02 03 04 06 16 23 26
08322  02 03 04 06 16 23 30
08323  02 03 04 06 16 23 31
08324  02 03 04 06 16 24 26
08325  02 03 04 06 16 24 30
08326  02 03 04 06 16 24 31
08327  02 03 04 06 16 26 30
08328  02 03 04 06 16 26 31
08329  02 03 04 06 16 30 31
08330  02 03 04 06 20 21 22
08331  02 03 04 06 20 21 23
08332  02 03 04 06 20 21 24
08333  02 03 04 06 20 21 26
08334  02 03 04 06 20 21 30
08335  02 03 04 06 20 21 31
08336  02 03 04 06 20 22 31
08337  02 03 04 06 20 23 31
08338  02 03 04 06 20 24 31
08339  02 03 04 06 20 26 31
08340  02 03 04 06 20 30 31
08341  02 03 04 06 21 22 23
08342  02 03 04 06 21 22 24
08343  02 03 04 06 21 22 26
08344  02 03 04 06 21 22 30
08345  02 03 04 06 21 22 31
08346  02 03 04 06 21 23 24
08347  02 03 04 06 21 23 26
08348  02 03 04 06 21 23 30
08349  02 03 04 06 21 23 31
08350  02 03 04 06 21 24 26
08351  02 03 04 06 21 24 30
08352  02 03 04 06 21 24 31
08353  02 03 04 06 21 26 30
08354  02 03 04 06 21 26 31
08355  02 03 04 06 21 30 31
08356  02 03 04 06 22 23 31
08357  02 03 04 06 22 24 31
08358  02 03 04 06 22 26 31
08359  02 03 04 06 22 30 31
08360  02 03 04 06 23 24 31
08361  02 03 04 06 23 26 31
08362  02 03 04 06 23 30 31
08363  02 03 04 06 24 26 31
08364  02 03 04 06 24 30 31
08365  02 03 04 06 26 30 31
08366  02 03 04 10 11 12 16
08367  02 03 04 10 11 12 26
08368  02 03 04 10 11 13 16
08369  02 03 04 10 11 13 26
08370  02 03 04 10 11 14 16
08371  02 03 04 10 11 14 26
08372  02 03 04 10 11 16 20
08373  02 03 04 10 11 16 21
08374  02 03 04 10 11 16 22
08375  02 03 04 10 11 16 23
08376  02 03 04 10 11 16 24
08377  02 03 04 10 11 16 26
08378  02 03 04 10 11 16 30
08379  02 03 04 10 11 16 31
08380  02 03 04 10 11 20 26
08381  02 03 04 10 11 21 26
08382  02 03 04 10 11 22 26
08383  02 03 04 10 11 23 26
08384  02 03 04 10 11 24 26
08385  02 03 04 10 11 26 30
08386  02 03 04 10 11 26 31
08387  02 03 04 10 12 13 16
08388  02 03 04 10 12 13 26
08389  02 03 04 10 12 14 16
08390  02 03 04 10 12 14 26
08391  02 03 04 10 12 16 20
08392  02 03 04 10 12 16 21
08393  02 03 04 10 12 16 22
08394  02 03 04 10 12 16 23
08395  02 03 04 10 12 16 24
08396  02 03 04 10 12 16 26
08397  02 03 04 10 12 16 30
08398  02 03 04 10 12 16 31
08399  02 03 04 10 12 20 26
08400  02 03 04 10 12 21 26
08401  02 03 04 10 12 22 26
08402  02 03 04 10 12 23 26
08403  02 03 04 10 12 24 26
08404  02 03 04 10 12 26 30
08405  02 03 04 10 12 26 31
08406  02 03 04 10 13 14 16
08407  02 03 04 10 13 14 26
08408  02 03 04 10 13 16 20
08409  02 03 04 10 13 16 21
08410  02 03 04 10 13 16 22
08411  02 03 04 10 13 16 23
08412  02 03 04 10 13 16 24
08413  02 03 04 10 13 16 26
08414  02 03 04 10 13 16 30
08415  02 03 04 10 13 16 31
08416  02 03 04 10 13 20 26
08417  02 03 04 10 13 21 26
08418  02 03 04 10 13 22 26
08419  02 03 04 10 13 23 26
08420  02 03 04 10 13 24 26
08421  02 03 04 10 13 26 30
08422  02 03 04 10 13 26 31
08423  02 03 04 10 14 16 20
08424  02 03 04 10 14 16 21
08425  02 03 04 10 14 16 22
08426  02 03 04 10 14 16 23
08427  02 03 04 10 14 16 24
08428  02 03 04 10 14 16 26
08429  02 03 04 10 14 16 30
08430  02 03 04 10 14 16 31
08431  02 03 04 10 14 20 26
08432  02 03 04 10 14 21 26
08433  02 03 04 10 14 22 26
08434  02 03 04 10 14 23 26
08435  02 03 04 10 14 24 26
08436  02 03 04 10 14 26 30
08437  02 03 04 10 14 26 31
08438  02 03 04 10 16 20 21
08439  02 03 04 10 16 20 22
08440  02 03 04 10 16 20 23
08441  02 03 04 10 16 20 24
08442  02 03 04 10 16 20 26
08443  02 03 04 10 16 20 30
08444  02 03 04 10 16 20 31
08445  02 03 04 10 16 21 22
08446  02 03 04 10 16 21 23
08447  02 03 04 10 16 21 24
08448  02 03 04 10 16 21 26
08449  02 03 04 10 16 21 30
08450  02 03 04 10 16 21 31
08451  02 03 04 10 16 22 23
08452  02 03 04 10 16 22 24
08453  02 03 04 10 16 22 26
08454  02 03 04 10 16 22 30
08455  02 03 04 10 16 22 31
08456  02 03 04 10 16 23 24
08457  02 03 04 10 16 23 26
08458  02 03 04 10 16 23 30
08459  02 03 04 10 16 23 31
08460  02 03 04 10 16 24 26
08461  02 03 04 10 16 24 30
08462  02 03 04 10 16 24 31
08463  02 03 04 10 16 26 30
08464  02 03 04 10 16 26 31
08465  02 03 04 10 16 30 31
08466  02 03 04 10 20 21 26
08467  02 03 04 10 20 22 26
08468  02 03 04 10 20 23 26
08469  02 03 04 10 20 24 26
08470  02 03 04 10 20 26 30
08471  02 03 04 10 20 26 31
08472  02 03 04 10 21 22 26
08473  02 03 04 10 21 23 26
08474  02 03 04 10 21 24 26
08475  02 03 04 10 21 26 30
08476  02 03 04 10 21 26 31
08477  02 03 04 10 22 23 26
08478  02 03 04 10 22 24 26
08479  02 03 04 10 22 26 30
08480  02 03 04 10 22 26 31
08481  02 03 04 10 23 24 26
08482  02 03 04 10 23 26 30
08483  02 03 04 10 23 26 31
08484  02 03 04 10 24 26 30
08485  02 03 04 10 24 26 31
08486  02 03 04 10 26 30 31
08487  02 03 04 11 12 13 16
08488  02 03 04 11 12 13 26
08489  02 03 04 11 12 14 16
08490  02 03 04 11 12 14 26
08491  02 03 04 11 12 16 20
08492  02 03 04 11 12 16 21
08493  02 03 04 11 12 16 22
08494  02 03 04 11 12 16 23
08495  02 03 04 11 12 16 24
08496  02 03 04 11 12 16 26
08497  02 03 04 11 12 16 30
08498  02 03 04 11 12 16 31
08499  02 03 04 11 12 20 26
08500  02 03 04 11 12 21 26
08501  02 03 04 11 12 22 26
08502  02 03 04 11 12 23 26
08503  02 03 04 11 12 24 26
08504  02 03 04 11 12 26 30
08505  02 03 04 11 12 26 31
08506  02 03 04 11 13 14 16
08507  02 03 04 11 13 14 26
08508  02 03 04 11 13 16 20
08509  02 03 04 11 13 16 21
08510  02 03 04 11 13 16 22
08511  02 03 04 11 13 16 23
08512  02 03 04 11 13 16 24
08513  02 03 04 11 13 16 26
08514  02 03 04 11 13 16 30
08515  02 03 04 11 13 16 31
08516  02 03 04 11 13 20 26
08517  02 03 04 11 13 21 26
08518  02 03 04 11 13 22 26
08519  02 03 04 11 13 23 26
08520  02 03 04 11 13 24 26
08521  02 03 04 11 13 26 30
08522  02 03 04 11 13 26 31
08523  02 03 04 11 14 16 20
08524  02 03 04 11 14 16 21
08525  02 03 04 11 14 16 22
08526  02 03 04 11 14 16 23
08527  02 03 04 11 14 16 24
08528  02 03 04 11 14 16 26
08529  02 03 04 11 14 16 30
08530  02 03 04 11 14 16 31
08531  02 03 04 11 14 20 26
08532  02 03 04 11 14 21 26
08533  02 03 04 11 14 22 26
08534  02 03 04 11 14 23 26
08535  02 03 04 11 14 24 26
08536  02 03 04 11 14 26 30
08537  02 03 04 11 14 26 31
08538  02 03 04 11 16 20 21
08539  02 03 04 11 16 20 22
08540  02 03 04 11 16 20 23
08541  02 03 04 11 16 20 24
08542  02 03 04 11 16 20 26
08543  02 03 04 11 16 20 30
08544  02 03 04 11 16 20 31
08545  02 03 04 11 16 21 22
08546  02 03 04 11 16 21 23
08547  02 03 04 11 16 21 24
08548  02 03 04 11 16 21 26
08549  02 03 04 11 16 21 30
08550  02 03 04 11 16 21 31
08551  02 03 04 11 16 22 23
08552  02 03 04 11 16 22 24
08553  02 03 04 11 16 22 26
08554  02 03 04 11 16 22 30
08555  02 03 04 11 16 22 31
08556  02 03 04 11 16 23 24
08557  02 03 04 11 16 23 26
08558  02 03 04 11 16 23 30
08559  02 03 04 11 16 23 31
08560  02 03 04 11 16 24 26
08561  02 03 04 11 16 24 30
08562  02 03 04 11 16 24 31
08563  02 03 04 11 16 26 30
08564  02 03 04 11 16 26 31
08565  02 03 04 11 16 30 31
08566  02 03 04 11 20 21 26
08567  02 03 04 11 20 22 26
08568  02 03 04 11 20 23 26
08569  02 03 04 11 20 24 26
08570  02 03 04 11 20 26 30
08571  02 03 04 11 20 26 31
08572  02 03 04 11 21 22 26
08573  02 03 04 11 21 23 26
08574  02 03 04 11 21 24 26
08575  02 03 04 11 21 26 30
08576  02 03 04 11 21 26 31
08577  02 03 04 11 22 23 26
08578  02 03 04 11 22 24 26
08579  02 03 04 11 22 26 30
08580  02 03 04 11 22 26 31
08581  02 03 04 11 23 24 26
08582  02 03 04 11 23 26 30
08583  02 03 04 11 23 26 31
08584  02 03 04 11 24 26 30
08585  02 03 04 11 24 26 31
08586  02 03 04 11 26 30 31
08587  02 03 04 12 13 14 16
08588  02 03 04 12 13 14 26
08589  02 03 04 12 13 16 20
08590  02 03 04 12 13 16 21
08591  02 03 04 12 13 16 22
08592  02 03 04 12 13 16 23
08593  02 03 04 12 13 16 24
08594  02 03 04 12 13 16 26
08595  02 03 04 12 13 16 30
08596  02 03 04 12 13 16 31
08597  02 03 04 12 13 20 26
08598  02 03 04 12 13 21 26
08599  02 03 04 12 13 22 26
08600  02 03 04 12 13 23 26
08601  02 03 04 12 13 24 26
08602  02 03 04 12 13 26 30
08603  02 03 04 12 13 26 31
08604  02 03 04 12 14 16 20
08605  02 03 04 12 14 16 21
08606  02 03 04 12 14 16 22
08607  02 03 04 12 14 16 23
08608  02 03 04 12 14 16 24
08609  02 03 04 12 14 16 26
08610  02 03 04 12 14 16 30
08611  02 03 04 12 14 16 31
08612  02 03 04 12 14 20 26
08613  02 03 04 12 14 21 26
08614  02 03 04 12 14 22 26
08615  02 03 04 12 14 23 26
08616  02 03 04 12 14 24 26
08617  02 03 04 12 14 26 30
08618  02 03 04 12 14 26 31
08619  02 03 04 12 16 20 21
08620  02 03 04 12 16 20 22
08621  02 03 04 12 16 20 23
08622  02 03 04 12 16 20 24
08623  02 03 04 12 16 20 26
08624  02 03 04 12 16 20 30
08625  02 03 04 12 16 20 31
08626  02 03 04 12 16 21 22
08627  02 03 04 12 16 21 23
08628  02 03 04 12 16 21 24
08629  02 03 04 12 16 21 26
08630  02 03 04 12 16 21 30
08631  02 03 04 12 16 21 31
08632  02 03 04 12 16 22 23
08633  02 03 04 12 16 22 24
08634  02 03 04 12 16 22 26
08635  02 03 04 12 16 22 30
08636  02 03 04 12 16 22 31
08637  02 03 04 12 16 23 24
08638  02 03 04 12 16 23 26
08639  02 03 04 12 16 23 30
08640  02 03 04 12 16 23 31
08641  02 03 04 12 16 24 26
08642  02 03 04 12 16 24 30
08643  02 03 04 12 16 24 31
08644  02 03 04 12 16 26 30
08645  02 03 04 12 16 26 31
08646  02 03 04 12 16 30 31
08647  02 03 04 12 20 21 26
08648  02 03 04 12 20 22 26
08649  02 03 04 12 20 23 26
08650  02 03 04 12 20 24 26
08651  02 03 04 12 20 26 30
08652  02 03 04 12 20 26 31
08653  02 03 04 12 21 22 26
08654  02 03 04 12 21 23 26
08655  02 03 04 12 21 24 26
08656  02 03 04 12 21 26 30
08657  02 03 04 12 21 26 31
08658  02 03 04 12 22 23 26
08659  02 03 04 12 22 24 26
08660  02 03 04 12 22 26 30
08661  02 03 04 12 22 26 31
08662  02 03 04 12 23 24 26
08663  02 03 04 12 23 26 30
08664  02 03 04 12 23 26 31
08665  02 03 04 12 24 26 30
08666  02 03 04 12 24 26 31
08667  02 03 04 12 26 30 31
08668  02 03 04 13 14 16 20
08669  02 03 04 13 14 16 21
08670  02 03 04 13 14 16 22
08671  02 03 04 13 14 16 23
08672  02 03 04 13 14 16 24
08673  02 03 04 13 14 16 26
08674  02 03 04 13 14 16 30
08675  02 03 04 13 14 16 31
08676  02 03 04 13 14 20 26
08677  02 03 04 13 14 21 26
08678  02 03 04 13 14 22 26
08679  02 03 04 13 14 23 26
08680  02 03 04 13 14 24 26
08681  02 03 04 13 14 26 30
08682  02 03 04 13 14 26 31
08683  02 03 04 13 16 20 21
08684  02 03 04 13 16 20 22
08685  02 03 04 13 16 20 23
08686  02 03 04 13 16 20 24
08687  02 03 04 13 16 20 26
08688  02 03 04 13 16 20 30
08689  02 03 04 13 16 20 31
08690  02 03 04 13 16 21 22
08691  02 03 04 13 16 21 23
08692  02 03 04 13 16 21 24
08693  02 03 04 13 16 21 26
08694  02 03 04 13 16 21 30
08695  02 03 04 13 16 21 31
08696  02 03 04 13 16 22 23
08697  02 03 04 13 16 22 24
08698  02 03 04 13 16 22 26
08699  02 03 04 13 16 22 30
08700  02 03 04 13 16 22 31
08701  02 03 04 13 16 23 24
08702  02 03 04 13 16 23 26
08703  02 03 04 13 16 23 30
08704  02 03 04 13 16 23 31
08705  02 03 04 13 16 24 26
08706  02 03 04 13 16 24 30
08707  02 03 04 13 16 24 31
08708  02 03 04 13 16 26 30
08709  02 03 04 13 16 26 31
08710  02 03 04 13 16 30 31
08711  02 03 04 13 20 21 26
08712  02 03 04 13 20 22 26
08713  02 03 04 13 20 23 26
08714  02 03 04 13 20 24 26
08715  02 03 04 13 20 26 30
08716  02 03 04 13 20 26 31
08717  02 03 04 13 21 22 26
08718  02 03 04 13 21 23 26
08719  02 03 04 13 21 24 26
08720  02 03 04 13 21 26 30
08721  02 03 04 13 21 26 31
08722  02 03 04 13 22 23 26
08723  02 03 04 13 22 24 26
08724  02 03 04 13 22 26 30
08725  02 03 04 13 22 26 31
08726  02 03 04 13 23 24 26
08727  02 03 04 13 23 26 30
08728  02 03 04 13 23 26 31
08729  02 03 04 13 24 26 30
08730  02 03 04 13 24 26 31
08731  02 03 04 13 26 30 31
08732  02 03 04 14 16 20 21
08733  02 03 04 14 16 20 22
08734  02 03 04 14 16 20 23
08735  02 03 04 14 16 20 24
08736  02 03 04 14 16 20 26
08737  02 03 04 14 16 20 30
08738  02 03 04 14 16 20 31
08739  02 03 04 14 16 21 22
08740  02 03 04 14 16 21 23
08741  02 03 04 14 16 21 24
08742  02 03 04 14 16 21 26
08743  02 03 04 14 16 21 30
08744  02 03 04 14 16 21 31
08745  02 03 04 14 16 22 23
08746  02 03 04 14 16 22 24
08747  02 03 04 14 16 22 26
08748  02 03 04 14 16 22 30
08749  02 03 04 14 16 22 31
08750  02 03 04 14 16 23 24
08751  02 03 04 14 16 23 26
08752  02 03 04 14 16 23 30
08753  02 03 04 14 16 23 31
08754  02 03 04 14 16 24 26
08755  02 03 04 14 16 24 30
08756  02 03 04 14 16 24 31
08757  02 03 04 14 16 26 30
08758  02 03 04 14 16 26 31
08759  02 03 04 14 16 30 31
08760  02 03 04 14 20 21 26
08761  02 03 04 14 20 22 26
08762  02 03 04 14 20 23 26
08763  02 03 04 14 20 24 26
08764  02 03 04 14 20 26 30
08765  02 03 04 14 20 26 31
08766  02 03 04 14 21 22 26
08767  02 03 04 14 21 23 26
08768  02 03 04 14 21 24 26
08769  02 03 04 14 21 26 30
08770  02 03 04 14 21 26 31
08771  02 03 04 14 22 23 26
08772  02 03 04 14 22 24 26
08773  02 03 04 14 22 26 30
08774  02 03 04 14 22 26 31
08775  02 03 04 14 23 24 26
08776  02 03 04 14 23 26 30
08777  02 03 04 14 23 26 31
08778  02 03 04 14 24 26 30
08779  02 03 04 14 24 26 31
08780  02 03 04 14 26 30 31
08781  02 03 04 16 20 21 22
08782  02 03 04 16 20 21 23
08783  02 03 04 16 20 21 24
08784  02 03 04 16 20 21 26
08785  02 03 04 16 20 21 30
08786  02 03 04 16 20 21 31
08787  02 03 04 16 20 22 23
08788  02 03 04 16 20 22 24
08789  02 03 04 16 20 22 26
08790  02 03 04 16 20 22 30
08791  02 03 04 16 20 22 31
08792  02 03 04 16 20 23 24
08793  02 03 04 16 20 23 26
08794  02 03 04 16 20 23 30
08795  02 03 04 16 20 23 31
08796  02 03 04 16 20 24 26
08797  02 03 04 16 20 24 30
08798  02 03 04 16 20 24 31
08799  02 03 04 16 20 26 30
08800  02 03 04 16 20 26 31
08801  02 03 04 16 20 30 31
08802  02 03 04 16 21 22 23
08803  02 03 04 16 21 22 24
08804  02 03 04 16 21 22 26
08805  02 03 04 16 21 22 30
08806  02 03 04 16 21 22 31
08807  02 03 04 16 21 23 24
08808  02 03 04 16 21 23 26
08809  02 03 04 16 21 23 30
08810  02 03 04 16 21 23 31
08811  02 03 04 16 21 24 26
08812  02 03 04 16 21 24 30
08813  02 03 04 16 21 24 31
08814  02 03 04 16 21 26 30
08815  02 03 04 16 21 26 31
08816  02 03 04 16 21 30 31
08817  02 03 04 16 22 23 24
08818  02 03 04 16 22 23 26
08819  02 03 04 16 22 23 30
08820  02 03 04 16 22 23 31
08821  02 03 04 16 22 24 26
08822  02 03 04 16 22 24 30
08823  02 03 04 16 22 24 31
08824  02 03 04 16 22 26 30
08825  02 03 04 16 22 26 31
08826  02 03 04 16 22 30 31
08827  02 03 04 16 23 24 26
08828  02 03 04 16 23 24 30
08829  02 03 04 16 23 24 31
08830  02 03 04 16 23 26 30
08831  02 03 04 16 23 26 31
08832  02 03 04 16 23 30 31
08833  02 03 04 16 24 26 30
08834  02 03 04 16 24 26 31
08835  02 03 04 16 24 30 31
08836  02 03 04 16 26 30 31
08837  02 03 04 20 21 22 26
08838  02 03 04 20 21 23 26
08839  02 03 04 20 21 24 26
08840  02 03 04 20 21 26 30
08841  02 03 04 20 21 26 31
08842  02 03 04 20 22 26 31
08843  02 03 04 20 23 26 31
08844  02 03 04 20 24 26 31
08845  02 03 04 20 26 30 31
08846  02 03 04 21 22 23 26
08847  02 03 04 21 22 24 26
08848  02 03 04 21 22 26 30
08849  02 03 04 21 22 26 31
08850  02 03 04 21 23 24 26
08851  02 03 04 21 23 26 30
08852  02 03 04 21 23 26 31
08853  02 03 04 21 24 26 30
08854  02 03 04 21 24 26 31
08855  02 03 04 21 26 30 31
08856  02 03 04 22 23 26 31
08857  02 03 04 22 24 26 31
08858  02 03 04 22 26 30 31
08859  02 03 04 23 24 26 31
08860  02 03 04 23 26 30 31
08861  02 03 04 24 26 30 31
08862  02 03 06 10 11 12 14
08863  02 03 06 10 11 12 24
08864  02 03 06 10 11 13 14
08865  02 03 06 10 11 13 24
08866  02 03 06 10 11 14 16
08867  02 03 06 10 11 14 20
08868  02 03 06 10 11 14 21
08869  02 03 06 10 11 14 22
08870  02 03 06 10 11 14 23
08871  02 03 06 10 11 14 24
08872  02 03 06 10 11 14 26
08873  02 03 06 10 11 14 30
08874  02 03 06 10 11 14 31
08875  02 03 06 10 11 16 24
08876  02 03 06 10 11 20 24
08877  02 03 06 10 11 21 24
08878  02 03 06 10 11 22 24
08879  02 03 06 10 11 23 24
08880  02 03 06 10 11 24 26
08881  02 03 06 10 11 24 30
08882  02 03 06 10 11 24 31
08883  02 03 06 10 12 13 14
08884  02 03 06 10 12 13 24
08885  02 03 06 10 12 14 16
08886  02 03 06 10 12 14 20
08887  02 03 06 10 12 14 21
08888  02 03 06 10 12 14 22
08889  02 03 06 10 12 14 23
08890  02 03 06 10 12 14 24
08891  02 03 06 10 12 14 26
08892  02 03 06 10 12 14 30
08893  02 03 06 10 12 14 31
08894  02 03 06 10 12 16 24
08895  02 03 06 10 12 20 24
08896  02 03 06 10 12 21 24
08897  02 03 06 10 12 22 24
08898  02 03 06 10 12 23 24
08899  02 03 06 10 12 24 26
08900  02 03 06 10 12 24 30
08901  02 03 06 10 12 24 31
08902  02 03 06 10 13 14 16
08903  02 03 06 10 13 14 20
08904  02 03 06 10 13 14 21
08905  02 03 06 10 13 14 22
08906  02 03 06 10 13 14 23
08907  02 03 06 10 13 14 24
08908  02 03 06 10 13 14 26
08909  02 03 06 10 13 14 30
08910  02 03 06 10 13 14 31
08911  02 03 06 10 13 16 24
08912  02 03 06 10 13 20 24
08913  02 03 06 10 13 21 24
08914  02 03 06 10 13 22 24
08915  02 03 06 10 13 23 24
08916  02 03 06 10 13 24 26
08917  02 03 06 10 13 24 30
08918  02 03 06 10 13 24 31
08919  02 03 06 10 14 16 20
08920  02 03 06 10 14 16 21
08921  02 03 06 10 14 16 22
08922  02 03 06 10 14 16 23
08923  02 03 06 10 14 16 24
08924  02 03 06 10 14 16 26
08925  02 03 06 10 14 16 30
08926  02 03 06 10 14 16 31
08927  02 03 06 10 14 20 21
08928  02 03 06 10 14 20 22
08929  02 03 06 10 14 20 23
08930  02 03 06 10 14 20 24
08931  02 03 06 10 14 20 26
08932  02 03 06 10 14 20 30
08933  02 03 06 10 14 20 31
08934  02 03 06 10 14 21 22
08935  02 03 06 10 14 21 23
08936  02 03 06 10 14 21 24
08937  02 03 06 10 14 21 26
08938  02 03 06 10 14 21 30
08939  02 03 06 10 14 21 31
08940  02 03 06 10 14 22 23
08941  02 03 06 10 14 22 24
08942  02 03 06 10 14 22 26
08943  02 03 06 10 14 22 30
08944  02 03 06 10 14 22 31
08945  02 03 06 10 14 23 24
08946  02 03 06 10 14 23 26
08947  02 03 06 10 14 23 30
08948  02 03 06 10 14 23 31
08949  02 03 06 10 14 24 26
08950  02 03 06 10 14 24 30
08951  02 03 06 10 14 24 31
08952  02 03 06 10 14 26 30
08953  02 03 06 10 14 26 31
08954  02 03 06 10 14 30 31
08955  02 03 06 10 16 20 24
08956  02 03 06 10 16 21 24
08957  02 03 06 10 16 22 24
08958  02 03 06 10 16 23 24
08959  02 03 06 10 16 24 26
08960  02 03 06 10 16 24 30
08961  02 03 06 10 16 24 31
08962  02 03 06 10 20 21 24
08963  02 03 06 10 20 22 24
08964  02 03 06 10 20 23 24
08965  02 03 06 10 20 24 26
08966  02 03 06 10 20 24 30
08967  02 03 06 10 20 24 31
08968  02 03 06 10 21 22 24
08969  02 03 06 10 21 23 24
08970  02 03 06 10 21 24 26
08971  02 03 06 10 21 24 30
08972  02 03 06 10 21 24 31
08973  02 03 06 10 22 23 24
08974  02 03 06 10 22 24 26
08975  02 03 06 10 22 24 30
08976  02 03 06 10 22 24 31
08977  02 03 06 10 23 24 26
08978  02 03 06 10 23 24 30
08979  02 03 06 10 23 24 31
08980  02 03 06 10 24 26 30
08981  02 03 06 10 24 26 31
08982  02 03 06 10 24 30 31
08983  02 03 06 11 12 13 14
08984  02 03 06 11 12 13 24
08985  02 03 06 11 12 14 16
08986  02 03 06 11 12 14 20
08987  02 03 06 11 12 14 21
08988  02 03 06 11 12 14 22
08989  02 03 06 11 12 14 23
08990  02 03 06 11 12 14 24
08991  02 03 06 11 12 14 26
08992  02 03 06 11 12 14 30
08993  02 03 06 11 12 14 31
08994  02 03 06 11 12 16 24
08995  02 03 06 11 12 20 24
08996  02 03 06 11 12 21 24
08997  02 03 06 11 12 22 24
08998  02 03 06 11 12 23 24
08999  02 03 06 11 12 24 26
09000  02 03 06 11 12 24 30
09001  02 03 06 11 12 24 31
09002  02 03 06 11 13 14 16
09003  02 03 06 11 13 14 20
09004  02 03 06 11 13 14 21
09005  02 03 06 11 13 14 22
09006  02 03 06 11 13 14 23
09007  02 03 06 11 13 14 24
09008  02 03 06 11 13 14 26
09009  02 03 06 11 13 14 30
09010  02 03 06 11 13 14 31
09011  02 03 06 11 13 16 24
09012  02 03 06 11 13 20 24
09013  02 03 06 11 13 21 24
09014  02 03 06 11 13 22 24
09015  02 03 06 11 13 23 24
09016  02 03 06 11 13 24 26
09017  02 03 06 11 13 24 30
09018  02 03 06 11 13 24 31
09019  02 03 06 11 14 16 20
09020  02 03 06 11 14 16 21
09021  02 03 06 11 14 16 22
09022  02 03 06 11 14 16 23
09023  02 03 06 11 14 16 24
09024  02 03 06 11 14 16 26
09025  02 03 06 11 14 16 30
09026  02 03 06 11 14 16 31
09027  02 03 06 11 14 20 21
09028  02 03 06 11 14 20 22
09029  02 03 06 11 14 20 23
09030  02 03 06 11 14 20 24
09031  02 03 06 11 14 20 26
09032  02 03 06 11 14 20 30
09033  02 03 06 11 14 20 31
09034  02 03 06 11 14 21 22
09035  02 03 06 11 14 21 23
09036  02 03 06 11 14 21 24
09037  02 03 06 11 14 21 26
09038  02 03 06 11 14 21 30
09039  02 03 06 11 14 21 31
09040  02 03 06 11 14 22 23
09041  02 03 06 11 14 22 24
09042  02 03 06 11 14 22 26
09043  02 03 06 11 14 22 30
09044  02 03 06 11 14 22 31
09045  02 03 06 11 14 23 24
09046  02 03 06 11 14 23 26
09047  02 03 06 11 14 23 30
09048  02 03 06 11 14 23 31
09049  02 03 06 11 14 24 26
09050  02 03 06 11 14 24 30
09051  02 03 06 11 14 24 31
09052  02 03 06 11 14 26 30
09053  02 03 06 11 14 26 31
09054  02 03 06 11 14 30 31
09055  02 03 06 11 16 20 24
09056  02 03 06 11 16 21 24
09057  02 03 06 11 16 22 24
09058  02 03 06 11 16 23 24
09059  02 03 06 11 16 24 26
09060  02 03 06 11 16 24 30
09061  02 03 06 11 16 24 31
09062  02 03 06 11 20 21 24
09063  02 03 06 11 20 22 24
09064  02 03 06 11 20 23 24
09065  02 03 06 11 20 24 26
09066  02 03 06 11 20 24 30
09067  02 03 06 11 20 24 31
09068  02 03 06 11 21 22 24
09069  02 03 06 11 21 23 24
09070  02 03 06 11 21 24 26
09071  02 03 06 11 21 24 30
09072  02 03 06 11 21 24 31
09073  02 03 06 11 22 23 24
09074  02 03 06 11 22 24 26
09075  02 03 06 11 22 24 30
09076  02 03 06 11 22 24 31
09077  02 03 06 11 23 24 26
09078  02 03 06 11 23 24 30
09079  02 03 06 11 23 24 31
09080  02 03 06 11 24 26 30
09081  02 03 06 11 24 26 31
09082  02 03 06 11 24 30 31
09083  02 03 06 12 13 14 16
09084  02 03 06 12 13 14 20
09085  02 03 06 12 13 14 21
09086  02 03 06 12 13 14 22
09087  02 03 06 12 13 14 23
09088  02 03 06 12 13 14 24
09089  02 03 06 12 13 14 26
09090  02 03 06 12 13 14 30
09091  02 03 06 12 13 14 31
09092  02 03 06 12 13 16 24
09093  02 03 06 12 13 20 24
09094  02 03 06 12 13 21 24
09095  02 03 06 12 13 22 24
09096  02 03 06 12 13 23 24
09097  02 03 06 12 13 24 26
09098  02 03 06 12 13 24 30
09099  02 03 06 12 13 24 31
09100  02 03 06 12 14 16 20
09101  02 03 06 12 14 16 21
09102  02 03 06 12 14 16 22
09103  02 03 06 12 14 16 23
09104  02 03 06 12 14 16 24
09105  02 03 06 12 14 16 26
09106  02 03 06 12 14 16 30
09107  02 03 06 12 14 16 31
09108  02 03 06 12 14 20 21
09109  02 03 06 12 14 20 22
09110  02 03 06 12 14 20 23
09111  02 03 06 12 14 20 24
09112  02 03 06 12 14 20 26
09113  02 03 06 12 14 20 30
09114  02 03 06 12 14 20 31
09115  02 03 06 12 14 21 22
09116  02 03 06 12 14 21 23
09117  02 03 06 12 14 21 24
09118  02 03 06 12 14 21 26
09119  02 03 06 12 14 21 30
09120  02 03 06 12 14 21 31
09121  02 03 06 12 14 22 23
09122  02 03 06 12 14 22 24
09123  02 03 06 12 14 22 26
09124  02 03 06 12 14 22 30
09125  02 03 06 12 14 22 31
09126  02 03 06 12 14 23 24
09127  02 03 06 12 14 23 26
09128  02 03 06 12 14 23 30
09129  02 03 06 12 14 23 31
09130  02 03 06 12 14 24 26
09131  02 03 06 12 14 24 30
09132  02 03 06 12 14 24 31
09133  02 03 06 12 14 26 30
09134  02 03 06 12 14 26 31
09135  02 03 06 12 14 30 31
09136  02 03 06 12 16 20 24
09137  02 03 06 12 16 21 24
09138  02 03 06 12 16 22 24
09139  02 03 06 12 16 23 24
09140  02 03 06 12 16 24 26
09141  02 03 06 12 16 24 30
09142  02 03 06 12 16 24 31
09143  02 03 06 12 20 21 24
09144  02 03 06 12 20 22 24
09145  02 03 06 12 20 23 24
09146  02 03 06 12 20 24 26
09147  02 03 06 12 20 24 30
09148  02 03 06 12 20 24 31
09149  02 03 06 12 21 22 24
09150  02 03 06 12 21 23 24
09151  02 03 06 12 21 24 26
09152  02 03 06 12 21 24 30
09153  02 03 06 12 21 24 31
09154  02 03 06 12 22 23 24
09155  02 03 06 12 22 24 26
09156  02 03 06 12 22 24 30
09157  02 03 06 12 22 24 31
09158  02 03 06 12 23 24 26
09159  02 03 06 12 23 24 30
09160  02 03 06 12 23 24 31
09161  02 03 06 12 24 26 30
09162  02 03 06 12 24 26 31
09163  02 03 06 12 24 30 31
09164  02 03 06 13 14 16 20
09165  02 03 06 13 14 16 21
09166  02 03 06 13 14 16 22
09167  02 03 06 13 14 16 23
09168  02 03 06 13 14 16 24
09169  02 03 06 13 14 16 26
09170  02 03 06 13 14 16 30
09171  02 03 06 13 14 16 31
09172  02 03 06 13 14 20 21
09173  02 03 06 13 14 20 22
09174  02 03 06 13 14 20 23
09175  02 03 06 13 14 20 24
09176  02 03 06 13 14 20 26
09177  02 03 06 13 14 20 30
09178  02 03 06 13 14 20 31
09179  02 03 06 13 14 21 22
09180  02 03 06 13 14 21 23
09181  02 03 06 13 14 21 24
09182  02 03 06 13 14 21 26
09183  02 03 06 13 14 21 30
09184  02 03 06 13 14 21 31
09185  02 03 06 13 14 22 23
09186  02 03 06 13 14 22 24
09187  02 03 06 13 14 22 26
09188  02 03 06 13 14 22 30
09189  02 03 06 13 14 22 31
09190  02 03 06 13 14 23 24
09191  02 03 06 13 14 23 26
09192  02 03 06 13 14 23 30
09193  02 03 06 13 14 23 31
09194  02 03 06 13 14 24 26
09195  02 03 06 13 14 24 30
09196  02 03 06 13 14 24 31
09197  02 03 06 13 14 26 30
09198  02 03 06 13 14 26 31
09199  02 03 06 13 14 30 31
09200  02 03 06 13 16 20 24
09201  02 03 06 13 16 21 24
09202  02 03 06 13 16 22 24
09203  02 03 06 13 16 23 24
09204  02 03 06 13 16 24 26
09205  02 03 06 13 16 24 30
09206  02 03 06 13 16 24 31
09207  02 03 06 13 20 21 24
09208  02 03 06 13 20 22 24
09209  02 03 06 13 20 23 24
09210  02 03 06 13 20 24 26
09211  02 03 06 13 20 24 30
09212  02 03 06 13 20 24 31
09213  02 03 06 13 21 22 24
09214  02 03 06 13 21 23 24
09215  02 03 06 13 21 24 26
09216  02 03 06 13 21 24 30
09217  02 03 06 13 21 24 31
09218  02 03 06 13 22 23 24
09219  02 03 06 13 22 24 26
09220  02 03 06 13 22 24 30
09221  02 03 06 13 22 24 31
09222  02 03 06 13 23 24 26
09223  02 03 06 13 23 24 30
09224  02 03 06 13 23 24 31
09225  02 03 06 13 24 26 30
09226  02 03 06 13 24 26 31
09227  02 03 06 13 24 30 31
09228  02 03 06 14 16 20 21
09229  02 03 06 14 16 20 22
09230  02 03 06 14 16 20 23
09231  02 03 06 14 16 20 24
09232  02 03 06 14 16 20 26
09233  02 03 06 14 16 20 30
09234  02 03 06 14 16 20 31
09235  02 03 06 14 16 21 22
09236  02 03 06 14 16 21 23
09237  02 03 06 14 16 21 24
09238  02 03 06 14 16 21 26
09239  02 03 06 14 16 21 30
09240  02 03 06 14 16 21 31
09241  02 03 06 14 16 22 23
09242  02 03 06 14 16 22 24
09243  02 03 06 14 16 22 26
09244  02 03 06 14 16 22 30
09245  02 03 06 14 16 22 31
09246  02 03 06 14 16 23 24
09247  02 03 06 14 16 23 26
09248  02 03 06 14 16 23 30
09249  02 03 06 14 16 23 31
09250  02 03 06 14 16 24 26
09251  02 03 06 14 16 24 30
09252  02 03 06 14 16 24 31
09253  02 03 06 14 16 26 30
09254  02 03 06 14 16 26 31
09255  02 03 06 14 16 30 31
09256  02 03 06 14 20 21 22
09257  02 03 06 14 20 21 23
09258  02 03 06 14 20 21 24
09259  02 03 06 14 20 21 26
09260  02 03 06 14 20 21 30
09261  02 03 06 14 20 21 31
09262  02 03 06 14 20 22 23
09263  02 03 06 14 20 22 24
09264  02 03 06 14 20 22 26
09265  02 03 06 14 20 22 30
09266  02 03 06 14 20 22 31
09267  02 03 06 14 20 23 24
09268  02 03 06 14 20 23 26
09269  02 03 06 14 20 23 30
09270  02 03 06 14 20 23 31
09271  02 03 06 14 20 24 26
09272  02 03 06 14 20 24 30
09273  02 03 06 14 20 24 31
09274  02 03 06 14 20 26 30
09275  02 03 06 14 20 26 31
09276  02 03 06 14 20 30 31
09277  02 03 06 14 21 22 23
09278  02 03 06 14 21 22 24
09279  02 03 06 14 21 22 26
09280  02 03 06 14 21 22 30
09281  02 03 06 14 21 22 31
09282  02 03 06 14 21 23 24
09283  02 03 06 14 21 23 26
09284  02 03 06 14 21 23 30
09285  02 03 06 14 21 23 31
09286  02 03 06 14 21 24 26
09287  02 03 06 14 21 24 30
09288  02 03 06 14 21 24 31
09289  02 03 06 14 21 26 30
09290  02 03 06 14 21 26 31
09291  02 03 06 14 21 30 31
09292  02 03 06 14 22 23 24
09293  02 03 06 14 22 23 26
09294  02 03 06 14 22 23 30
09295  02 03 06 14 22 23 31
09296  02 03 06 14 22 24 26
09297  02 03 06 14 22 24 30
09298  02 03 06 14 22 24 31
09299  02 03 06 14 22 26 30
09300  02 03 06 14 22 26 31
09301  02 03 06 14 22 30 31
09302  02 03 06 14 23 24 26
09303  02 03 06 14 23 24 30
09304  02 03 06 14 23 24 31
09305  02 03 06 14 23 26 30
09306  02 03 06 14 23 26 31
09307  02 03 06 14 23 30 31
09308  02 03 06 14 24 26 30
09309  02 03 06 14 24 26 31
09310  02 03 06 14 24 30 31
09311  02 03 06 14 26 30 31
09312  02 03 06 16 20 21 24
09313  02 03 06 16 20 22 24
09314  02 03 06 16 20 23 24
09315  02 03 06 16 20 24 26
09316  02 03 06 16 20 24 30
09317  02 03 06 16 20 24 31
09318  02 03 06 16 21 22 24
09319  02 03 06 16 21 23 24
09320  02 03 06 16 21 24 26
09321  02 03 06 16 21 24 30
09322  02 03 06 16 21 24 31
09323  02 03 06 16 22 23 24
09324  02 03 06 16 22 24 26
09325  02 03 06 16 22 24 30
09326  02 03 06 16 22 24 31
09327  02 03 06 16 23 24 26
09328  02 03 06 16 23 24 30
09329  02 03 06 16 23 24 31
09330  02 03 06 16 24 26 30
09331  02 03 06 16 24 26 31
09332  02 03 06 16 24 30 31
09333  02 03 06 20 21 22 24
09334  02 03 06 20 21 23 24
09335  02 03 06 20 21 24 26
09336  02 03 06 20 21 24 30
09337  02 03 06 20 21 24 31
09338  02 03 06 20 22 24 31
09339  02 03 06 20 23 24 31
09340  02 03 06 20 24 26 31
09341  02 03 06 20 24 30 31
09342  02 03 06 21 22 23 24
09343  02 03 06 21 22 24 26
09344  02 03 06 21 22 24 30
09345  02 03 06 21 22 24 31
09346  02 03 06 21 23 24 26
09347  02 03 06 21 23 24 30
09348  02 03 06 21 23 24 31
09349  02 03 06 21 24 26 30
09350  02 03 06 21 24 26 31
09351  02 03 06 21 24 30 31
09352  02 03 06 22 23 24 31
09353  02 03 06 22 24 26 31
09354  02 03 06 22 24 30 31
09355  02 03 06 23 24 26 31
09356  02 03 06 23 24 30 31
09357  02 03 06 24 26 30 31
09358  02 03 10 11 12 14 16
09359  02 03 10 11 12 14 26
09360  02 03 10 11 12 16 24
09361  02 03 10 11 12 24 26
09362  02 03 10 11 13 14 16
09363  02 03 10 11 13 14 26
09364  02 03 10 11 13 16 24
09365  02 03 10 11 13 24 26
09366  02 03 10 11 14 16 20
09367  02 03 10 11 14 16 21
09368  02 03 10 11 14 16 22
09369  02 03 10 11 14 16 23
09370  02 03 10 11 14 16 24
09371  02 03 10 11 14 16 26
09372  02 03 10 11 14 16 30
09373  02 03 10 11 14 16 31
09374  02 03 10 11 14 20 26
09375  02 03 10 11 14 21 26
09376  02 03 10 11 14 22 26
09377  02 03 10 11 14 23 26
09378  02 03 10 11 14 24 26
09379  02 03 10 11 14 26 30
09380  02 03 10 11 14 26 31
09381  02 03 10 11 16 20 24
09382  02 03 10 11 16 21 24
09383  02 03 10 11 16 22 24
09384  02 03 10 11 16 23 24
09385  02 03 10 11 16 24 26
09386  02 03 10 11 16 24 30
09387  02 03 10 11 16 24 31
09388  02 03 10 11 20 24 26
09389  02 03 10 11 21 24 26
09390  02 03 10 11 22 24 26
09391  02 03 10 11 23 24 26
09392  02 03 10 11 24 26 30
09393  02 03 10 11 24 26 31
09394  02 03 10 12 13 14 16
09395  02 03 10 12 13 14 26
09396  02 03 10 12 13 16 24
09397  02 03 10 12 13 24 26
09398  02 03 10 12 14 16 20
09399  02 03 10 12 14 16 21
09400  02 03 10 12 14 16 22
09401  02 03 10 12 14 16 23
09402  02 03 10 12 14 16 24
09403  02 03 10 12 14 16 26
09404  02 03 10 12 14 16 30
09405  02 03 10 12 14 16 31
09406  02 03 10 12 14 20 26
09407  02 03 10 12 14 21 26
09408  02 03 10 12 14 22 26
09409  02 03 10 12 14 23 26
09410  02 03 10 12 14 24 26
09411  02 03 10 12 14 26 30
09412  02 03 10 12 14 26 31
09413  02 03 10 12 16 20 24
09414  02 03 10 12 16 21 24
09415  02 03 10 12 16 22 24
09416  02 03 10 12 16 23 24
09417  02 03 10 12 16 24 26
09418  02 03 10 12 16 24 30
09419  02 03 10 12 16 24 31
09420  02 03 10 12 20 24 26
09421  02 03 10 12 21 24 26
09422  02 03 10 12 22 24 26
09423  02 03 10 12 23 24 26
09424  02 03 10 12 24 26 30
09425  02 03 10 12 24 26 31
09426  02 03 10 13 14 16 20
09427  02 03 10 13 14 16 21
09428  02 03 10 13 14 16 22
09429  02 03 10 13 14 16 23
09430  02 03 10 13 14 16 24
09431  02 03 10 13 14 16 26
09432  02 03 10 13 14 16 30
09433  02 03 10 13 14 16 31
09434  02 03 10 13 14 20 26
09435  02 03 10 13 14 21 26
09436  02 03 10 13 14 22 26
09437  02 03 10 13 14 23 26
09438  02 03 10 13 14 24 26
09439  02 03 10 13 14 26 30
09440  02 03 10 13 14 26 31
09441  02 03 10 13 16 20 24
09442  02 03 10 13 16 21 24
09443  02 03 10 13 16 22 24
09444  02 03 10 13 16 23 24
09445  02 03 10 13 16 24 26
09446  02 03 10 13 16 24 30
09447  02 03 10 13 16 24 31
09448  02 03 10 13 20 24 26
09449  02 03 10 13 21 24 26
09450  02 03 10 13 22 24 26
09451  02 03 10 13 23 24 26
09452  02 03 10 13 24 26 30
09453  02 03 10 13 24 26 31
09454  02 03 10 14 16 20 21
09455  02 03 10 14 16 20 22
09456  02 03 10 14 16 20 23
09457  02 03 10 14 16 20 24
09458  02 03 10 14 16 20 26
09459  02 03 10 14 16 20 30
09460  02 03 10 14 16 20 31
09461  02 03 10 14 16 21 22
09462  02 03 10 14 16 21 23
09463  02 03 10 14 16 21 24
09464  02 03 10 14 16 21 26
09465  02 03 10 14 16 21 30
09466  02 03 10 14 16 21 31
09467  02 03 10 14 16 22 23
09468  02 03 10 14 16 22 24
09469  02 03 10 14 16 22 26
09470  02 03 10 14 16 22 30
09471  02 03 10 14 16 22 31
09472  02 03 10 14 16 23 24
09473  02 03 10 14 16 23 26
09474  02 03 10 14 16 23 30
09475  02 03 10 14 16 23 31
09476  02 03 10 14 16 24 26
09477  02 03 10 14 16 24 30
09478  02 03 10 14 16 24 31
09479  02 03 10 14 16 26 30
09480  02 03 10 14 16 26 31
09481  02 03 10 14 16 30 31
09482  02 03 10 14 20 21 26
09483  02 03 10 14 20 22 26
09484  02 03 10 14 20 23 26
09485  02 03 10 14 20 24 26
09486  02 03 10 14 20 26 30
09487  02 03 10 14 20 26 31
09488  02 03 10 14 21 22 26
09489  02 03 10 14 21 23 26
09490  02 03 10 14 21 24 26
09491  02 03 10 14 21 26 30
09492  02 03 10 14 21 26 31
09493  02 03 10 14 22 23 26
09494  02 03 10 14 22 24 26
09495  02 03 10 14 22 26 30
09496  02 03 10 14 22 26 31
09497  02 03 10 14 23 24 26
09498  02 03 10 14 23 26 30
09499  02 03 10 14 23 26 31
09500  02 03 10 14 24 26 30
09501  02 03 10 14 24 26 31
09502  02 03 10 14 26 30 31
09503  02 03 10 16 20 21 24
09504  02 03 10 16 20 22 24
09505  02 03 10 16 20 23 24
09506  02 03 10 16 20 24 26
09507  02 03 10 16 20 24 30
09508  02 03 10 16 20 24 31
09509  02 03 10 16 21 22 24
09510  02 03 10 16 21 23 24
09511  02 03 10 16 21 24 26
09512  02 03 10 16 21 24 30
09513  02 03 10 16 21 24 31
09514  02 03 10 16 22 23 24
09515  02 03 10 16 22 24 26
09516  02 03 10 16 22 24 30
09517  02 03 10 16 22 24 31
09518  02 03 10 16 23 24 26
09519  02 03 10 16 23 24 30
09520  02 03 10 16 23 24 31
09521  02 03 10 16 24 26 30
09522  02 03 10 16 24 26 31
09523  02 03 10 16 24 30 31
09524  02 03 10 20 21 24 26
09525  02 03 10 20 22 24 26
09526  02 03 10 20 23 24 26
09527  02 03 10 20 24 26 30
09528  02 03 10 20 24 26 31
09529  02 03 10 21 22 24 26
09530  02 03 10 21 23 24 26
09531  02 03 10 21 24 26 30
09532  02 03 10 21 24 26 31
09533  02 03 10 22 23 24 26
09534  02 03 10 22 24 26 30
09535  02 03 10 22 24 26 31
09536  02 03 10 23 24 26 30
09537  02 03 10 23 24 26 31
09538  02 03 10 24 26 30 31
09539  02 03 11 12 13 14 16
09540  02 03 11 12 13 14 26
09541  02 03 11 12 13 16 24
09542  02 03 11 12 13 24 26
09543  02 03 11 12 14 16 20
09544  02 03 11 12 14 16 21
09545  02 03 11 12 14 16 22
09546  02 03 11 12 14 16 23
09547  02 03 11 12 14 16 24
09548  02 03 11 12 14 16 26
09549  02 03 11 12 14 16 30
09550  02 03 11 12 14 16 31
09551  02 03 11 12 14 20 26
09552  02 03 11 12 14 21 26
09553  02 03 11 12 14 22 26
09554  02 03 11 12 14 23 26
09555  02 03 11 12 14 24 26
09556  02 03 11 12 14 26 30
09557  02 03 11 12 14 26 31
09558  02 03 11 12 16 20 24
09559  02 03 11 12 16 21 24
09560  02 03 11 12 16 22 24
09561  02 03 11 12 16 23 24
09562  02 03 11 12 16 24 26
09563  02 03 11 12 16 24 30
09564  02 03 11 12 16 24 31
09565  02 03 11 12 20 24 26
09566  02 03 11 12 21 24 26
09567  02 03 11 12 22 24 26
09568  02 03 11 12 23 24 26
09569  02 03 11 12 24 26 30
09570  02 03 11 12 24 26 31
09571  02 03 11 13 14 16 20
09572  02 03 11 13 14 16 21
09573  02 03 11 13 14 16 22
09574  02 03 11 13 14 16 23
09575  02 03 11 13 14 16 24
09576  02 03 11 13 14 16 26
09577  02 03 11 13 14 16 30
09578  02 03 11 13 14 16 31
09579  02 03 11 13 14 20 26
09580  02 03 11 13 14 21 26
09581  02 03 11 13 14 22 26
09582  02 03 11 13 14 23 26
09583  02 03 11 13 14 24 26
09584  02 03 11 13 14 26 30
09585  02 03 11 13 14 26 31
09586  02 03 11 13 16 20 24
09587  02 03 11 13 16 21 24
09588  02 03 11 13 16 22 24
09589  02 03 11 13 16 23 24
09590  02 03 11 13 16 24 26
09591  02 03 11 13 16 24 30
09592  02 03 11 13 16 24 31
09593  02 03 11 13 20 24 26
09594  02 03 11 13 21 24 26
09595  02 03 11 13 22 24 26
09596  02 03 11 13 23 24 26
09597  02 03 11 13 24 26 30
09598  02 03 11 13 24 26 31
09599  02 03 11 14 16 20 21
09600  02 03 11 14 16 20 22
09601  02 03 11 14 16 20 23
09602  02 03 11 14 16 20 24
09603  02 03 11 14 16 20 26
09604  02 03 11 14 16 20 30
09605  02 03 11 14 16 20 31
09606  02 03 11 14 16 21 22
09607  02 03 11 14 16 21 23
09608  02 03 11 14 16 21 24
09609  02 03 11 14 16 21 26
09610  02 03 11 14 16 21 30
09611  02 03 11 14 16 21 31
09612  02 03 11 14 16 22 23
09613  02 03 11 14 16 22 24
09614  02 03 11 14 16 22 26
09615  02 03 11 14 16 22 30
09616  02 03 11 14 16 22 31
09617  02 03 11 14 16 23 24
09618  02 03 11 14 16 23 26
09619  02 03 11 14 16 23 30
09620  02 03 11 14 16 23 31
09621  02 03 11 14 16 24 26
09622  02 03 11 14 16 24 30
09623  02 03 11 14 16 24 31
09624  02 03 11 14 16 26 30
09625  02 03 11 14 16 26 31
09626  02 03 11 14 16 30 31
09627  02 03 11 14 20 21 26
09628  02 03 11 14 20 22 26
09629  02 03 11 14 20 23 26
09630  02 03 11 14 20 24 26
09631  02 03 11 14 20 26 30
09632  02 03 11 14 20 26 31
09633  02 03 11 14 21 22 26
09634  02 03 11 14 21 23 26
09635  02 03 11 14 21 24 26
09636  02 03 11 14 21 26 30
09637  02 03 11 14 21 26 31
09638  02 03 11 14 22 23 26
09639  02 03 11 14 22 24 26
09640  02 03 11 14 22 26 30
09641  02 03 11 14 22 26 31
09642  02 03 11 14 23 24 26
09643  02 03 11 14 23 26 30
09644  02 03 11 14 23 26 31
09645  02 03 11 14 24 26 30
09646  02 03 11 14 24 26 31
09647  02 03 11 14 26 30 31
09648  02 03 11 16 20 21 24
09649  02 03 11 16 20 22 24
09650  02 03 11 16 20 23 24
09651  02 03 11 16 20 24 26
09652  02 03 11 16 20 24 30
09653  02 03 11 16 20 24 31
09654  02 03 11 16 21 22 24
09655  02 03 11 16 21 23 24
09656  02 03 11 16 21 24 26
09657  02 03 11 16 21 24 30
09658  02 03 11 16 21 24 31
09659  02 03 11 16 22 23 24
09660  02 03 11 16 22 24 26
09661  02 03 11 16 22 24 30
09662  02 03 11 16 22 24 31
09663  02 03 11 16 23 24 26
09664  02 03 11 16 23 24 30
09665  02 03 11 16 23 24 31
09666  02 03 11 16 24 26 30
09667  02 03 11 16 24 26 31
09668  02 03 11 16 24 30 31
09669  02 03 11 20 21 24 26
09670  02 03 11 20 22 24 26
09671  02 03 11 20 23 24 26
09672  02 03 11 20 24 26 30
09673  02 03 11 20 24 26 31
09674  02 03 11 21 22 24 26
09675  02 03 11 21 23 24 26
09676  02 03 11 21 24 26 30
09677  02 03 11 21 24 26 31
09678  02 03 11 22 23 24 26
09679  02 03 11 22 24 26 30
09680  02 03 11 22 24 26 31
09681  02 03 11 23 24 26 30
09682  02 03 11 23 24 26 31
09683  02 03 11 24 26 30 31
09684  02 03 12 13 14 16 20
09685  02 03 12 13 14 16 21
09686  02 03 12 13 14 16 22
09687  02 03 12 13 14 16 23
09688  02 03 12 13 14 16 24
09689  02 03 12 13 14 16 26
09690  02 03 12 13 14 16 30
09691  02 03 12 13 14 16 31
09692  02 03 12 13 14 20 26
09693  02 03 12 13 14 21 26
09694  02 03 12 13 14 22 26
09695  02 03 12 13 14 23 26
09696  02 03 12 13 14 24 26
09697  02 03 12 13 14 26 30
09698  02 03 12 13 14 26 31
09699  02 03 12 13 16 20 24
09700  02 03 12 13 16 21 24
09701  02 03 12 13 16 22 24
09702  02 03 12 13 16 23 24
09703  02 03 12 13 16 24 26
09704  02 03 12 13 16 24 30
09705  02 03 12 13 16 24 31
09706  02 03 12 13 20 24 26
09707  02 03 12 13 21 24 26
09708  02 03 12 13 22 24 26
09709  02 03 12 13 23 24 26
09710  02 03 12 13 24 26 30
09711  02 03 12 13 24 26 31
09712  02 03 12 14 16 20 21
09713  02 03 12 14 16 20 22
09714  02 03 12 14 16 20 23
09715  02 03 12 14 16 20 24
09716  02 03 12 14 16 20 26
09717  02 03 12 14 16 20 30
09718  02 03 12 14 16 20 31
09719  02 03 12 14 16 21 22
09720  02 03 12 14 16 21 23
09721  02 03 12 14 16 21 24
09722  02 03 12 14 16 21 26
09723  02 03 12 14 16 21 30
09724  02 03 12 14 16 21 31
09725  02 03 12 14 16 22 23
09726  02 03 12 14 16 22 24
09727  02 03 12 14 16 22 26
09728  02 03 12 14 16 22 30
09729  02 03 12 14 16 22 31
09730  02 03 12 14 16 23 24
09731  02 03 12 14 16 23 26
09732  02 03 12 14 16 23 30
09733  02 03 12 14 16 23 31
09734  02 03 12 14 16 24 26
09735  02 03 12 14 16 24 30
09736  02 03 12 14 16 24 31
09737  02 03 12 14 16 26 30
09738  02 03 12 14 16 26 31
09739  02 03 12 14 16 30 31
09740  02 03 12 14 20 21 26
09741  02 03 12 14 20 22 26
09742  02 03 12 14 20 23 26
09743  02 03 12 14 20 24 26
09744  02 03 12 14 20 26 30
09745  02 03 12 14 20 26 31
09746  02 03 12 14 21 22 26
09747  02 03 12 14 21 23 26
09748  02 03 12 14 21 24 26
09749  02 03 12 14 21 26 30
09750  02 03 12 14 21 26 31
09751  02 03 12 14 22 23 26
09752  02 03 12 14 22 24 26
09753  02 03 12 14 22 26 30
09754  02 03 12 14 22 26 31
09755  02 03 12 14 23 24 26
09756  02 03 12 14 23 26 30
09757  02 03 12 14 23 26 31
09758  02 03 12 14 24 26 30
09759  02 03 12 14 24 26 31
09760  02 03 12 14 26 30 31
09761  02 03 12 16 20 21 24
09762  02 03 12 16 20 22 24
09763  02 03 12 16 20 23 24
09764  02 03 12 16 20 24 26
09765  02 03 12 16 20 24 30
09766  02 03 12 16 20 24 31
09767  02 03 12 16 21 22 24
09768  02 03 12 16 21 23 24
09769  02 03 12 16 21 24 26
09770  02 03 12 16 21 24 30
09771  02 03 12 16 21 24 31
09772  02 03 12 16 22 23 24
09773  02 03 12 16 22 24 26
09774  02 03 12 16 22 24 30
09775  02 03 12 16 22 24 31
09776  02 03 12 16 23 24 26
09777  02 03 12 16 23 24 30
09778  02 03 12 16 23 24 31
09779  02 03 12 16 24 26 30
09780  02 03 12 16 24 26 31
09781  02 03 12 16 24 30 31
09782  02 03 12 20 21 24 26
09783  02 03 12 20 22 24 26
09784  02 03 12 20 23 24 26
09785  02 03 12 20 24 26 30
09786  02 03 12 20 24 26 31
09787  02 03 12 21 22 24 26
09788  02 03 12 21 23 24 26
09789  02 03 12 21 24 26 30
09790  02 03 12 21 24 26 31
09791  02 03 12 22 23 24 26
09792  02 03 12 22 24 26 30
09793  02 03 12 22 24 26 31
09794  02 03 12 23 24 26 30
09795  02 03 12 23 24 26 31
09796  02 03 12 24 26 30 31
09797  02 03 13 14 16 20 21
09798  02 03 13 14 16 20 22
09799  02 03 13 14 16 20 23
09800  02 03 13 14 16 20 24
09801  02 03 13 14 16 20 26
09802  02 03 13 14 16 20 30
09803  02 03 13 14 16 20 31
09804  02 03 13 14 16 21 22
09805  02 03 13 14 16 21 23
09806  02 03 13 14 16 21 24
09807  02 03 13 14 16 21 26
09808  02 03 13 14 16 21 30
09809  02 03 13 14 16 21 31
09810  02 03 13 14 16 22 23
09811  02 03 13 14 16 22 24
09812  02 03 13 14 16 22 26
09813  02 03 13 14 16 22 30
09814  02 03 13 14 16 22 31
09815  02 03 13 14 16 23 24
09816  02 03 13 14 16 23 26
09817  02 03 13 14 16 23 30
09818  02 03 13 14 16 23 31
09819  02 03 13 14 16 24 26
09820  02 03 13 14 16 24 30
09821  02 03 13 14 16 24 31
09822  02 03 13 14 16 26 30
09823  02 03 13 14 16 26 31
09824  02 03 13 14 16 30 31
09825  02 03 13 14 20 21 26
09826  02 03 13 14 20 22 26
09827  02 03 13 14 20 23 26
09828  02 03 13 14 20 24 26
09829  02 03 13 14 20 26 30
09830  02 03 13 14 20 26 31
09831  02 03 13 14 21 22 26
09832  02 03 13 14 21 23 26
09833  02 03 13 14 21 24 26
09834  02 03 13 14 21 26 30
09835  02 03 13 14 21 26 31
09836  02 03 13 14 22 23 26
09837  02 03 13 14 22 24 26
09838  02 03 13 14 22 26 30
09839  02 03 13 14 22 26 31
09840  02 03 13 14 23 24 26
09841  02 03 13 14 23 26 30
09842  02 03 13 14 23 26 31
09843  02 03 13 14 24 26 30
09844  02 03 13 14 24 26 31
09845  02 03 13 14 26 30 31
09846  02 03 13 16 20 21 24
09847  02 03 13 16 20 22 24
09848  02 03 13 16 20 23 24
09849  02 03 13 16 20 24 26
09850  02 03 13 16 20 24 30
09851  02 03 13 16 20 24 31
09852  02 03 13 16 21 22 24
09853  02 03 13 16 21 23 24
09854  02 03 13 16 21 24 26
09855  02 03 13 16 21 24 30
09856  02 03 13 16 21 24 31
09857  02 03 13 16 22 23 24
09858  02 03 13 16 22 24 26
09859  02 03 13 16 22 24 30
09860  02 03 13 16 22 24 31
09861  02 03 13 16 23 24 26
09862  02 03 13 16 23 24 30
09863  02 03 13 16 23 24 31
09864  02 03 13 16 24 26 30
09865  02 03 13 16 24 26 31
09866  02 03 13 16 24 30 31
09867  02 03 13 20 21 24 26
09868  02 03 13 20 22 24 26
09869  02 03 13 20 23 24 26
09870  02 03 13 20 24 26 30
09871  02 03 13 20 24 26 31
09872  02 03 13 21 22 24 26
09873  02 03 13 21 23 24 26
09874  02 03 13 21 24 26 30
09875  02 03 13 21 24 26 31
09876  02 03 13 22 23 24 26
09877  02 03 13 22 24 26 30
09878  02 03 13 22 24 26 31
09879  02 03 13 23 24 26 30
09880  02 03 13 23 24 26 31
09881  02 03 13 24 26 30 31
09882  02 03 14 16 20 21 22
09883  02 03 14 16 20 21 23
09884  02 03 14 16 20 21 24
09885  02 03 14 16 20 21 26
09886  02 03 14 16 20 21 30
09887  02 03 14 16 20 21 31
09888  02 03 14 16 20 22 23
09889  02 03 14 16 20 22 24
09890  02 03 14 16 20 22 26
09891  02 03 14 16 20 22 30
09892  02 03 14 16 20 22 31
09893  02 03 14 16 20 23 24
09894  02 03 14 16 20 23 26
09895  02 03 14 16 20 23 30
09896  02 03 14 16 20 23 31
09897  02 03 14 16 20 24 26
09898  02 03 14 16 20 24 30
09899  02 03 14 16 20 24 31
09900  02 03 14 16 20 26 30
09901  02 03 14 16 20 26 31
09902  02 03 14 16 20 30 31
09903  02 03 14 16 21 22 23
09904  02 03 14 16 21 22 24
09905  02 03 14 16 21 22 26
09906  02 03 14 16 21 22 30
09907  02 03 14 16 21 22 31
09908  02 03 14 16 21 23 24
09909  02 03 14 16 21 23 26
09910  02 03 14 16 21 23 30
09911  02 03 14 16 21 23 31
09912  02 03 14 16 21 24 26
09913  02 03 14 16 21 24 30
09914  02 03 14 16 21 24 31
09915  02 03 14 16 21 26 30
09916  02 03 14 16 21 26 31
09917  02 03 14 16 21 30 31
09918  02 03 14 16 22 23 24
09919  02 03 14 16 22 23 26
09920  02 03 14 16 22 23 30
09921  02 03 14 16 22 23 31
09922  02 03 14 16 22 24 26
09923  02 03 14 16 22 24 30
09924  02 03 14 16 22 24 31
09925  02 03 14 16 22 26 30
09926  02 03 14 16 22 26 31
09927  02 03 14 16 22 30 31
09928  02 03 14 16 23 24 26
09929  02 03 14 16 23 24 30
09930  02 03 14 16 23 24 31
09931  02 03 14 16 23 26 30
09932  02 03 14 16 23 26 31
09933  02 03 14 16 23 30 31
09934  02 03 14 16 24 26 30
09935  02 03 14 16 24 26 31
09936  02 03 14 16 24 30 31
09937  02 03 14 16 26 30 31
09938  02 03 14 20 21 22 26
09939  02 03 14 20 21 23 26
09940  02 03 14 20 21 24 26
09941  02 03 14 20 21 26 30
09942  02 03 14 20 21 26 31
09943  02 03 14 20 22 23 26
09944  02 03 14 20 22 24 26
09945  02 03 14 20 22 26 30
09946  02 03 14 20 22 26 31
09947  02 03 14 20 23 24 26
09948  02 03 14 20 23 26 30
09949  02 03 14 20 23 26 31
09950  02 03 14 20 24 26 30
09951  02 03 14 20 24 26 31
09952  02 03 14 20 26 30 31
09953  02 03 14 21 22 23 26
09954  02 03 14 21 22 24 26
09955  02 03 14 21 22 26 30
09956  02 03 14 21 22 26 31
09957  02 03 14 21 23 24 26
09958  02 03 14 21 23 26 30
09959  02 03 14 21 23 26 31
09960  02 03 14 21 24 26 30
09961  02 03 14 21 24 26 31
09962  02 03 14 21 26 30 31
09963  02 03 14 22 23 24 26
09964  02 03 14 22 23 26 30
09965  02 03 14 22 23 26 31
09966  02 03 14 22 24 26 30
09967  02 03 14 22 24 26 31
09968  02 03 14 22 26 30 31
09969  02 03 14 23 24 26 30
09970  02 03 14 23 24 26 31
09971  02 03 14 23 26 30 31
09972  02 03 14 24 26 30 31
09973  02 03 16 20 21 22 24
09974  02 03 16 20 21 23 24
09975  02 03 16 20 21 24 26
09976  02 03 16 20 21 24 30
09977  02 03 16 20 21 24 31
09978  02 03 16 20 22 23 24
09979  02 03 16 20 22 24 26
09980  02 03 16 20 22 24 30
09981  02 03 16 20 22 24 31
09982  02 03 16 20 23 24 26
09983  02 03 16 20 23 24 30
09984  02 03 16 20 23 24 31
09985  02 03 16 20 24 26 30
09986  02 03 16 20 24 26 31
09987  02 03 16 20 24 30 31
09988  02 03 16 21 22 23 24
09989  02 03 16 21 22 24 26
09990  02 03 16 21 22 24 30
09991  02 03 16 21 22 24 31
09992  02 03 16 21 23 24 26
09993  02 03 16 21 23 24 30
09994  02 03 16 21 23 24 31
09995  02 03 16 21 24 26 30
09996  02 03 16 21 24 26 31
09997  02 03 16 21 24 30 31
09998  02 03 16 22 23 24 26
09999  02 03 16 22 23 24 30
10000  02 03 16 22 23 24 31
10001  02 03 16 22 24 26 30
10002  02 03 16 22 24 26 31
10003  02 03 16 22 24 30 31
10004  02 03 16 23 24 26 30
10005  02 03 16 23 24 26 31
10006  02 03 16 23 24 30 31
10007  02 03 16 24 26 30 31
10008  02 03 20 21 22 24 26
10009  02 03 20 21 23 24 26
10010  02 03 20 21 24 26 30
10011  02 03 20 21 24 26 31
10012  02 03 20 22 24 26 31
10013  02 03 20 23 24 26 31
10014  02 03 20 24 26 30 31
10015  02 03 21 22 23 24 26
10016  02 03 21 22 24 26 30
10017  02 03 21 22 24 26 31
10018  02 03 21 23 24 26 30
10019  02 03 21 23 24 26 31
10020  02 03 21 24 26 30 31
10021  02 03 22 23 24 26 31
10022  02 03 22 24 26 30 31
10023  02 03 23 24 26 30 31
10024  02 04 06 10 11 12 13
10025  02 04 06 10 11 12 23
10026  02 04 06 10 11 12 30
10027  02 04 06 10 11 12 31
10028  02 04 06 10 11 13 14
10029  02 04 06 10 11 13 16
10030  02 04 06 10 11 13 20
10031  02 04 06 10 11 13 21
10032  02 04 06 10 11 13 22
10033  02 04 06 10 11 13 23
10034  02 04 06 10 11 13 24
10035  02 04 06 10 11 13 26
10036  02 04 06 10 11 13 30
10037  02 04 06 10 11 13 31
10038  02 04 06 10 11 14 23
10039  02 04 06 10 11 14 30
10040  02 04 06 10 11 14 31
10041  02 04 06 10 11 16 23
10042  02 04 06 10 11 16 30
10043  02 04 06 10 11 16 31
10044  02 04 06 10 11 20 23
10045  02 04 06 10 11 20 30
10046  02 04 06 10 11 20 31
10047  02 04 06 10 11 21 23
10048  02 04 06 10 11 21 30
10049  02 04 06 10 11 21 31
10050  02 04 06 10 11 22 23
10051  02 04 06 10 11 22 30
10052  02 04 06 10 11 22 31
10053  02 04 06 10 11 23 24
10054  02 04 06 10 11 23 26
10055  02 04 06 10 11 23 30
10056  02 04 06 10 11 23 31
10057  02 04 06 10 11 24 30
10058  02 04 06 10 11 24 31
10059  02 04 06 10 11 26 30
10060  02 04 06 10 11 26 31
10061  02 04 06 10 11 30 31
10062  02 04 06 10 12 13 14
10063  02 04 06 10 12 13 16
10064  02 04 06 10 12 13 20
10065  02 04 06 10 12 13 21
10066  02 04 06 10 12 13 22
10067  02 04 06 10 12 13 23
10068  02 04 06 10 12 13 24
10069  02 04 06 10 12 13 26
10070  02 04 06 10 12 13 30
10071  02 04 06 10 12 13 31
10072  02 04 06 10 12 14 23
10073  02 04 06 10 12 14 30
10074  02 04 06 10 12 14 31
10075  02 04 06 10 12 16 23
10076  02 04 06 10 12 16 30
10077  02 04 06 10 12 16 31
10078  02 04 06 10 12 20 23
10079  02 04 06 10 12 20 30
10080  02 04 06 10 12 20 31
10081  02 04 06 10 12 21 23
10082  02 04 06 10 12 21 30
10083  02 04 06 10 12 21 31
10084  02 04 06 10 12 22 23
10085  02 04 06 10 12 22 30
10086  02 04 06 10 12 22 31
10087  02 04 06 10 12 23 24
10088  02 04 06 10 12 23 26
10089  02 04 06 10 12 23 30
10090  02 04 06 10 12 23 31
10091  02 04 06 10 12 24 30
10092  02 04 06 10 12 24 31
10093  02 04 06 10 12 26 30
10094  02 04 06 10 12 26 31
10095  02 04 06 10 12 30 31
10096  02 04 06 10 13 14 16
10097  02 04 06 10 13 14 20
10098  02 04 06 10 13 14 21
10099  02 04 06 10 13 14 22
10100  02 04 06 10 13 14 23
10101  02 04 06 10 13 14 24
10102  02 04 06 10 13 14 26
10103  02 04 06 10 13 14 30
10104  02 04 06 10 13 14 31
10105  02 04 06 10 13 16 20
10106  02 04 06 10 13 16 21
10107  02 04 06 10 13 16 22
10108  02 04 06 10 13 16 23
10109  02 04 06 10 13 16 24
10110  02 04 06 10 13 16 26
10111  02 04 06 10 13 16 30
10112  02 04 06 10 13 16 31
10113  02 04 06 10 13 20 21
10114  02 04 06 10 13 20 22
10115  02 04 06 10 13 20 23
10116  02 04 06 10 13 20 24
10117  02 04 06 10 13 20 26
10118  02 04 06 10 13 20 30
10119  02 04 06 10 13 20 31
10120  02 04 06 10 13 21 22
10121  02 04 06 10 13 21 23
10122  02 04 06 10 13 21 24
10123  02 04 06 10 13 21 26
10124  02 04 06 10 13 21 30
10125  02 04 06 10 13 21 31
10126  02 04 06 10 13 22 23
10127  02 04 06 10 13 22 24
10128  02 04 06 10 13 22 26
10129  02 04 06 10 13 22 30
10130  02 04 06 10 13 22 31
10131  02 04 06 10 13 23 24
10132  02 04 06 10 13 23 26
10133  02 04 06 10 13 23 30
10134  02 04 06 10 13 23 31
10135  02 04 06 10 13 24 26
10136  02 04 06 10 13 24 30
10137  02 04 06 10 13 24 31
10138  02 04 06 10 13 26 30
10139  02 04 06 10 13 26 31
10140  02 04 06 10 13 30 31
10141  02 04 06 10 14 16 23
10142  02 04 06 10 14 16 30
10143  02 04 06 10 14 16 31
10144  02 04 06 10 14 20 23
10145  02 04 06 10 14 20 30
10146  02 04 06 10 14 20 31
10147  02 04 06 10 14 21 23
10148  02 04 06 10 14 21 30
10149  02 04 06 10 14 21 31
10150  02 04 06 10 14 22 23
10151  02 04 06 10 14 22 30
10152  02 04 06 10 14 22 31
10153  02 04 06 10 14 23 24
10154  02 04 06 10 14 23 26
10155  02 04 06 10 14 23 30
10156  02 04 06 10 14 23 31
10157  02 04 06 10 14 24 30
10158  02 04 06 10 14 24 31
10159  02 04 06 10 14 26 30
10160  02 04 06 10 14 26 31
10161  02 04 06 10 14 30 31
10162  02 04 06 10 16 20 23
10163  02 04 06 10 16 20 30
10164  02 04 06 10 16 20 31
10165  02 04 06 10 16 21 23
10166  02 04 06 10 16 21 30
10167  02 04 06 10 16 21 31
10168  02 04 06 10 16 22 23
10169  02 04 06 10 16 22 30
10170  02 04 06 10 16 22 31
10171  02 04 06 10 16 23 24
10172  02 04 06 10 16 23 26
10173  02 04 06 10 16 23 30
10174  02 04 06 10 16 23 31
10175  02 04 06 10 16 24 30
10176  02 04 06 10 16 24 31
10177  02 04 06 10 16 26 30
10178  02 04 06 10 16 26 31
10179  02 04 06 10 16 30 31
10180  02 04 06 10 20 21 23
10181  02 04 06 10 20 21 30
10182  02 04 06 10 20 21 31
10183  02 04 06 10 20 22 23
10184  02 04 06 10 20 22 30
10185  02 04 06 10 20 22 31
10186  02 04 06 10 20 23 24
10187  02 04 06 10 20 23 26
10188  02 04 06 10 20 23 30
10189  02 04 06 10 20 23 31
10190  02 04 06 10 20 24 30
10191  02 04 06 10 20 24 31
10192  02 04 06 10 20 26 30
10193  02 04 06 10 20 26 31
10194  02 04 06 10 20 30 31
10195  02 04 06 10 21 22 23
10196  02 04 06 10 21 22 30
10197  02 04 06 10 21 22 31
10198  02 04 06 10 21 23 24
10199  02 04 06 10 21 23 26
10200  02 04 06 10 21 23 30
10201  02 04 06 10 21 23 31
10202  02 04 06 10 21 24 30
10203  02 04 06 10 21 24 31
10204  02 04 06 10 21 26 30
10205  02 04 06 10 21 26 31
10206  02 04 06 10 21 30 31
10207  02 04 06 10 22 23 24
10208  02 04 06 10 22 23 26
10209  02 04 06 10 22 23 30
10210  02 04 06 10 22 23 31
10211  02 04 06 10 22 24 30
10212  02 04 06 10 22 24 31
10213  02 04 06 10 22 26 30
10214  02 04 06 10 22 26 31
10215  02 04 06 10 22 30 31
10216  02 04 06 10 23 24 26
10217  02 04 06 10 23 24 30
10218  02 04 06 10 23 24 31
10219  02 04 06 10 23 26 30
10220  02 04 06 10 23 26 31
10221  02 04 06 10 23 30 31
10222  02 04 06 10 24 26 30
10223  02 04 06 10 24 26 31
10224  02 04 06 10 24 30 31
10225  02 04 06 10 26 30 31
10226  02 04 06 11 12 13 14
10227  02 04 06 11 12 13 16
10228  02 04 06 11 12 13 20
10229  02 04 06 11 12 13 21
10230  02 04 06 11 12 13 22
10231  02 04 06 11 12 13 23
10232  02 04 06 11 12 13 24
10233  02 04 06 11 12 13 26
10234  02 04 06 11 12 13 30
10235  02 04 06 11 12 13 31
10236  02 04 06 11 12 14 23
10237  02 04 06 11 12 14 30
10238  02 04 06 11 12 14 31
10239  02 04 06 11 12 16 23
10240  02 04 06 11 12 16 30
10241  02 04 06 11 12 16 31
10242  02 04 06 11 12 20 23
10243  02 04 06 11 12 20 30
10244  02 04 06 11 12 20 31
10245  02 04 06 11 12 21 23
10246  02 04 06 11 12 21 30
10247  02 04 06 11 12 21 31
10248  02 04 06 11 12 22 23
10249  02 04 06 11 12 22 30
10250  02 04 06 11 12 22 31
10251  02 04 06 11 12 23 24
10252  02 04 06 11 12 23 26
10253  02 04 06 11 12 23 30
10254  02 04 06 11 12 23 31
10255  02 04 06 11 12 24 30
10256  02 04 06 11 12 24 31
10257  02 04 06 11 12 26 30
10258  02 04 06 11 12 26 31
10259  02 04 06 11 12 30 31
10260  02 04 06 11 13 14 16
10261  02 04 06 11 13 14 20
10262  02 04 06 11 13 14 21
10263  02 04 06 11 13 14 22
10264  02 04 06 11 13 14 23
10265  02 04 06 11 13 14 24
10266  02 04 06 11 13 14 26
10267  02 04 06 11 13 14 30
10268  02 04 06 11 13 14 31
10269  02 04 06 11 13 16 20
10270  02 04 06 11 13 16 21
10271  02 04 06 11 13 16 22
10272  02 04 06 11 13 16 23
10273  02 04 06 11 13 16 24
10274  02 04 06 11 13 16 26
10275  02 04 06 11 13 16 30
10276  02 04 06 11 13 16 31
10277  02 04 06 11 13 20 21
10278  02 04 06 11 13 20 22
10279  02 04 06 11 13 20 23
10280  02 04 06 11 13 20 24
10281  02 04 06 11 13 20 26
10282  02 04 06 11 13 20 30
10283  02 04 06 11 13 20 31
10284  02 04 06 11 13 21 22
10285  02 04 06 11 13 21 23
10286  02 04 06 11 13 21 24
10287  02 04 06 11 13 21 26
10288  02 04 06 11 13 21 30
10289  02 04 06 11 13 21 31
10290  02 04 06 11 13 22 23
10291  02 04 06 11 13 22 24
10292  02 04 06 11 13 22 26
10293  02 04 06 11 13 22 30
10294  02 04 06 11 13 22 31
10295  02 04 06 11 13 23 24
10296  02 04 06 11 13 23 26
10297  02 04 06 11 13 23 30
10298  02 04 06 11 13 23 31
10299  02 04 06 11 13 24 26
10300  02 04 06 11 13 24 30
10301  02 04 06 11 13 24 31
10302  02 04 06 11 13 26 30
10303  02 04 06 11 13 26 31
10304  02 04 06 11 13 30 31
10305  02 04 06 11 14 16 23
10306  02 04 06 11 14 16 30
10307  02 04 06 11 14 16 31
10308  02 04 06 11 14 20 23
10309  02 04 06 11 14 20 30
10310  02 04 06 11 14 20 31
10311  02 04 06 11 14 21 23
10312  02 04 06 11 14 21 30
10313  02 04 06 11 14 21 31
10314  02 04 06 11 14 22 23
10315  02 04 06 11 14 22 30
10316  02 04 06 11 14 22 31
10317  02 04 06 11 14 23 24
10318  02 04 06 11 14 23 26
10319  02 04 06 11 14 23 30
10320  02 04 06 11 14 23 31
10321  02 04 06 11 14 24 30
10322  02 04 06 11 14 24 31
10323  02 04 06 11 14 26 30
10324  02 04 06 11 14 26 31
10325  02 04 06 11 14 30 31
10326  02 04 06 11 16 20 23
10327  02 04 06 11 16 20 30
10328  02 04 06 11 16 20 31
10329  02 04 06 11 16 21 23
10330  02 04 06 11 16 21 30
10331  02 04 06 11 16 21 31
10332  02 04 06 11 16 22 23
10333  02 04 06 11 16 22 30
10334  02 04 06 11 16 22 31
10335  02 04 06 11 16 23 24
10336  02 04 06 11 16 23 26
10337  02 04 06 11 16 23 30
10338  02 04 06 11 16 23 31
10339  02 04 06 11 16 24 30
10340  02 04 06 11 16 24 31
10341  02 04 06 11 16 26 30
10342  02 04 06 11 16 26 31
10343  02 04 06 11 16 30 31
10344  02 04 06 11 20 21 23
10345  02 04 06 11 20 21 30
10346  02 04 06 11 20 21 31
10347  02 04 06 11 20 22 23
10348  02 04 06 11 20 22 30
10349  02 04 06 11 20 22 31
10350  02 04 06 11 20 23 24
10351  02 04 06 11 20 23 26
10352  02 04 06 11 20 23 30
10353  02 04 06 11 20 23 31
10354  02 04 06 11 20 24 30
10355  02 04 06 11 20 24 31
10356  02 04 06 11 20 26 30
10357  02 04 06 11 20 26 31
10358  02 04 06 11 20 30 31
10359  02 04 06 11 21 22 23
10360  02 04 06 11 21 22 30
10361  02 04 06 11 21 22 31
10362  02 04 06 11 21 23 24
10363  02 04 06 11 21 23 26
10364  02 04 06 11 21 23 30
10365  02 04 06 11 21 23 31
10366  02 04 06 11 21 24 30
10367  02 04 06 11 21 24 31
10368  02 04 06 11 21 26 30
10369  02 04 06 11 21 26 31
10370  02 04 06 11 21 30 31
10371  02 04 06 11 22 23 24
10372  02 04 06 11 22 23 26
10373  02 04 06 11 22 23 30
10374  02 04 06 11 22 23 31
10375  02 04 06 11 22 24 30
10376  02 04 06 11 22 24 31
10377  02 04 06 11 22 26 30
10378  02 04 06 11 22 26 31
10379  02 04 06 11 22 30 31
10380  02 04 06 11 23 24 26
10381  02 04 06 11 23 24 30
10382  02 04 06 11 23 24 31
10383  02 04 06 11 23 26 30
10384  02 04 06 11 23 26 31
10385  02 04 06 11 23 30 31
10386  02 04 06 11 24 26 30
10387  02 04 06 11 24 26 31
10388  02 04 06 11 24 30 31
10389  02 04 06 11 26 30 31
10390  02 04 06 12 13 14 16
10391  02 04 06 12 13 14 20
10392  02 04 06 12 13 14 21
10393  02 04 06 12 13 14 22
10394  02 04 06 12 13 14 23
10395  02 04 06 12 13 14 24
10396  02 04 06 12 13 14 26
10397  02 04 06 12 13 14 30
10398  02 04 06 12 13 14 31
10399  02 04 06 12 13 16 20
10400  02 04 06 12 13 16 21
10401  02 04 06 12 13 16 22
10402  02 04 06 12 13 16 23
10403  02 04 06 12 13 16 24
10404  02 04 06 12 13 16 26
10405  02 04 06 12 13 16 30
10406  02 04 06 12 13 16 31
10407  02 04 06 12 13 20 21
10408  02 04 06 12 13 20 22
10409  02 04 06 12 13 20 23
10410  02 04 06 12 13 20 24
10411  02 04 06 12 13 20 26
10412  02 04 06 12 13 20 30
10413  02 04 06 12 13 20 31
10414  02 04 06 12 13 21 22
10415  02 04 06 12 13 21 23
10416  02 04 06 12 13 21 24
10417  02 04 06 12 13 21 26
10418  02 04 06 12 13 21 30
10419  02 04 06 12 13 21 31
10420  02 04 06 12 13 22 23
10421  02 04 06 12 13 22 24
10422  02 04 06 12 13 22 26
10423  02 04 06 12 13 22 30
10424  02 04 06 12 13 22 31
10425  02 04 06 12 13 23 24
10426  02 04 06 12 13 23 26
10427  02 04 06 12 13 23 30
10428  02 04 06 12 13 23 31
10429  02 04 06 12 13 24 26
10430  02 04 06 12 13 24 30
10431  02 04 06 12 13 24 31
10432  02 04 06 12 13 26 30
10433  02 04 06 12 13 26 31
10434  02 04 06 12 13 30 31
10435  02 04 06 12 14 16 23
10436  02 04 06 12 14 16 30
10437  02 04 06 12 14 16 31
10438  02 04 06 12 14 20 23
10439  02 04 06 12 14 20 30
10440  02 04 06 12 14 20 31
10441  02 04 06 12 14 21 23
10442  02 04 06 12 14 21 30
10443  02 04 06 12 14 21 31
10444  02 04 06 12 14 22 23
10445  02 04 06 12 14 22 30
10446  02 04 06 12 14 22 31
10447  02 04 06 12 14 23 24
10448  02 04 06 12 14 23 26
10449  02 04 06 12 14 23 30
10450  02 04 06 12 14 23 31
10451  02 04 06 12 14 24 30
10452  02 04 06 12 14 24 31
10453  02 04 06 12 14 26 30
10454  02 04 06 12 14 26 31
10455  02 04 06 12 14 30 31
10456  02 04 06 12 16 20 23
10457  02 04 06 12 16 20 30
10458  02 04 06 12 16 20 31
10459  02 04 06 12 16 21 23
10460  02 04 06 12 16 21 30
10461  02 04 06 12 16 21 31
10462  02 04 06 12 16 22 23
10463  02 04 06 12 16 22 30
10464  02 04 06 12 16 22 31
10465  02 04 06 12 16 23 24
10466  02 04 06 12 16 23 26
10467  02 04 06 12 16 23 30
10468  02 04 06 12 16 23 31
10469  02 04 06 12 16 24 30
10470  02 04 06 12 16 24 31
10471  02 04 06 12 16 26 30
10472  02 04 06 12 16 26 31
10473  02 04 06 12 16 30 31
10474  02 04 06 12 20 21 23
10475  02 04 06 12 20 21 30
10476  02 04 06 12 20 21 31
10477  02 04 06 12 20 22 23
10478  02 04 06 12 20 22 30
10479  02 04 06 12 20 22 31
10480  02 04 06 12 20 23 24
10481  02 04 06 12 20 23 26
10482  02 04 06 12 20 23 30
10483  02 04 06 12 20 23 31
10484  02 04 06 12 20 24 30
10485  02 04 06 12 20 24 31
10486  02 04 06 12 20 26 30
10487  02 04 06 12 20 26 31
10488  02 04 06 12 20 30 31
10489  02 04 06 12 21 22 23
10490  02 04 06 12 21 22 30
10491  02 04 06 12 21 22 31
10492  02 04 06 12 21 23 24
10493  02 04 06 12 21 23 26
10494  02 04 06 12 21 23 30
10495  02 04 06 12 21 23 31
10496  02 04 06 12 21 24 30
10497  02 04 06 12 21 24 31
10498  02 04 06 12 21 26 30
10499  02 04 06 12 21 26 31
10500  02 04 06 12 21 30 31
10501  02 04 06 12 22 23 24
10502  02 04 06 12 22 23 26
10503  02 04 06 12 22 23 30
10504  02 04 06 12 22 23 31
10505  02 04 06 12 22 24 30
10506  02 04 06 12 22 24 31
10507  02 04 06 12 22 26 30
10508  02 04 06 12 22 26 31
10509  02 04 06 12 22 30 31
10510  02 04 06 12 23 24 26
10511  02 04 06 12 23 24 30
10512  02 04 06 12 23 24 31
10513  02 04 06 12 23 26 30
10514  02 04 06 12 23 26 31
10515  02 04 06 12 23 30 31
10516  02 04 06 12 24 26 30
10517  02 04 06 12 24 26 31
10518  02 04 06 12 24 30 31
10519  02 04 06 12 26 30 31
10520  02 04 06 13 14 16 20
10521  02 04 06 13 14 16 21
10522  02 04 06 13 14 16 22
10523  02 04 06 13 14 16 23
10524  02 04 06 13 14 16 24
10525  02 04 06 13 14 16 26
10526  02 04 06 13 14 16 30
10527  02 04 06 13 14 16 31
10528  02 04 06 13 14 20 21
10529  02 04 06 13 14 20 22
10530  02 04 06 13 14 20 23
10531  02 04 06 13 14 20 24
10532  02 04 06 13 14 20 26
10533  02 04 06 13 14 20 30
10534  02 04 06 13 14 20 31
10535  02 04 06 13 14 21 22
10536  02 04 06 13 14 21 23
10537  02 04 06 13 14 21 24
10538  02 04 06 13 14 21 26
10539  02 04 06 13 14 21 30
10540  02 04 06 13 14 21 31
10541  02 04 06 13 14 22 23
10542  02 04 06 13 14 22 24
10543  02 04 06 13 14 22 26
10544  02 04 06 13 14 22 30
10545  02 04 06 13 14 22 31
10546  02 04 06 13 14 23 24
10547  02 04 06 13 14 23 26
10548  02 04 06 13 14 23 30
10549  02 04 06 13 14 23 31
10550  02 04 06 13 14 24 26
10551  02 04 06 13 14 24 30
10552  02 04 06 13 14 24 31
10553  02 04 06 13 14 26 30
10554  02 04 06 13 14 26 31
10555  02 04 06 13 14 30 31
10556  02 04 06 13 16 20 21
10557  02 04 06 13 16 20 22
10558  02 04 06 13 16 20 23
10559  02 04 06 13 16 20 24
10560  02 04 06 13 16 20 26
10561  02 04 06 13 16 20 30
10562  02 04 06 13 16 20 31
10563  02 04 06 13 16 21 22
10564  02 04 06 13 16 21 23
10565  02 04 06 13 16 21 24
10566  02 04 06 13 16 21 26
10567  02 04 06 13 16 21 30
10568  02 04 06 13 16 21 31
10569  02 04 06 13 16 22 23
10570  02 04 06 13 16 22 24
10571  02 04 06 13 16 22 26
10572  02 04 06 13 16 22 30
10573  02 04 06 13 16 22 31
10574  02 04 06 13 16 23 24
10575  02 04 06 13 16 23 26
10576  02 04 06 13 16 23 30
10577  02 04 06 13 16 23 31
10578  02 04 06 13 16 24 26
10579  02 04 06 13 16 24 30
10580  02 04 06 13 16 24 31
10581  02 04 06 13 16 26 30
10582  02 04 06 13 16 26 31
10583  02 04 06 13 16 30 31
10584  02 04 06 13 20 21 22
10585  02 04 06 13 20 21 23
10586  02 04 06 13 20 21 24
10587  02 04 06 13 20 21 26
10588  02 04 06 13 20 21 30
10589  02 04 06 13 20 21 31
10590  02 04 06 13 20 22 23
10591  02 04 06 13 20 22 24
10592  02 04 06 13 20 22 26
10593  02 04 06 13 20 22 30
10594  02 04 06 13 20 22 31
10595  02 04 06 13 20 23 24
10596  02 04 06 13 20 23 26
10597  02 04 06 13 20 23 30
10598  02 04 06 13 20 23 31
10599  02 04 06 13 20 24 26
10600  02 04 06 13 20 24 30
10601  02 04 06 13 20 24 31
10602  02 04 06 13 20 26 30
10603  02 04 06 13 20 26 31
10604  02 04 06 13 20 30 31
10605  02 04 06 13 21 22 23
10606  02 04 06 13 21 22 24
10607  02 04 06 13 21 22 26
10608  02 04 06 13 21 22 30
10609  02 04 06 13 21 22 31
10610  02 04 06 13 21 23 24
10611  02 04 06 13 21 23 26
10612  02 04 06 13 21 23 30
10613  02 04 06 13 21 23 31
10614  02 04 06 13 21 24 26
10615  02 04 06 13 21 24 30
10616  02 04 06 13 21 24 31
10617  02 04 06 13 21 26 30
10618  02 04 06 13 21 26 31
10619  02 04 06 13 21 30 31
10620  02 04 06 13 22 23 24
10621  02 04 06 13 22 23 26
10622  02 04 06 13 22 23 30
10623  02 04 06 13 22 23 31
10624  02 04 06 13 22 24 26
10625  02 04 06 13 22 24 30
10626  02 04 06 13 22 24 31
10627  02 04 06 13 22 26 30
10628  02 04 06 13 22 26 31
10629  02 04 06 13 22 30 31
10630  02 04 06 13 23 24 26
10631  02 04 06 13 23 24 30
10632  02 04 06 13 23 24 31
10633  02 04 06 13 23 26 30
10634  02 04 06 13 23 26 31
10635  02 04 06 13 23 30 31
10636  02 04 06 13 24 26 30
10637  02 04 06 13 24 26 31
10638  02 04 06 13 24 30 31
10639  02 04 06 13 26 30 31
10640  02 04 06 14 16 20 23
10641  02 04 06 14 16 20 30
10642  02 04 06 14 16 20 31
10643  02 04 06 14 16 21 23
10644  02 04 06 14 16 21 30
10645  02 04 06 14 16 21 31
10646  02 04 06 14 16 22 23
10647  02 04 06 14 16 22 30
10648  02 04 06 14 16 22 31
10649  02 04 06 14 16 23 24
10650  02 04 06 14 16 23 26
10651  02 04 06 14 16 23 30
10652  02 04 06 14 16 23 31
10653  02 04 06 14 16 24 30
10654  02 04 06 14 16 24 31
10655  02 04 06 14 16 26 30
10656  02 04 06 14 16 26 31
10657  02 04 06 14 16 30 31
10658  02 04 06 14 20 21 23
10659  02 04 06 14 20 21 30
10660  02 04 06 14 20 21 31
10661  02 04 06 14 20 22 23
10662  02 04 06 14 20 22 30
10663  02 04 06 14 20 22 31
10664  02 04 06 14 20 23 24
10665  02 04 06 14 20 23 26
10666  02 04 06 14 20 23 30
10667  02 04 06 14 20 23 31
10668  02 04 06 14 20 24 30
10669  02 04 06 14 20 24 31
10670  02 04 06 14 20 26 30
10671  02 04 06 14 20 26 31
10672  02 04 06 14 20 30 31
10673  02 04 06 14 21 22 23
10674  02 04 06 14 21 22 30
10675  02 04 06 14 21 22 31
10676  02 04 06 14 21 23 24
10677  02 04 06 14 21 23 26
10678  02 04 06 14 21 23 30
10679  02 04 06 14 21 23 31
10680  02 04 06 14 21 24 30
10681  02 04 06 14 21 24 31
10682  02 04 06 14 21 26 30
10683  02 04 06 14 21 26 31
10684  02 04 06 14 21 30 31
10685  02 04 06 14 22 23 24
10686  02 04 06 14 22 23 26
10687  02 04 06 14 22 23 30
10688  02 04 06 14 22 23 31
10689  02 04 06 14 22 24 30
10690  02 04 06 14 22 24 31
10691  02 04 06 14 22 26 30
10692  02 04 06 14 22 26 31
10693  02 04 06 14 22 30 31
10694  02 04 06 14 23 24 26
10695  02 04 06 14 23 24 30
10696  02 04 06 14 23 24 31
10697  02 04 06 14 23 26 30
10698  02 04 06 14 23 26 31
10699  02 04 06 14 23 30 31
10700  02 04 06 14 24 26 30
10701  02 04 06 14 24 26 31
10702  02 04 06 14 24 30 31
10703  02 04 06 14 26 30 31
10704  02 04 06 16 20 21 23
10705  02 04 06 16 20 21 30
10706  02 04 06 16 20 21 31
10707  02 04 06 16 20 22 23
10708  02 04 06 16 20 22 30
10709  02 04 06 16 20 22 31
10710  02 04 06 16 20 23 24
10711  02 04 06 16 20 23 26
10712  02 04 06 16 20 23 30
10713  02 04 06 16 20 23 31
10714  02 04 06 16 20 24 30
10715  02 04 06 16 20 24 31
10716  02 04 06 16 20 26 30
10717  02 04 06 16 20 26 31
10718  02 04 06 16 20 30 31
10719  02 04 06 16 21 22 23
10720  02 04 06 16 21 22 30
10721  02 04 06 16 21 22 31
10722  02 04 06 16 21 23 24
10723  02 04 06 16 21 23 26
10724  02 04 06 16 21 23 30
10725  02 04 06 16 21 23 31
10726  02 04 06 16 21 24 30
10727  02 04 06 16 21 24 31
10728  02 04 06 16 21 26 30
10729  02 04 06 16 21 26 31
10730  02 04 06 16 21 30 31
10731  02 04 06 16 22 23 24
10732  02 04 06 16 22 23 26
10733  02 04 06 16 22 23 30
10734  02 04 06 16 22 23 31
10735  02 04 06 16 22 24 30
10736  02 04 06 16 22 24 31
10737  02 04 06 16 22 26 30
10738  02 04 06 16 22 26 31
10739  02 04 06 16 22 30 31
10740  02 04 06 16 23 24 26
10741  02 04 06 16 23 24 30
10742  02 04 06 16 23 24 31
10743  02 04 06 16 23 26 30
10744  02 04 06 16 23 26 31
10745  02 04 06 16 23 30 31
10746  02 04 06 16 24 26 30
10747  02 04 06 16 24 26 31
10748  02 04 06 16 24 30 31
10749  02 04 06 16 26 30 31
10750  02 04 06 20 21 22 23
10751  02 04 06 20 21 22 30
10752  02 04 06 20 21 22 31
10753  02 04 06 20 21 23 24
10754  02 04 06 20 21 23 26
10755  02 04 06 20 21 23 30
10756  02 04 06 20 21 23 31
10757  02 04 06 20 21 24 30
10758  02 04 06 20 21 24 31
10759  02 04 06 20 21 26 30
10760  02 04 06 20 21 26 31
10761  02 04 06 20 21 30 31
10762  02 04 06 20 22 23 31
10763  02 04 06 20 22 24 31
10764  02 04 06 20 22 26 31
10765  02 04 06 20 22 30 31
10766  02 04 06 20 23 24 31
10767  02 04 06 20 23 26 31
10768  02 04 06 20 23 30 31
10769  02 04 06 20 24 26 31
10770  02 04 06 20 24 30 31
10771  02 04 06 20 26 30 31
10772  02 04 06 21 22 23 24
10773  02 04 06 21 22 23 26
10774  02 04 06 21 22 23 30
10775  02 04 06 21 22 23 31
10776  02 04 06 21 22 24 30
10777  02 04 06 21 22 24 31
10778  02 04 06 21 22 26 30
10779  02 04 06 21 22 26 31
10780  02 04 06 21 22 30 31
10781  02 04 06 21 23 24 26
10782  02 04 06 21 23 24 30
10783  02 04 06 21 23 24 31
10784  02 04 06 21 23 26 30
10785  02 04 06 21 23 26 31
10786  02 04 06 21 23 30 31
10787  02 04 06 21 24 26 30
10788  02 04 06 21 24 26 31
10789  02 04 06 21 24 30 31
10790  02 04 06 21 26 30 31
10791  02 04 06 22 23 24 31
10792  02 04 06 22 23 26 31
10793  02 04 06 22 23 30 31
10794  02 04 06 22 24 26 31
10795  02 04 06 22 24 30 31
10796  02 04 06 22 26 30 31
10797  02 04 06 23 24 26 31
10798  02 04 06 23 24 30 31
10799  02 04 06 23 26 30 31
10800  02 04 06 24 26 30 31
10801  02 04 10 11 12 13 16
10802  02 04 10 11 12 13 26
10803  02 04 10 11 12 16 23
10804  02 04 10 11 12 16 30
10805  02 04 10 11 12 16 31
10806  02 04 10 11 12 23 26
10807  02 04 10 11 12 26 30
10808  02 04 10 11 12 26 31
10809  02 04 10 11 13 14 16
10810  02 04 10 11 13 14 26
10811  02 04 10 11 13 16 20
10812  02 04 10 11 13 16 21
10813  02 04 10 11 13 16 22
10814  02 04 10 11 13 16 23
10815  02 04 10 11 13 16 24
10816  02 04 10 11 13 16 26
10817  02 04 10 11 13 16 30
10818  02 04 10 11 13 16 31
10819  02 04 10 11 13 20 26
10820  02 04 10 11 13 21 26
10821  02 04 10 11 13 22 26
10822  02 04 10 11 13 23 26
10823  02 04 10 11 13 24 26
10824  02 04 10 11 13 26 30
10825  02 04 10 11 13 26 31
10826  02 04 10 11 14 16 23
10827  02 04 10 11 14 16 30
10828  02 04 10 11 14 16 31
10829  02 04 10 11 14 23 26
10830  02 04 10 11 14 26 30
10831  02 04 10 11 14 26 31
10832  02 04 10 11 16 20 23
10833  02 04 10 11 16 20 30
10834  02 04 10 11 16 20 31
10835  02 04 10 11 16 21 23
10836  02 04 10 11 16 21 30
10837  02 04 10 11 16 21 31
10838  02 04 10 11 16 22 23
10839  02 04 10 11 16 22 30
10840  02 04 10 11 16 22 31
10841  02 04 10 11 16 23 24
10842  02 04 10 11 16 23 26
10843  02 04 10 11 16 23 30
10844  02 04 10 11 16 23 31
10845  02 04 10 11 16 24 30
10846  02 04 10 11 16 24 31
10847  02 04 10 11 16 26 30
10848  02 04 10 11 16 26 31
10849  02 04 10 11 16 30 31
10850  02 04 10 11 20 23 26
10851  02 04 10 11 20 26 30
10852  02 04 10 11 20 26 31
10853  02 04 10 11 21 23 26
10854  02 04 10 11 21 26 30
10855  02 04 10 11 21 26 31
10856  02 04 10 11 22 23 26
10857  02 04 10 11 22 26 30
10858  02 04 10 11 22 26 31
10859  02 04 10 11 23 24 26
10860  02 04 10 11 23 26 30
10861  02 04 10 11 23 26 31
10862  02 04 10 11 24 26 30
10863  02 04 10 11 24 26 31
10864  02 04 10 11 26 30 31
10865  02 04 10 12 13 14 16
10866  02 04 10 12 13 14 26
10867  02 04 10 12 13 16 20
10868  02 04 10 12 13 16 21
10869  02 04 10 12 13 16 22
10870  02 04 10 12 13 16 23
10871  02 04 10 12 13 16 24
10872  02 04 10 12 13 16 26
10873  02 04 10 12 13 16 30
10874  02 04 10 12 13 16 31
10875  02 04 10 12 13 20 26
10876  02 04 10 12 13 21 26
10877  02 04 10 12 13 22 26
10878  02 04 10 12 13 23 26
10879  02 04 10 12 13 24 26
10880  02 04 10 12 13 26 30
10881  02 04 10 12 13 26 31
10882  02 04 10 12 14 16 23
10883  02 04 10 12 14 16 30
10884  02 04 10 12 14 16 31
10885  02 04 10 12 14 23 26
10886  02 04 10 12 14 26 30
10887  02 04 10 12 14 26 31
10888  02 04 10 12 16 20 23
10889  02 04 10 12 16 20 30
10890  02 04 10 12 16 20 31
10891  02 04 10 12 16 21 23
10892  02 04 10 12 16 21 30
10893  02 04 10 12 16 21 31
10894  02 04 10 12 16 22 23
10895  02 04 10 12 16 22 30
10896  02 04 10 12 16 22 31
10897  02 04 10 12 16 23 24
10898  02 04 10 12 16 23 26
10899  02 04 10 12 16 23 30
10900  02 04 10 12 16 23 31
10901  02 04 10 12 16 24 30
10902  02 04 10 12 16 24 31
10903  02 04 10 12 16 26 30
10904  02 04 10 12 16 26 31
10905  02 04 10 12 16 30 31
10906  02 04 10 12 20 23 26
10907  02 04 10 12 20 26 30
10908  02 04 10 12 20 26 31
10909  02 04 10 12 21 23 26
10910  02 04 10 12 21 26 30
10911  02 04 10 12 21 26 31
10912  02 04 10 12 22 23 26
10913  02 04 10 12 22 26 30
10914  02 04 10 12 22 26 31
10915  02 04 10 12 23 24 26
10916  02 04 10 12 23 26 30
10917  02 04 10 12 23 26 31
10918  02 04 10 12 24 26 30
10919  02 04 10 12 24 26 31
10920  02 04 10 12 26 30 31
10921  02 04 10 13 14 16 20
10922  02 04 10 13 14 16 21
10923  02 04 10 13 14 16 22
10924  02 04 10 13 14 16 23
10925  02 04 10 13 14 16 24
10926  02 04 10 13 14 16 26
10927  02 04 10 13 14 16 30
10928  02 04 10 13 14 16 31
10929  02 04 10 13 14 20 26
10930  02 04 10 13 14 21 26
10931  02 04 10 13 14 22 26
10932  02 04 10 13 14 23 26
10933  02 04 10 13 14 24 26
10934  02 04 10 13 14 26 30
10935  02 04 10 13 14 26 31
10936  02 04 10 13 16 20 21
10937  02 04 10 13 16 20 22
10938  02 04 10 13 16 20 23
10939  02 04 10 13 16 20 24
10940  02 04 10 13 16 20 26
10941  02 04 10 13 16 20 30
10942  02 04 10 13 16 20 31
10943  02 04 10 13 16 21 22
10944  02 04 10 13 16 21 23
10945  02 04 10 13 16 21 24
10946  02 04 10 13 16 21 26
10947  02 04 10 13 16 21 30
10948  02 04 10 13 16 21 31
10949  02 04 10 13 16 22 23
10950  02 04 10 13 16 22 24
10951  02 04 10 13 16 22 26
10952  02 04 10 13 16 22 30
10953  02 04 10 13 16 22 31
10954  02 04 10 13 16 23 24
10955  02 04 10 13 16 23 26
10956  02 04 10 13 16 23 30
10957  02 04 10 13 16 23 31
10958  02 04 10 13 16 24 26
10959  02 04 10 13 16 24 30
10960  02 04 10 13 16 24 31
10961  02 04 10 13 16 26 30
10962  02 04 10 13 16 26 31
10963  02 04 10 13 16 30 31
10964  02 04 10 13 20 21 26
10965  02 04 10 13 20 22 26
10966  02 04 10 13 20 23 26
10967  02 04 10 13 20 24 26
10968  02 04 10 13 20 26 30
10969  02 04 10 13 20 26 31
10970  02 04 10 13 21 22 26
10971  02 04 10 13 21 23 26
10972  02 04 10 13 21 24 26
10973  02 04 10 13 21 26 30
10974  02 04 10 13 21 26 31
10975  02 04 10 13 22 23 26
10976  02 04 10 13 22 24 26
10977  02 04 10 13 22 26 30
10978  02 04 10 13 22 26 31
10979  02 04 10 13 23 24 26
10980  02 04 10 13 23 26 30
10981  02 04 10 13 23 26 31
10982  02 04 10 13 24 26 30
10983  02 04 10 13 24 26 31
10984  02 04 10 13 26 30 31
10985  02 04 10 14 16 20 23
10986  02 04 10 14 16 20 30
10987  02 04 10 14 16 20 31
10988  02 04 10 14 16 21 23
10989  02 04 10 14 16 21 30
10990  02 04 10 14 16 21 31
10991  02 04 10 14 16 22 23
10992  02 04 10 14 16 22 30
10993  02 04 10 14 16 22 31
10994  02 04 10 14 16 23 24
10995  02 04 10 14 16 23 26
10996  02 04 10 14 16 23 30
10997  02 04 10 14 16 23 31
10998  02 04 10 14 16 24 30
10999  02 04 10 14 16 24 31
11000  02 04 10 14 16 26 30
11001  02 04 10 14 16 26 31
11002  02 04 10 14 16 30 31
11003  02 04 10 14 20 23 26
11004  02 04 10 14 20 26 30
11005  02 04 10 14 20 26 31
11006  02 04 10 14 21 23 26
11007  02 04 10 14 21 26 30
11008  02 04 10 14 21 26 31
11009  02 04 10 14 22 23 26
11010  02 04 10 14 22 26 30
11011  02 04 10 14 22 26 31
11012  02 04 10 14 23 24 26
11013  02 04 10 14 23 26 30
11014  02 04 10 14 23 26 31
11015  02 04 10 14 24 26 30
11016  02 04 10 14 24 26 31
11017  02 04 10 14 26 30 31
11018  02 04 10 16 20 21 23
11019  02 04 10 16 20 21 30
11020  02 04 10 16 20 21 31
11021  02 04 10 16 20 22 23
11022  02 04 10 16 20 22 30
11023  02 04 10 16 20 22 31
11024  02 04 10 16 20 23 24
11025  02 04 10 16 20 23 26
11026  02 04 10 16 20 23 30
11027  02 04 10 16 20 23 31
11028  02 04 10 16 20 24 30
11029  02 04 10 16 20 24 31
11030  02 04 10 16 20 26 30
11031  02 04 10 16 20 26 31
11032  02 04 10 16 20 30 31
11033  02 04 10 16 21 22 23
11034  02 04 10 16 21 22 30
11035  02 04 10 16 21 22 31
11036  02 04 10 16 21 23 24
11037  02 04 10 16 21 23 26
11038  02 04 10 16 21 23 30
11039  02 04 10 16 21 23 31
11040  02 04 10 16 21 24 30
11041  02 04 10 16 21 24 31
11042  02 04 10 16 21 26 30
11043  02 04 10 16 21 26 31
11044  02 04 10 16 21 30 31
11045  02 04 10 16 22 23 24
11046  02 04 10 16 22 23 26
11047  02 04 10 16 22 23 30
11048  02 04 10 16 22 23 31
11049  02 04 10 16 22 24 30
11050  02 04 10 16 22 24 31
11051  02 04 10 16 22 26 30
11052  02 04 10 16 22 26 31
11053  02 04 10 16 22 30 31
11054  02 04 10 16 23 24 26
11055  02 04 10 16 23 24 30
11056  02 04 10 16 23 24 31
11057  02 04 10 16 23 26 30
11058  02 04 10 16 23 26 31
11059  02 04 10 16 23 30 31
11060  02 04 10 16 24 26 30
11061  02 04 10 16 24 26 31
11062  02 04 10 16 24 30 31
11063  02 04 10 16 26 30 31
11064  02 04 10 20 21 23 26
11065  02 04 10 20 21 26 30
11066  02 04 10 20 21 26 31
11067  02 04 10 20 22 23 26
11068  02 04 10 20 22 26 30
11069  02 04 10 20 22 26 31
11070  02 04 10 20 23 24 26
11071  02 04 10 20 23 26 30
11072  02 04 10 20 23 26 31
11073  02 04 10 20 24 26 30
11074  02 04 10 20 24 26 31
11075  02 04 10 20 26 30 31
11076  02 04 10 21 22 23 26
11077  02 04 10 21 22 26 30
11078  02 04 10 21 22 26 31
11079  02 04 10 21 23 24 26
11080  02 04 10 21 23 26 30
11081  02 04 10 21 23 26 31
11082  02 04 10 21 24 26 30
11083  02 04 10 21 24 26 31
11084  02 04 10 21 26 30 31
11085  02 04 10 22 23 24 26
11086  02 04 10 22 23 26 30
11087  02 04 10 22 23 26 31
11088  02 04 10 22 24 26 30
11089  02 04 10 22 24 26 31
11090  02 04 10 22 26 30 31
11091  02 04 10 23 24 26 30
11092  02 04 10 23 24 26 31
11093  02 04 10 23 26 30 31
11094  02 04 10 24 26 30 31
11095  02 04 11 12 13 14 16
11096  02 04 11 12 13 14 26
11097  02 04 11 12 13 16 20
11098  02 04 11 12 13 16 21
11099  02 04 11 12 13 16 22
11100  02 04 11 12 13 16 23
11101  02 04 11 12 13 16 24
11102  02 04 11 12 13 16 26
11103  02 04 11 12 13 16 30
11104  02 04 11 12 13 16 31
11105  02 04 11 12 13 20 26
11106  02 04 11 12 13 21 26
11107  02 04 11 12 13 22 26
11108  02 04 11 12 13 23 26
11109  02 04 11 12 13 24 26
11110  02 04 11 12 13 26 30
11111  02 04 11 12 13 26 31
11112  02 04 11 12 14 16 23
11113  02 04 11 12 14 16 30
11114  02 04 11 12 14 16 31
11115  02 04 11 12 14 23 26
11116  02 04 11 12 14 26 30
11117  02 04 11 12 14 26 31
11118  02 04 11 12 16 20 23
11119  02 04 11 12 16 20 30
11120  02 04 11 12 16 20 31
11121  02 04 11 12 16 21 23
11122  02 04 11 12 16 21 30
11123  02 04 11 12 16 21 31
11124  02 04 11 12 16 22 23
11125  02 04 11 12 16 22 30
11126  02 04 11 12 16 22 31
11127  02 04 11 12 16 23 24
11128  02 04 11 12 16 23 26
11129  02 04 11 12 16 23 30
11130  02 04 11 12 16 23 31
11131  02 04 11 12 16 24 30
11132  02 04 11 12 16 24 31
11133  02 04 11 12 16 26 30
11134  02 04 11 12 16 26 31
11135  02 04 11 12 16 30 31
11136  02 04 11 12 20 23 26
11137  02 04 11 12 20 26 30
11138  02 04 11 12 20 26 31
11139  02 04 11 12 21 23 26
11140  02 04 11 12 21 26 30
11141  02 04 11 12 21 26 31
11142  02 04 11 12 22 23 26
11143  02 04 11 12 22 26 30
11144  02 04 11 12 22 26 31
11145  02 04 11 12 23 24 26
11146  02 04 11 12 23 26 30
11147  02 04 11 12 23 26 31
11148  02 04 11 12 24 26 30
11149  02 04 11 12 24 26 31
11150  02 04 11 12 26 30 31
11151  02 04 11 13 14 16 20
11152  02 04 11 13 14 16 21
11153  02 04 11 13 14 16 22
11154  02 04 11 13 14 16 23
11155  02 04 11 13 14 16 24
11156  02 04 11 13 14 16 26
11157  02 04 11 13 14 16 30
11158  02 04 11 13 14 16 31
11159  02 04 11 13 14 20 26
11160  02 04 11 13 14 21 26
11161  02 04 11 13 14 22 26
11162  02 04 11 13 14 23 26
11163  02 04 11 13 14 24 26
11164  02 04 11 13 14 26 30
11165  02 04 11 13 14 26 31
11166  02 04 11 13 16 20 21
11167  02 04 11 13 16 20 22
11168  02 04 11 13 16 20 23
11169  02 04 11 13 16 20 24
11170  02 04 11 13 16 20 26
11171  02 04 11 13 16 20 30
11172  02 04 11 13 16 20 31
11173  02 04 11 13 16 21 22
11174  02 04 11 13 16 21 23
11175  02 04 11 13 16 21 24
11176  02 04 11 13 16 21 26
11177  02 04 11 13 16 21 30
11178  02 04 11 13 16 21 31
11179  02 04 11 13 16 22 23
11180  02 04 11 13 16 22 24
11181  02 04 11 13 16 22 26
11182  02 04 11 13 16 22 30
11183  02 04 11 13 16 22 31
11184  02 04 11 13 16 23 24
11185  02 04 11 13 16 23 26
11186  02 04 11 13 16 23 30
11187  02 04 11 13 16 23 31
11188  02 04 11 13 16 24 26
11189  02 04 11 13 16 24 30
11190  02 04 11 13 16 24 31
11191  02 04 11 13 16 26 30
11192  02 04 11 13 16 26 31
11193  02 04 11 13 16 30 31
11194  02 04 11 13 20 21 26
11195  02 04 11 13 20 22 26
11196  02 04 11 13 20 23 26
11197  02 04 11 13 20 24 26
11198  02 04 11 13 20 26 30
11199  02 04 11 13 20 26 31
11200  02 04 11 13 21 22 26
11201  02 04 11 13 21 23 26
11202  02 04 11 13 21 24 26
11203  02 04 11 13 21 26 30
11204  02 04 11 13 21 26 31
11205  02 04 11 13 22 23 26
11206  02 04 11 13 22 24 26
11207  02 04 11 13 22 26 30
11208  02 04 11 13 22 26 31
11209  02 04 11 13 23 24 26
11210  02 04 11 13 23 26 30
11211  02 04 11 13 23 26 31
11212  02 04 11 13 24 26 30
11213  02 04 11 13 24 26 31
11214  02 04 11 13 26 30 31
11215  02 04 11 14 16 20 23
11216  02 04 11 14 16 20 30
11217  02 04 11 14 16 20 31
11218  02 04 11 14 16 21 23
11219  02 04 11 14 16 21 30
11220  02 04 11 14 16 21 31
11221  02 04 11 14 16 22 23
11222  02 04 11 14 16 22 30
11223  02 04 11 14 16 22 31
11224  02 04 11 14 16 23 24
11225  02 04 11 14 16 23 26
11226  02 04 11 14 16 23 30
11227  02 04 11 14 16 23 31
11228  02 04 11 14 16 24 30
11229  02 04 11 14 16 24 31
11230  02 04 11 14 16 26 30
11231  02 04 11 14 16 26 31
11232  02 04 11 14 16 30 31
11233  02 04 11 14 20 23 26
11234  02 04 11 14 20 26 30
11235  02 04 11 14 20 26 31
11236  02 04 11 14 21 23 26
11237  02 04 11 14 21 26 30
11238  02 04 11 14 21 26 31
11239  02 04 11 14 22 23 26
11240  02 04 11 14 22 26 30
11241  02 04 11 14 22 26 31
11242  02 04 11 14 23 24 26
11243  02 04 11 14 23 26 30
11244  02 04 11 14 23 26 31
11245  02 04 11 14 24 26 30
11246  02 04 11 14 24 26 31
11247  02 04 11 14 26 30 31
11248  02 04 11 16 20 21 23
11249  02 04 11 16 20 21 30
11250  02 04 11 16 20 21 31
11251  02 04 11 16 20 22 23
11252  02 04 11 16 20 22 30
11253  02 04 11 16 20 22 31
11254  02 04 11 16 20 23 24
11255  02 04 11 16 20 23 26
11256  02 04 11 16 20 23 30
11257  02 04 11 16 20 23 31
11258  02 04 11 16 20 24 30
11259  02 04 11 16 20 24 31
11260  02 04 11 16 20 26 30
11261  02 04 11 16 20 26 31
11262  02 04 11 16 20 30 31
11263  02 04 11 16 21 22 23
11264  02 04 11 16 21 22 30
11265  02 04 11 16 21 22 31
11266  02 04 11 16 21 23 24
11267  02 04 11 16 21 23 26
11268  02 04 11 16 21 23 30
11269  02 04 11 16 21 23 31
11270  02 04 11 16 21 24 30
11271  02 04 11 16 21 24 31
11272  02 04 11 16 21 26 30
11273  02 04 11 16 21 26 31
11274  02 04 11 16 21 30 31
11275  02 04 11 16 22 23 24
11276  02 04 11 16 22 23 26
11277  02 04 11 16 22 23 30
11278  02 04 11 16 22 23 31
11279  02 04 11 16 22 24 30
11280  02 04 11 16 22 24 31
11281  02 04 11 16 22 26 30
11282  02 04 11 16 22 26 31
11283  02 04 11 16 22 30 31
11284  02 04 11 16 23 24 26
11285  02 04 11 16 23 24 30
11286  02 04 11 16 23 24 31
11287  02 04 11 16 23 26 30
11288  02 04 11 16 23 26 31
11289  02 04 11 16 23 30 31
11290  02 04 11 16 24 26 30
11291  02 04 11 16 24 26 31
11292  02 04 11 16 24 30 31
11293  02 04 11 16 26 30 31
11294  02 04 11 20 21 23 26
11295  02 04 11 20 21 26 30
11296  02 04 11 20 21 26 31
11297  02 04 11 20 22 23 26
11298  02 04 11 20 22 26 30
11299  02 04 11 20 22 26 31
11300  02 04 11 20 23 24 26
11301  02 04 11 20 23 26 30
11302  02 04 11 20 23 26 31
11303  02 04 11 20 24 26 30
11304  02 04 11 20 24 26 31
11305  02 04 11 20 26 30 31
11306  02 04 11 21 22 23 26
11307  02 04 11 21 22 26 30
11308  02 04 11 21 22 26 31
11309  02 04 11 21 23 24 26
11310  02 04 11 21 23 26 30
11311  02 04 11 21 23 26 31
11312  02 04 11 21 24 26 30
11313  02 04 11 21 24 26 31
11314  02 04 11 21 26 30 31
11315  02 04 11 22 23 24 26
11316  02 04 11 22 23 26 30
11317  02 04 11 22 23 26 31
11318  02 04 11 22 24 26 30
11319  02 04 11 22 24 26 31
11320  02 04 11 22 26 30 31
11321  02 04 11 23 24 26 30
11322  02 04 11 23 24 26 31
11323  02 04 11 23 26 30 31
11324  02 04 11 24 26 30 31
11325  02 04 12 13 14 16 20
11326  02 04 12 13 14 16 21
11327  02 04 12 13 14 16 22
11328  02 04 12 13 14 16 23
11329  02 04 12 13 14 16 24
11330  02 04 12 13 14 16 26
11331  02 04 12 13 14 16 30
11332  02 04 12 13 14 16 31
11333  02 04 12 13 14 20 26
11334  02 04 12 13 14 21 26
11335  02 04 12 13 14 22 26
11336  02 04 12 13 14 23 26
11337  02 04 12 13 14 24 26
11338  02 04 12 13 14 26 30
11339  02 04 12 13 14 26 31
11340  02 04 12 13 16 20 21
11341  02 04 12 13 16 20 22
11342  02 04 12 13 16 20 23
11343  02 04 12 13 16 20 24
11344  02 04 12 13 16 20 26
11345  02 04 12 13 16 20 30
11346  02 04 12 13 16 20 31
11347  02 04 12 13 16 21 22
11348  02 04 12 13 16 21 23
11349  02 04 12 13 16 21 24
11350  02 04 12 13 16 21 26
11351  02 04 12 13 16 21 30
11352  02 04 12 13 16 21 31
11353  02 04 12 13 16 22 23
11354  02 04 12 13 16 22 24
11355  02 04 12 13 16 22 26
11356  02 04 12 13 16 22 30
11357  02 04 12 13 16 22 31
11358  02 04 12 13 16 23 24
11359  02 04 12 13 16 23 26
11360  02 04 12 13 16 23 30
11361  02 04 12 13 16 23 31
11362  02 04 12 13 16 24 26
11363  02 04 12 13 16 24 30
11364  02 04 12 13 16 24 31
11365  02 04 12 13 16 26 30
11366  02 04 12 13 16 26 31
11367  02 04 12 13 16 30 31
11368  02 04 12 13 20 21 26
11369  02 04 12 13 20 22 26
11370  02 04 12 13 20 23 26
11371  02 04 12 13 20 24 26
11372  02 04 12 13 20 26 30
11373  02 04 12 13 20 26 31
11374  02 04 12 13 21 22 26
11375  02 04 12 13 21 23 26
11376  02 04 12 13 21 24 26
11377  02 04 12 13 21 26 30
11378  02 04 12 13 21 26 31
11379  02 04 12 13 22 23 26
11380  02 04 12 13 22 24 26
11381  02 04 12 13 22 26 30
11382  02 04 12 13 22 26 31
11383  02 04 12 13 23 24 26
11384  02 04 12 13 23 26 30
11385  02 04 12 13 23 26 31
11386  02 04 12 13 24 26 30
11387  02 04 12 13 24 26 31
11388  02 04 12 13 26 30 31
11389  02 04 12 14 16 20 23
11390  02 04 12 14 16 20 30
11391  02 04 12 14 16 20 31
11392  02 04 12 14 16 21 23
11393  02 04 12 14 16 21 30
11394  02 04 12 14 16 21 31
11395  02 04 12 14 16 22 23
11396  02 04 12 14 16 22 30
11397  02 04 12 14 16 22 31
11398  02 04 12 14 16 23 24
11399  02 04 12 14 16 23 26
11400  02 04 12 14 16 23 30
11401  02 04 12 14 16 23 31
11402  02 04 12 14 16 24 30
11403  02 04 12 14 16 24 31
11404  02 04 12 14 16 26 30
11405  02 04 12 14 16 26 31
11406  02 04 12 14 16 30 31
11407  02 04 12 14 20 23 26
11408  02 04 12 14 20 26 30
11409  02 04 12 14 20 26 31
11410  02 04 12 14 21 23 26
11411  02 04 12 14 21 26 30
11412  02 04 12 14 21 26 31
11413  02 04 12 14 22 23 26
11414  02 04 12 14 22 26 30
11415  02 04 12 14 22 26 31
11416  02 04 12 14 23 24 26
11417  02 04 12 14 23 26 30
11418  02 04 12 14 23 26 31
11419  02 04 12 14 24 26 30
11420  02 04 12 14 24 26 31
11421  02 04 12 14 26 30 31
11422  02 04 12 16 20 21 23
11423  02 04 12 16 20 21 30
11424  02 04 12 16 20 21 31
11425  02 04 12 16 20 22 23
11426  02 04 12 16 20 22 30
11427  02 04 12 16 20 22 31
11428  02 04 12 16 20 23 24
11429  02 04 12 16 20 23 26
11430  02 04 12 16 20 23 30
11431  02 04 12 16 20 23 31
11432  02 04 12 16 20 24 30
11433  02 04 12 16 20 24 31
11434  02 04 12 16 20 26 30
11435  02 04 12 16 20 26 31
11436  02 04 12 16 20 30 31
11437  02 04 12 16 21 22 23
11438  02 04 12 16 21 22 30
11439  02 04 12 16 21 22 31
11440  02 04 12 16 21 23 24
11441  02 04 12 16 21 23 26
11442  02 04 12 16 21 23 30
11443  02 04 12 16 21 23 31
11444  02 04 12 16 21 24 30
11445  02 04 12 16 21 24 31
11446  02 04 12 16 21 26 30
11447  02 04 12 16 21 26 31
11448  02 04 12 16 21 30 31
11449  02 04 12 16 22 23 24
11450  02 04 12 16 22 23 26
11451  02 04 12 16 22 23 30
11452  02 04 12 16 22 23 31
11453  02 04 12 16 22 24 30
11454  02 04 12 16 22 24 31
11455  02 04 12 16 22 26 30
11456  02 04 12 16 22 26 31
11457  02 04 12 16 22 30 31
11458  02 04 12 16 23 24 26
11459  02 04 12 16 23 24 30
11460  02 04 12 16 23 24 31
11461  02 04 12 16 23 26 30
11462  02 04 12 16 23 26 31
11463  02 04 12 16 23 30 31
11464  02 04 12 16 24 26 30
11465  02 04 12 16 24 26 31
11466  02 04 12 16 24 30 31
11467  02 04 12 16 26 30 31
11468  02 04 12 20 21 23 26
11469  02 04 12 20 21 26 30
11470  02 04 12 20 21 26 31
11471  02 04 12 20 22 23 26
11472  02 04 12 20 22 26 30
11473  02 04 12 20 22 26 31
11474  02 04 12 20 23 24 26
11475  02 04 12 20 23 26 30
11476  02 04 12 20 23 26 31
11477  02 04 12 20 24 26 30
11478  02 04 12 20 24 26 31
11479  02 04 12 20 26 30 31
11480  02 04 12 21 22 23 26
11481  02 04 12 21 22 26 30
11482  02 04 12 21 22 26 31
11483  02 04 12 21 23 24 26
11484  02 04 12 21 23 26 30
11485  02 04 12 21 23 26 31
11486  02 04 12 21 24 26 30
11487  02 04 12 21 24 26 31
11488  02 04 12 21 26 30 31
11489  02 04 12 22 23 24 26
11490  02 04 12 22 23 26 30
11491  02 04 12 22 23 26 31
11492  02 04 12 22 24 26 30
11493  02 04 12 22 24 26 31
11494  02 04 12 22 26 30 31
11495  02 04 12 23 24 26 30
11496  02 04 12 23 24 26 31
11497  02 04 12 23 26 30 31
11498  02 04 12 24 26 30 31
11499  02 04 13 14 16 20 21
11500  02 04 13 14 16 20 22
11501  02 04 13 14 16 20 23
11502  02 04 13 14 16 20 24
11503  02 04 13 14 16 20 26
11504  02 04 13 14 16 20 30
11505  02 04 13 14 16 20 31
11506  02 04 13 14 16 21 22
11507  02 04 13 14 16 21 23
11508  02 04 13 14 16 21 24
11509  02 04 13 14 16 21 26
11510  02 04 13 14 16 21 30
11511  02 04 13 14 16 21 31
11512  02 04 13 14 16 22 23
11513  02 04 13 14 16 22 24
11514  02 04 13 14 16 22 26
11515  02 04 13 14 16 22 30
11516  02 04 13 14 16 22 31
11517  02 04 13 14 16 23 24
11518  02 04 13 14 16 23 26
11519  02 04 13 14 16 23 30
11520  02 04 13 14 16 23 31
11521  02 04 13 14 16 24 26
11522  02 04 13 14 16 24 30
11523  02 04 13 14 16 24 31
11524  02 04 13 14 16 26 30
11525  02 04 13 14 16 26 31
11526  02 04 13 14 16 30 31
11527  02 04 13 14 20 21 26
11528  02 04 13 14 20 22 26
11529  02 04 13 14 20 23 26
11530  02 04 13 14 20 24 26
11531  02 04 13 14 20 26 30
11532  02 04 13 14 20 26 31
11533  02 04 13 14 21 22 26
11534  02 04 13 14 21 23 26
11535  02 04 13 14 21 24 26
11536  02 04 13 14 21 26 30
11537  02 04 13 14 21 26 31
11538  02 04 13 14 22 23 26
11539  02 04 13 14 22 24 26
11540  02 04 13 14 22 26 30
11541  02 04 13 14 22 26 31
11542  02 04 13 14 23 24 26
11543  02 04 13 14 23 26 30
11544  02 04 13 14 23 26 31
11545  02 04 13 14 24 26 30
11546  02 04 13 14 24 26 31
11547  02 04 13 14 26 30 31
11548  02 04 13 16 20 21 22
11549  02 04 13 16 20 21 23
11550  02 04 13 16 20 21 24
11551  02 04 13 16 20 21 26
11552  02 04 13 16 20 21 30
11553  02 04 13 16 20 21 31
11554  02 04 13 16 20 22 23
11555  02 04 13 16 20 22 24
11556  02 04 13 16 20 22 26
11557  02 04 13 16 20 22 30
11558  02 04 13 16 20 22 31
11559  02 04 13 16 20 23 24
11560  02 04 13 16 20 23 26
11561  02 04 13 16 20 23 30
11562  02 04 13 16 20 23 31
11563  02 04 13 16 20 24 26
11564  02 04 13 16 20 24 30
11565  02 04 13 16 20 24 31
11566  02 04 13 16 20 26 30
11567  02 04 13 16 20 26 31
11568  02 04 13 16 20 30 31
11569  02 04 13 16 21 22 23
11570  02 04 13 16 21 22 24
11571  02 04 13 16 21 22 26
11572  02 04 13 16 21 22 30
11573  02 04 13 16 21 22 31
11574  02 04 13 16 21 23 24
11575  02 04 13 16 21 23 26
11576  02 04 13 16 21 23 30
11577  02 04 13 16 21 23 31
11578  02 04 13 16 21 24 26
11579  02 04 13 16 21 24 30
11580  02 04 13 16 21 24 31
11581  02 04 13 16 21 26 30
11582  02 04 13 16 21 26 31
11583  02 04 13 16 21 30 31
11584  02 04 13 16 22 23 24
11585  02 04 13 16 22 23 26
11586  02 04 13 16 22 23 30
11587  02 04 13 16 22 23 31
11588  02 04 13 16 22 24 26
11589  02 04 13 16 22 24 30
11590  02 04 13 16 22 24 31
11591  02 04 13 16 22 26 30
11592  02 04 13 16 22 26 31
11593  02 04 13 16 22 30 31
11594  02 04 13 16 23 24 26
11595  02 04 13 16 23 24 30
11596  02 04 13 16 23 24 31
11597  02 04 13 16 23 26 30
11598  02 04 13 16 23 26 31
11599  02 04 13 16 23 30 31
11600  02 04 13 16 24 26 30
11601  02 04 13 16 24 26 31
11602  02 04 13 16 24 30 31
11603  02 04 13 16 26 30 31
11604  02 04 13 20 21 22 26
11605  02 04 13 20 21 23 26
11606  02 04 13 20 21 24 26
11607  02 04 13 20 21 26 30
11608  02 04 13 20 21 26 31
11609  02 04 13 20 22 23 26
11610  02 04 13 20 22 24 26
11611  02 04 13 20 22 26 30
11612  02 04 13 20 22 26 31
11613  02 04 13 20 23 24 26
11614  02 04 13 20 23 26 30
11615  02 04 13 20 23 26 31
11616  02 04 13 20 24 26 30
11617  02 04 13 20 24 26 31
11618  02 04 13 20 26 30 31
11619  02 04 13 21 22 23 26
11620  02 04 13 21 22 24 26
11621  02 04 13 21 22 26 30
11622  02 04 13 21 22 26 31
11623  02 04 13 21 23 24 26
11624  02 04 13 21 23 26 30
11625  02 04 13 21 23 26 31
11626  02 04 13 21 24 26 30
11627  02 04 13 21 24 26 31
11628  02 04 13 21 26 30 31
11629  02 04 13 22 23 24 26
11630  02 04 13 22 23 26 30
11631  02 04 13 22 23 26 31
11632  02 04 13 22 24 26 30
11633  02 04 13 22 24 26 31
11634  02 04 13 22 26 30 31
11635  02 04 13 23 24 26 30
11636  02 04 13 23 24 26 31
11637  02 04 13 23 26 30 31
11638  02 04 13 24 26 30 31
11639  02 04 14 16 20 21 23
11640  02 04 14 16 20 21 30
11641  02 04 14 16 20 21 31
11642  02 04 14 16 20 22 23
11643  02 04 14 16 20 22 30
11644  02 04 14 16 20 22 31
11645  02 04 14 16 20 23 24
11646  02 04 14 16 20 23 26
11647  02 04 14 16 20 23 30
11648  02 04 14 16 20 23 31
11649  02 04 14 16 20 24 30
11650  02 04 14 16 20 24 31
11651  02 04 14 16 20 26 30
11652  02 04 14 16 20 26 31
11653  02 04 14 16 20 30 31
11654  02 04 14 16 21 22 23
11655  02 04 14 16 21 22 30
11656  02 04 14 16 21 22 31
11657  02 04 14 16 21 23 24
11658  02 04 14 16 21 23 26
11659  02 04 14 16 21 23 30
11660  02 04 14 16 21 23 31
11661  02 04 14 16 21 24 30
11662  02 04 14 16 21 24 31
11663  02 04 14 16 21 26 30
11664  02 04 14 16 21 26 31
11665  02 04 14 16 21 30 31
11666  02 04 14 16 22 23 24
11667  02 04 14 16 22 23 26
11668  02 04 14 16 22 23 30
11669  02 04 14 16 22 23 31
11670  02 04 14 16 22 24 30
11671  02 04 14 16 22 24 31
11672  02 04 14 16 22 26 30
11673  02 04 14 16 22 26 31
11674  02 04 14 16 22 30 31
11675  02 04 14 16 23 24 26
11676  02 04 14 16 23 24 30
11677  02 04 14 16 23 24 31
11678  02 04 14 16 23 26 30
11679  02 04 14 16 23 26 31
11680  02 04 14 16 23 30 31
11681  02 04 14 16 24 26 30
11682  02 04 14 16 24 26 31
11683  02 04 14 16 24 30 31
11684  02 04 14 16 26 30 31
11685  02 04 14 20 21 23 26
11686  02 04 14 20 21 26 30
11687  02 04 14 20 21 26 31
11688  02 04 14 20 22 23 26
11689  02 04 14 20 22 26 30
11690  02 04 14 20 22 26 31
11691  02 04 14 20 23 24 26
11692  02 04 14 20 23 26 30
11693  02 04 14 20 23 26 31
11694  02 04 14 20 24 26 30
11695  02 04 14 20 24 26 31
11696  02 04 14 20 26 30 31
11697  02 04 14 21 22 23 26
11698  02 04 14 21 22 26 30
11699  02 04 14 21 22 26 31
11700  02 04 14 21 23 24 26
11701  02 04 14 21 23 26 30
11702  02 04 14 21 23 26 31
11703  02 04 14 21 24 26 30
11704  02 04 14 21 24 26 31
11705  02 04 14 21 26 30 31
11706  02 04 14 22 23 24 26
11707  02 04 14 22 23 26 30
11708  02 04 14 22 23 26 31
11709  02 04 14 22 24 26 30
11710  02 04 14 22 24 26 31
11711  02 04 14 22 26 30 31
11712  02 04 14 23 24 26 30
11713  02 04 14 23 24 26 31
11714  02 04 14 23 26 30 31
11715  02 04 14 24 26 30 31
11716  02 04 16 20 21 22 23
11717  02 04 16 20 21 22 30
11718  02 04 16 20 21 22 31
11719  02 04 16 20 21 23 24
11720  02 04 16 20 21 23 26
11721  02 04 16 20 21 23 30
11722  02 04 16 20 21 23 31
11723  02 04 16 20 21 24 30
11724  02 04 16 20 21 24 31
11725  02 04 16 20 21 26 30
11726  02 04 16 20 21 26 31
11727  02 04 16 20 21 30 31
11728  02 04 16 20 22 23 24
11729  02 04 16 20 22 23 26
11730  02 04 16 20 22 23 30
11731  02 04 16 20 22 23 31
11732  02 04 16 20 22 24 30
11733  02 04 16 20 22 24 31
11734  02 04 16 20 22 26 30
11735  02 04 16 20 22 26 31
11736  02 04 16 20 22 30 31
11737  02 04 16 20 23 24 26
11738  02 04 16 20 23 24 30
11739  02 04 16 20 23 24 31
11740  02 04 16 20 23 26 30
11741  02 04 16 20 23 26 31
11742  02 04 16 20 23 30 31
11743  02 04 16 20 24 26 30
11744  02 04 16 20 24 26 31
11745  02 04 16 20 24 30 31
11746  02 04 16 20 26 30 31
11747  02 04 16 21 22 23 24
11748  02 04 16 21 22 23 26
11749  02 04 16 21 22 23 30
11750  02 04 16 21 22 23 31
11751  02 04 16 21 22 24 30
11752  02 04 16 21 22 24 31
11753  02 04 16 21 22 26 30
11754  02 04 16 21 22 26 31
11755  02 04 16 21 22 30 31
11756  02 04 16 21 23 24 26
11757  02 04 16 21 23 24 30
11758  02 04 16 21 23 24 31
11759  02 04 16 21 23 26 30
11760  02 04 16 21 23 26 31
11761  02 04 16 21 23 30 31
11762  02 04 16 21 24 26 30
11763  02 04 16 21 24 26 31
11764  02 04 16 21 24 30 31
11765  02 04 16 21 26 30 31
11766  02 04 16 22 23 24 26
11767  02 04 16 22 23 24 30
11768  02 04 16 22 23 24 31
11769  02 04 16 22 23 26 30
11770  02 04 16 22 23 26 31
11771  02 04 16 22 23 30 31
11772  02 04 16 22 24 26 30
11773  02 04 16 22 24 26 31
11774  02 04 16 22 24 30 31
11775  02 04 16 22 26 30 31
11776  02 04 16 23 24 26 30
11777  02 04 16 23 24 26 31
11778  02 04 16 23 24 30 31
11779  02 04 16 23 26 30 31
11780  02 04 16 24 26 30 31
11781  02 04 20 21 22 23 26
11782  02 04 20 21 22 26 30
11783  02 04 20 21 22 26 31
11784  02 04 20 21 23 24 26
11785  02 04 20 21 23 26 30
11786  02 04 20 21 23 26 31
11787  02 04 20 21 24 26 30
11788  02 04 20 21 24 26 31
11789  02 04 20 21 26 30 31
11790  02 04 20 22 23 26 31
11791  02 04 20 22 24 26 31
11792  02 04 20 22 26 30 31
11793  02 04 20 23 24 26 31
11794  02 04 20 23 26 30 31
11795  02 04 20 24 26 30 31
11796  02 04 21 22 23 24 26
11797  02 04 21 22 23 26 30
11798  02 04 21 22 23 26 31
11799  02 04 21 22 24 26 30
11800  02 04 21 22 24 26 31
11801  02 04 21 22 26 30 31
11802  02 04 21 23 24 26 30
11803  02 04 21 23 24 26 31
11804  02 04 21 23 26 30 31
11805  02 04 21 24 26 30 31
11806  02 04 22 23 24 26 31
11807  02 04 22 23 26 30 31
11808  02 04 22 24 26 30 31
11809  02 04 23 24 26 30 31
11810  02 06 10 11 12 13 14
11811  02 06 10 11 12 13 24
11812  02 06 10 11 12 14 23
11813  02 06 10 11 12 14 30
11814  02 06 10 11 12 14 31
11815  02 06 10 11 12 23 24
11816  02 06 10 11 12 24 30
11817  02 06 10 11 12 24 31
11818  02 06 10 11 13 14 16
11819  02 06 10 11 13 14 20
11820  02 06 10 11 13 14 21
11821  02 06 10 11 13 14 22
11822  02 06 10 11 13 14 23
11823  02 06 10 11 13 14 24
11824  02 06 10 11 13 14 26
11825  02 06 10 11 13 14 30
11826  02 06 10 11 13 14 31
11827  02 06 10 11 13 16 24
11828  02 06 10 11 13 20 24
11829  02 06 10 11 13 21 24
11830  02 06 10 11 13 22 24
11831  02 06 10 11 13 23 24
11832  02 06 10 11 13 24 26
11833  02 06 10 11 13 24 30
11834  02 06 10 11 13 24 31
11835  02 06 10 11 14 16 23
11836  02 06 10 11 14 16 30
11837  02 06 10 11 14 16 31
11838  02 06 10 11 14 20 23
11839  02 06 10 11 14 20 30
11840  02 06 10 11 14 20 31
11841  02 06 10 11 14 21 23
11842  02 06 10 11 14 21 30
11843  02 06 10 11 14 21 31
11844  02 06 10 11 14 22 23
11845  02 06 10 11 14 22 30
11846  02 06 10 11 14 22 31
11847  02 06 10 11 14 23 24
11848  02 06 10 11 14 23 26
11849  02 06 10 11 14 23 30
11850  02 06 10 11 14 23 31
11851  02 06 10 11 14 24 30
11852  02 06 10 11 14 24 31
11853  02 06 10 11 14 26 30
11854  02 06 10 11 14 26 31
11855  02 06 10 11 14 30 31
11856  02 06 10 11 16 23 24
11857  02 06 10 11 16 24 30
11858  02 06 10 11 16 24 31
11859  02 06 10 11 20 23 24
11860  02 06 10 11 20 24 30
11861  02 06 10 11 20 24 31
11862  02 06 10 11 21 23 24
11863  02 06 10 11 21 24 30
11864  02 06 10 11 21 24 31
11865  02 06 10 11 22 23 24
11866  02 06 10 11 22 24 30
11867  02 06 10 11 22 24 31
11868  02 06 10 11 23 24 26
11869  02 06 10 11 23 24 30
11870  02 06 10 11 23 24 31
11871  02 06 10 11 24 26 30
11872  02 06 10 11 24 26 31
11873  02 06 10 11 24 30 31
11874  02 06 10 12 13 14 16
11875  02 06 10 12 13 14 20
11876  02 06 10 12 13 14 21
11877  02 06 10 12 13 14 22
11878  02 06 10 12 13 14 23
11879  02 06 10 12 13 14 24
11880  02 06 10 12 13 14 26
11881  02 06 10 12 13 14 30
11882  02 06 10 12 13 14 31
11883  02 06 10 12 13 16 24
11884  02 06 10 12 13 20 24
11885  02 06 10 12 13 21 24
11886  02 06 10 12 13 22 24
11887  02 06 10 12 13 23 24
11888  02 06 10 12 13 24 26
11889  02 06 10 12 13 24 30
11890  02 06 10 12 13 24 31
11891  02 06 10 12 14 16 23
11892  02 06 10 12 14 16 30
11893  02 06 10 12 14 16 31
11894  02 06 10 12 14 20 23
11895  02 06 10 12 14 20 30
11896  02 06 10 12 14 20 31
11897  02 06 10 12 14 21 23
11898  02 06 10 12 14 21 30
11899  02 06 10 12 14 21 31
11900  02 06 10 12 14 22 23
11901  02 06 10 12 14 22 30
11902  02 06 10 12 14 22 31
11903  02 06 10 12 14 23 24
11904  02 06 10 12 14 23 26
11905  02 06 10 12 14 23 30
11906  02 06 10 12 14 23 31
11907  02 06 10 12 14 24 30
11908  02 06 10 12 14 24 31
11909  02 06 10 12 14 26 30
11910  02 06 10 12 14 26 31
11911  02 06 10 12 14 30 31
11912  02 06 10 12 16 23 24
11913  02 06 10 12 16 24 30
11914  02 06 10 12 16 24 31
11915  02 06 10 12 20 23 24
11916  02 06 10 12 20 24 30
11917  02 06 10 12 20 24 31
11918  02 06 10 12 21 23 24
11919  02 06 10 12 21 24 30
11920  02 06 10 12 21 24 31
11921  02 06 10 12 22 23 24
11922  02 06 10 12 22 24 30
11923  02 06 10 12 22 24 31
11924  02 06 10 12 23 24 26
11925  02 06 10 12 23 24 30
11926  02 06 10 12 23 24 31
11927  02 06 10 12 24 26 30
11928  02 06 10 12 24 26 31
11929  02 06 10 12 24 30 31
11930  02 06 10 13 14 16 20
11931  02 06 10 13 14 16 21
11932  02 06 10 13 14 16 22
11933  02 06 10 13 14 16 23
11934  02 06 10 13 14 16 24
11935  02 06 10 13 14 16 26
11936  02 06 10 13 14 16 30
11937  02 06 10 13 14 16 31
11938  02 06 10 13 14 20 21
11939  02 06 10 13 14 20 22
11940  02 06 10 13 14 20 23
11941  02 06 10 13 14 20 24
11942  02 06 10 13 14 20 26
11943  02 06 10 13 14 20 30
11944  02 06 10 13 14 20 31
11945  02 06 10 13 14 21 22
11946  02 06 10 13 14 21 23
11947  02 06 10 13 14 21 24
11948  02 06 10 13 14 21 26
11949  02 06 10 13 14 21 30
11950  02 06 10 13 14 21 31
11951  02 06 10 13 14 22 23
11952  02 06 10 13 14 22 24
11953  02 06 10 13 14 22 26
11954  02 06 10 13 14 22 30
11955  02 06 10 13 14 22 31
11956  02 06 10 13 14 23 24
11957  02 06 10 13 14 23 26
11958  02 06 10 13 14 23 30
11959  02 06 10 13 14 23 31
11960  02 06 10 13 14 24 26
11961  02 06 10 13 14 24 30
11962  02 06 10 13 14 24 31
11963  02 06 10 13 14 26 30
11964  02 06 10 13 14 26 31
11965  02 06 10 13 14 30 31
11966  02 06 10 13 16 20 24
11967  02 06 10 13 16 21 24
11968  02 06 10 13 16 22 24
11969  02 06 10 13 16 23 24
11970  02 06 10 13 16 24 26
11971  02 06 10 13 16 24 30
11972  02 06 10 13 16 24 31
11973  02 06 10 13 20 21 24
11974  02 06 10 13 20 22 24
11975  02 06 10 13 20 23 24
11976  02 06 10 13 20 24 26
11977  02 06 10 13 20 24 30
11978  02 06 10 13 20 24 31
11979  02 06 10 13 21 22 24
11980  02 06 10 13 21 23 24
11981  02 06 10 13 21 24 26
11982  02 06 10 13 21 24 30
11983  02 06 10 13 21 24 31
11984  02 06 10 13 22 23 24
11985  02 06 10 13 22 24 26
11986  02 06 10 13 22 24 30
11987  02 06 10 13 22 24 31
11988  02 06 10 13 23 24 26
11989  02 06 10 13 23 24 30
11990  02 06 10 13 23 24 31
11991  02 06 10 13 24 26 30
11992  02 06 10 13 24 26 31
11993  02 06 10 13 24 30 31
11994  02 06 10 14 16 20 23
11995  02 06 10 14 16 20 30
11996  02 06 10 14 16 20 31
11997  02 06 10 14 16 21 23
11998  02 06 10 14 16 21 30
11999  02 06 10 14 16 21 31
12000  02 06 10 14 16 22 23
12001  02 06 10 14 16 22 30
12002  02 06 10 14 16 22 31
12003  02 06 10 14 16 23 24
12004  02 06 10 14 16 23 26
12005  02 06 10 14 16 23 30
12006  02 06 10 14 16 23 31
12007  02 06 10 14 16 24 30
12008  02 06 10 14 16 24 31
12009  02 06 10 14 16 26 30
12010  02 06 10 14 16 26 31
12011  02 06 10 14 16 30 31
12012  02 06 10 14 20 21 23
12013  02 06 10 14 20 21 30
12014  02 06 10 14 20 21 31
12015  02 06 10 14 20 22 23
12016  02 06 10 14 20 22 30
12017  02 06 10 14 20 22 31
12018  02 06 10 14 20 23 24
12019  02 06 10 14 20 23 26
12020  02 06 10 14 20 23 30
12021  02 06 10 14 20 23 31
12022  02 06 10 14 20 24 30
12023  02 06 10 14 20 24 31
12024  02 06 10 14 20 26 30
12025  02 06 10 14 20 26 31
12026  02 06 10 14 20 30 31
12027  02 06 10 14 21 22 23
12028  02 06 10 14 21 22 30
12029  02 06 10 14 21 22 31
12030  02 06 10 14 21 23 24
12031  02 06 10 14 21 23 26
12032  02 06 10 14 21 23 30
12033  02 06 10 14 21 23 31
12034  02 06 10 14 21 24 30
12035  02 06 10 14 21 24 31
12036  02 06 10 14 21 26 30
12037  02 06 10 14 21 26 31
12038  02 06 10 14 21 30 31
12039  02 06 10 14 22 23 24
12040  02 06 10 14 22 23 26
12041  02 06 10 14 22 23 30
12042  02 06 10 14 22 23 31
12043  02 06 10 14 22 24 30
12044  02 06 10 14 22 24 31
12045  02 06 10 14 22 26 30
12046  02 06 10 14 22 26 31
12047  02 06 10 14 22 30 31
12048  02 06 10 14 23 24 26
12049  02 06 10 14 23 24 30
12050  02 06 10 14 23 24 31
12051  02 06 10 14 23 26 30
12052  02 06 10 14 23 26 31
12053  02 06 10 14 23 30 31
12054  02 06 10 14 24 26 30
12055  02 06 10 14 24 26 31
12056  02 06 10 14 24 30 31
12057  02 06 10 14 26 30 31
12058  02 06 10 16 20 23 24
12059  02 06 10 16 20 24 30
12060  02 06 10 16 20 24 31
12061  02 06 10 16 21 23 24
12062  02 06 10 16 21 24 30
12063  02 06 10 16 21 24 31
12064  02 06 10 16 22 23 24
12065  02 06 10 16 22 24 30
12066  02 06 10 16 22 24 31
12067  02 06 10 16 23 24 26
12068  02 06 10 16 23 24 30
12069  02 06 10 16 23 24 31
12070  02 06 10 16 24 26 30
12071  02 06 10 16 24 26 31
12072  02 06 10 16 24 30 31
12073  02 06 10 20 21 23 24
12074  02 06 10 20 21 24 30
12075  02 06 10 20 21 24 31
12076  02 06 10 20 22 23 24
12077  02 06 10 20 22 24 30
12078  02 06 10 20 22 24 31
12079  02 06 10 20 23 24 26
12080  02 06 10 20 23 24 30
12081  02 06 10 20 23 24 31
12082  02 06 10 20 24 26 30
12083  02 06 10 20 24 26 31
12084  02 06 10 20 24 30 31
12085  02 06 10 21 22 23 24
12086  02 06 10 21 22 24 30
12087  02 06 10 21 22 24 31
12088  02 06 10 21 23 24 26
12089  02 06 10 21 23 24 30
12090  02 06 10 21 23 24 31
12091  02 06 10 21 24 26 30
12092  02 06 10 21 24 26 31
12093  02 06 10 21 24 30 31
12094  02 06 10 22 23 24 26
12095  02 06 10 22 23 24 30
12096  02 06 10 22 23 24 31
12097  02 06 10 22 24 26 30
12098  02 06 10 22 24 26 31
12099  02 06 10 22 24 30 31
12100  02 06 10 23 24 26 30
12101  02 06 10 23 24 26 31
12102  02 06 10 23 24 30 31
12103  02 06 10 24 26 30 31
12104  02 06 11 12 13 14 16
12105  02 06 11 12 13 14 20
12106  02 06 11 12 13 14 21
12107  02 06 11 12 13 14 22
12108  02 06 11 12 13 14 23
12109  02 06 11 12 13 14 24
12110  02 06 11 12 13 14 26
12111  02 06 11 12 13 14 30
12112  02 06 11 12 13 14 31
12113  02 06 11 12 13 16 24
12114  02 06 11 12 13 20 24
12115  02 06 11 12 13 21 24
12116  02 06 11 12 13 22 24
12117  02 06 11 12 13 23 24
12118  02 06 11 12 13 24 26
12119  02 06 11 12 13 24 30
12120  02 06 11 12 13 24 31
12121  02 06 11 12 14 16 23
12122  02 06 11 12 14 16 30
12123  02 06 11 12 14 16 31
12124  02 06 11 12 14 20 23
12125  02 06 11 12 14 20 30
12126  02 06 11 12 14 20 31
12127  02 06 11 12 14 21 23
12128  02 06 11 12 14 21 30
12129  02 06 11 12 14 21 31
12130  02 06 11 12 14 22 23
12131  02 06 11 12 14 22 30
12132  02 06 11 12 14 22 31
12133  02 06 11 12 14 23 24
12134  02 06 11 12 14 23 26
12135  02 06 11 12 14 23 30
12136  02 06 11 12 14 23 31
12137  02 06 11 12 14 24 30
12138  02 06 11 12 14 24 31
12139  02 06 11 12 14 26 30
12140  02 06 11 12 14 26 31
12141  02 06 11 12 14 30 31
12142  02 06 11 12 16 23 24
12143  02 06 11 12 16 24 30
12144  02 06 11 12 16 24 31
12145  02 06 11 12 20 23 24
12146  02 06 11 12 20 24 30
12147  02 06 11 12 20 24 31
12148  02 06 11 12 21 23 24
12149  02 06 11 12 21 24 30
12150  02 06 11 12 21 24 31
12151  02 06 11 12 22 23 24
12152  02 06 11 12 22 24 30
12153  02 06 11 12 22 24 31
12154  02 06 11 12 23 24 26
12155  02 06 11 12 23 24 30
12156  02 06 11 12 23 24 31
12157  02 06 11 12 24 26 30
12158  02 06 11 12 24 26 31
12159  02 06 11 12 24 30 31
12160  02 06 11 13 14 16 20
12161  02 06 11 13 14 16 21
12162  02 06 11 13 14 16 22
12163  02 06 11 13 14 16 23
12164  02 06 11 13 14 16 24
12165  02 06 11 13 14 16 26
12166  02 06 11 13 14 16 30
12167  02 06 11 13 14 16 31
12168  02 06 11 13 14 20 21
12169  02 06 11 13 14 20 22
12170  02 06 11 13 14 20 23
12171  02 06 11 13 14 20 24
12172  02 06 11 13 14 20 26
12173  02 06 11 13 14 20 30
12174  02 06 11 13 14 20 31
12175  02 06 11 13 14 21 22
12176  02 06 11 13 14 21 23
12177  02 06 11 13 14 21 24
12178  02 06 11 13 14 21 26
12179  02 06 11 13 14 21 30
12180  02 06 11 13 14 21 31
12181  02 06 11 13 14 22 23
12182  02 06 11 13 14 22 24
12183  02 06 11 13 14 22 26
12184  02 06 11 13 14 22 30
12185  02 06 11 13 14 22 31
12186  02 06 11 13 14 23 24
12187  02 06 11 13 14 23 26
12188  02 06 11 13 14 23 30
12189  02 06 11 13 14 23 31
12190  02 06 11 13 14 24 26
12191  02 06 11 13 14 24 30
12192  02 06 11 13 14 24 31
12193  02 06 11 13 14 26 30
12194  02 06 11 13 14 26 31
12195  02 06 11 13 14 30 31
12196  02 06 11 13 16 20 24
12197  02 06 11 13 16 21 24
12198  02 06 11 13 16 22 24
12199  02 06 11 13 16 23 24
12200  02 06 11 13 16 24 26
12201  02 06 11 13 16 24 30
12202  02 06 11 13 16 24 31
12203  02 06 11 13 20 21 24
12204  02 06 11 13 20 22 24
12205  02 06 11 13 20 23 24
12206  02 06 11 13 20 24 26
12207  02 06 11 13 20 24 30
12208  02 06 11 13 20 24 31
12209  02 06 11 13 21 22 24
12210  02 06 11 13 21 23 24
12211  02 06 11 13 21 24 26
12212  02 06 11 13 21 24 30
12213  02 06 11 13 21 24 31
12214  02 06 11 13 22 23 24
12215  02 06 11 13 22 24 26
12216  02 06 11 13 22 24 30
12217  02 06 11 13 22 24 31
12218  02 06 11 13 23 24 26
12219  02 06 11 13 23 24 30
12220  02 06 11 13 23 24 31
12221  02 06 11 13 24 26 30
12222  02 06 11 13 24 26 31
12223  02 06 11 13 24 30 31
12224  02 06 11 14 16 20 23
12225  02 06 11 14 16 20 30
12226  02 06 11 14 16 20 31
12227  02 06 11 14 16 21 23
12228  02 06 11 14 16 21 30
12229  02 06 11 14 16 21 31
12230  02 06 11 14 16 22 23
12231  02 06 11 14 16 22 30
12232  02 06 11 14 16 22 31
12233  02 06 11 14 16 23 24
12234  02 06 11 14 16 23 26
12235  02 06 11 14 16 23 30
12236  02 06 11 14 16 23 31
12237  02 06 11 14 16 24 30
12238  02 06 11 14 16 24 31
12239  02 06 11 14 16 26 30
12240  02 06 11 14 16 26 31
12241  02 06 11 14 16 30 31
12242  02 06 11 14 20 21 23
12243  02 06 11 14 20 21 30
12244  02 06 11 14 20 21 31
12245  02 06 11 14 20 22 23
12246  02 06 11 14 20 22 30
12247  02 06 11 14 20 22 31
12248  02 06 11 14 20 23 24
12249  02 06 11 14 20 23 26
12250  02 06 11 14 20 23 30
12251  02 06 11 14 20 23 31
12252  02 06 11 14 20 24 30
12253  02 06 11 14 20 24 31
12254  02 06 11 14 20 26 30
12255  02 06 11 14 20 26 31
12256  02 06 11 14 20 30 31
12257  02 06 11 14 21 22 23
12258  02 06 11 14 21 22 30
12259  02 06 11 14 21 22 31
12260  02 06 11 14 21 23 24
12261  02 06 11 14 21 23 26
12262  02 06 11 14 21 23 30
12263  02 06 11 14 21 23 31
12264  02 06 11 14 21 24 30
12265  02 06 11 14 21 24 31
12266  02 06 11 14 21 26 30
12267  02 06 11 14 21 26 31
12268  02 06 11 14 21 30 31
12269  02 06 11 14 22 23 24
12270  02 06 11 14 22 23 26
12271  02 06 11 14 22 23 30
12272  02 06 11 14 22 23 31
12273  02 06 11 14 22 24 30
12274  02 06 11 14 22 24 31
12275  02 06 11 14 22 26 30
12276  02 06 11 14 22 26 31
12277  02 06 11 14 22 30 31
12278  02 06 11 14 23 24 26
12279  02 06 11 14 23 24 30
12280  02 06 11 14 23 24 31
12281  02 06 11 14 23 26 30
12282  02 06 11 14 23 26 31
12283  02 06 11 14 23 30 31
12284  02 06 11 14 24 26 30
12285  02 06 11 14 24 26 31
12286  02 06 11 14 24 30 31
12287  02 06 11 14 26 30 31
12288  02 06 11 16 20 23 24
12289  02 06 11 16 20 24 30
12290  02 06 11 16 20 24 31
12291  02 06 11 16 21 23 24
12292  02 06 11 16 21 24 30
12293  02 06 11 16 21 24 31
12294  02 06 11 16 22 23 24
12295  02 06 11 16 22 24 30
12296  02 06 11 16 22 24 31
12297  02 06 11 16 23 24 26
12298  02 06 11 16 23 24 30
12299  02 06 11 16 23 24 31
12300  02 06 11 16 24 26 30
12301  02 06 11 16 24 26 31
12302  02 06 11 16 24 30 31
12303  02 06 11 20 21 23 24
12304  02 06 11 20 21 24 30
12305  02 06 11 20 21 24 31
12306  02 06 11 20 22 23 24
12307  02 06 11 20 22 24 30
12308  02 06 11 20 22 24 31
12309  02 06 11 20 23 24 26
12310  02 06 11 20 23 24 30
12311  02 06 11 20 23 24 31
12312  02 06 11 20 24 26 30
12313  02 06 11 20 24 26 31
12314  02 06 11 20 24 30 31
12315  02 06 11 21 22 23 24
12316  02 06 11 21 22 24 30
12317  02 06 11 21 22 24 31
12318  02 06 11 21 23 24 26
12319  02 06 11 21 23 24 30
12320  02 06 11 21 23 24 31
12321  02 06 11 21 24 26 30
12322  02 06 11 21 24 26 31
12323  02 06 11 21 24 30 31
12324  02 06 11 22 23 24 26
12325  02 06 11 22 23 24 30
12326  02 06 11 22 23 24 31
12327  02 06 11 22 24 26 30
12328  02 06 11 22 24 26 31
12329  02 06 11 22 24 30 31
12330  02 06 11 23 24 26 30
12331  02 06 11 23 24 26 31
12332  02 06 11 23 24 30 31
12333  02 06 11 24 26 30 31
12334  02 06 12 13 14 16 20
12335  02 06 12 13 14 16 21
12336  02 06 12 13 14 16 22
12337  02 06 12 13 14 16 23
12338  02 06 12 13 14 16 24
12339  02 06 12 13 14 16 26
12340  02 06 12 13 14 16 30
12341  02 06 12 13 14 16 31
12342  02 06 12 13 14 20 21
12343  02 06 12 13 14 20 22
12344  02 06 12 13 14 20 23
12345  02 06 12 13 14 20 24
12346  02 06 12 13 14 20 26
12347  02 06 12 13 14 20 30
12348  02 06 12 13 14 20 31
12349  02 06 12 13 14 21 22
12350  02 06 12 13 14 21 23
12351  02 06 12 13 14 21 24
12352  02 06 12 13 14 21 26
12353  02 06 12 13 14 21 30
12354  02 06 12 13 14 21 31
12355  02 06 12 13 14 22 23
12356  02 06 12 13 14 22 24
12357  02 06 12 13 14 22 26
12358  02 06 12 13 14 22 30
12359  02 06 12 13 14 22 31
12360  02 06 12 13 14 23 24
12361  02 06 12 13 14 23 26
12362  02 06 12 13 14 23 30
12363  02 06 12 13 14 23 31
12364  02 06 12 13 14 24 26
12365  02 06 12 13 14 24 30
12366  02 06 12 13 14 24 31
12367  02 06 12 13 14 26 30
12368  02 06 12 13 14 26 31
12369  02 06 12 13 14 30 31
12370  02 06 12 13 16 20 24
12371  02 06 12 13 16 21 24
12372  02 06 12 13 16 22 24
12373  02 06 12 13 16 23 24
12374  02 06 12 13 16 24 26
12375  02 06 12 13 16 24 30
12376  02 06 12 13 16 24 31
12377  02 06 12 13 20 21 24
12378  02 06 12 13 20 22 24
12379  02 06 12 13 20 23 24
12380  02 06 12 13 20 24 26
12381  02 06 12 13 20 24 30
12382  02 06 12 13 20 24 31
12383  02 06 12 13 21 22 24
12384  02 06 12 13 21 23 24
12385  02 06 12 13 21 24 26
12386  02 06 12 13 21 24 30
12387  02 06 12 13 21 24 31
12388  02 06 12 13 22 23 24
12389  02 06 12 13 22 24 26
12390  02 06 12 13 22 24 30
12391  02 06 12 13 22 24 31
12392  02 06 12 13 23 24 26
12393  02 06 12 13 23 24 30
12394  02 06 12 13 23 24 31
12395  02 06 12 13 24 26 30
12396  02 06 12 13 24 26 31
12397  02 06 12 13 24 30 31
12398  02 06 12 14 16 20 23
12399  02 06 12 14 16 20 30
12400  02 06 12 14 16 20 31
12401  02 06 12 14 16 21 23
12402  02 06 12 14 16 21 30
12403  02 06 12 14 16 21 31
12404  02 06 12 14 16 22 23
12405  02 06 12 14 16 22 30
12406  02 06 12 14 16 22 31
12407  02 06 12 14 16 23 24
12408  02 06 12 14 16 23 26
12409  02 06 12 14 16 23 30
12410  02 06 12 14 16 23 31
12411  02 06 12 14 16 24 30
12412  02 06 12 14 16 24 31
12413  02 06 12 14 16 26 30
12414  02 06 12 14 16 26 31
12415  02 06 12 14 16 30 31
12416  02 06 12 14 20 21 23
12417  02 06 12 14 20 21 30
12418  02 06 12 14 20 21 31
12419  02 06 12 14 20 22 23
12420  02 06 12 14 20 22 30
12421  02 06 12 14 20 22 31
12422  02 06 12 14 20 23 24
12423  02 06 12 14 20 23 26
12424  02 06 12 14 20 23 30
12425  02 06 12 14 20 23 31
12426  02 06 12 14 20 24 30
12427  02 06 12 14 20 24 31
12428  02 06 12 14 20 26 30
12429  02 06 12 14 20 26 31
12430  02 06 12 14 20 30 31
12431  02 06 12 14 21 22 23
12432  02 06 12 14 21 22 30
12433  02 06 12 14 21 22 31
12434  02 06 12 14 21 23 24
12435  02 06 12 14 21 23 26
12436  02 06 12 14 21 23 30
12437  02 06 12 14 21 23 31
12438  02 06 12 14 21 24 30
12439  02 06 12 14 21 24 31
12440  02 06 12 14 21 26 30
12441  02 06 12 14 21 26 31
12442  02 06 12 14 21 30 31
12443  02 06 12 14 22 23 24
12444  02 06 12 14 22 23 26
12445  02 06 12 14 22 23 30
12446  02 06 12 14 22 23 31
12447  02 06 12 14 22 24 30
12448  02 06 12 14 22 24 31
12449  02 06 12 14 22 26 30
12450  02 06 12 14 22 26 31
12451  02 06 12 14 22 30 31
12452  02 06 12 14 23 24 26
12453  02 06 12 14 23 24 30
12454  02 06 12 14 23 24 31
12455  02 06 12 14 23 26 30
12456  02 06 12 14 23 26 31
12457  02 06 12 14 23 30 31
12458  02 06 12 14 24 26 30
12459  02 06 12 14 24 26 31
12460  02 06 12 14 24 30 31
12461  02 06 12 14 26 30 31
12462  02 06 12 16 20 23 24
12463  02 06 12 16 20 24 30
12464  02 06 12 16 20 24 31
12465  02 06 12 16 21 23 24
12466  02 06 12 16 21 24 30
12467  02 06 12 16 21 24 31
12468  02 06 12 16 22 23 24
12469  02 06 12 16 22 24 30
12470  02 06 12 16 22 24 31
12471  02 06 12 16 23 24 26
12472  02 06 12 16 23 24 30
12473  02 06 12 16 23 24 31
12474  02 06 12 16 24 26 30
12475  02 06 12 16 24 26 31
12476  02 06 12 16 24 30 31
12477  02 06 12 20 21 23 24
12478  02 06 12 20 21 24 30
12479  02 06 12 20 21 24 31
12480  02 06 12 20 22 23 24
12481  02 06 12 20 22 24 30
12482  02 06 12 20 22 24 31
12483  02 06 12 20 23 24 26
12484  02 06 12 20 23 24 30
12485  02 06 12 20 23 24 31
12486  02 06 12 20 24 26 30
12487  02 06 12 20 24 26 31
12488  02 06 12 20 24 30 31
12489  02 06 12 21 22 23 24
12490  02 06 12 21 22 24 30
12491  02 06 12 21 22 24 31
12492  02 06 12 21 23 24 26
12493  02 06 12 21 23 24 30
12494  02 06 12 21 23 24 31
12495  02 06 12 21 24 26 30
12496  02 06 12 21 24 26 31
12497  02 06 12 21 24 30 31
12498  02 06 12 22 23 24 26
12499  02 06 12 22 23 24 30
12500  02 06 12 22 23 24 31
12501  02 06 12 22 24 26 30
12502  02 06 12 22 24 26 31
12503  02 06 12 22 24 30 31
12504  02 06 12 23 24 26 30
12505  02 06 12 23 24 26 31
12506  02 06 12 23 24 30 31
12507  02 06 12 24 26 30 31
12508  02 06 13 14 16 20 21
12509  02 06 13 14 16 20 22
12510  02 06 13 14 16 20 23
12511  02 06 13 14 16 20 24
12512  02 06 13 14 16 20 26
12513  02 06 13 14 16 20 30
12514  02 06 13 14 16 20 31
12515  02 06 13 14 16 21 22
12516  02 06 13 14 16 21 23
12517  02 06 13 14 16 21 24
12518  02 06 13 14 16 21 26
12519  02 06 13 14 16 21 30
12520  02 06 13 14 16 21 31
12521  02 06 13 14 16 22 23
12522  02 06 13 14 16 22 24
12523  02 06 13 14 16 22 26
12524  02 06 13 14 16 22 30
12525  02 06 13 14 16 22 31
12526  02 06 13 14 16 23 24
12527  02 06 13 14 16 23 26
12528  02 06 13 14 16 23 30
12529  02 06 13 14 16 23 31
12530  02 06 13 14 16 24 26
12531  02 06 13 14 16 24 30
12532  02 06 13 14 16 24 31
12533  02 06 13 14 16 26 30
12534  02 06 13 14 16 26 31
12535  02 06 13 14 16 30 31
12536  02 06 13 14 20 21 22
12537  02 06 13 14 20 21 23
12538  02 06 13 14 20 21 24
12539  02 06 13 14 20 21 26
12540  02 06 13 14 20 21 30
12541  02 06 13 14 20 21 31
12542  02 06 13 14 20 22 23
12543  02 06 13 14 20 22 24
12544  02 06 13 14 20 22 26
12545  02 06 13 14 20 22 30
12546  02 06 13 14 20 22 31
12547  02 06 13 14 20 23 24
12548  02 06 13 14 20 23 26
12549  02 06 13 14 20 23 30
12550  02 06 13 14 20 23 31
12551  02 06 13 14 20 24 26
12552  02 06 13 14 20 24 30
12553  02 06 13 14 20 24 31
12554  02 06 13 14 20 26 30
12555  02 06 13 14 20 26 31
12556  02 06 13 14 20 30 31
12557  02 06 13 14 21 22 23
12558  02 06 13 14 21 22 24
12559  02 06 13 14 21 22 26
12560  02 06 13 14 21 22 30
12561  02 06 13 14 21 22 31
12562  02 06 13 14 21 23 24
12563  02 06 13 14 21 23 26
12564  02 06 13 14 21 23 30
12565  02 06 13 14 21 23 31
12566  02 06 13 14 21 24 26
12567  02 06 13 14 21 24 30
12568  02 06 13 14 21 24 31
12569  02 06 13 14 21 26 30
12570  02 06 13 14 21 26 31
12571  02 06 13 14 21 30 31
12572  02 06 13 14 22 23 24
12573  02 06 13 14 22 23 26
12574  02 06 13 14 22 23 30
12575  02 06 13 14 22 23 31
12576  02 06 13 14 22 24 26
12577  02 06 13 14 22 24 30
12578  02 06 13 14 22 24 31
12579  02 06 13 14 22 26 30
12580  02 06 13 14 22 26 31
12581  02 06 13 14 22 30 31
12582  02 06 13 14 23 24 26
12583  02 06 13 14 23 24 30
12584  02 06 13 14 23 24 31
12585  02 06 13 14 23 26 30
12586  02 06 13 14 23 26 31
12587  02 06 13 14 23 30 31
12588  02 06 13 14 24 26 30
12589  02 06 13 14 24 26 31
12590  02 06 13 14 24 30 31
12591  02 06 13 14 26 30 31
12592  02 06 13 16 20 21 24
12593  02 06 13 16 20 22 24
12594  02 06 13 16 20 23 24
12595  02 06 13 16 20 24 26
12596  02 06 13 16 20 24 30
12597  02 06 13 16 20 24 31
12598  02 06 13 16 21 22 24
12599  02 06 13 16 21 23 24
12600  02 06 13 16 21 24 26
12601  02 06 13 16 21 24 30
12602  02 06 13 16 21 24 31
12603  02 06 13 16 22 23 24
12604  02 06 13 16 22 24 26
12605  02 06 13 16 22 24 30
12606  02 06 13 16 22 24 31
12607  02 06 13 16 23 24 26
12608  02 06 13 16 23 24 30
12609  02 06 13 16 23 24 31
12610  02 06 13 16 24 26 30
12611  02 06 13 16 24 26 31
12612  02 06 13 16 24 30 31
12613  02 06 13 20 21 22 24
12614  02 06 13 20 21 23 24
12615  02 06 13 20 21 24 26
12616  02 06 13 20 21 24 30
12617  02 06 13 20 21 24 31
12618  02 06 13 20 22 23 24
12619  02 06 13 20 22 24 26
12620  02 06 13 20 22 24 30
12621  02 06 13 20 22 24 31
12622  02 06 13 20 23 24 26
12623  02 06 13 20 23 24 30
12624  02 06 13 20 23 24 31
12625  02 06 13 20 24 26 30
12626  02 06 13 20 24 26 31
12627  02 06 13 20 24 30 31
12628  02 06 13 21 22 23 24
12629  02 06 13 21 22 24 26
12630  02 06 13 21 22 24 30
12631  02 06 13 21 22 24 31
12632  02 06 13 21 23 24 26
12633  02 06 13 21 23 24 30
12634  02 06 13 21 23 24 31
12635  02 06 13 21 24 26 30
12636  02 06 13 21 24 26 31
12637  02 06 13 21 24 30 31
12638  02 06 13 22 23 24 26
12639  02 06 13 22 23 24 30
12640  02 06 13 22 23 24 31
12641  02 06 13 22 24 26 30
12642  02 06 13 22 24 26 31
12643  02 06 13 22 24 30 31
12644  02 06 13 23 24 26 30
12645  02 06 13 23 24 26 31
12646  02 06 13 23 24 30 31
12647  02 06 13 24 26 30 31
12648  02 06 14 16 20 21 23
12649  02 06 14 16 20 21 30
12650  02 06 14 16 20 21 31
12651  02 06 14 16 20 22 23
12652  02 06 14 16 20 22 30
12653  02 06 14 16 20 22 31
12654  02 06 14 16 20 23 24
12655  02 06 14 16 20 23 26
12656  02 06 14 16 20 23 30
12657  02 06 14 16 20 23 31
12658  02 06 14 16 20 24 30
12659  02 06 14 16 20 24 31
12660  02 06 14 16 20 26 30
12661  02 06 14 16 20 26 31
12662  02 06 14 16 20 30 31
12663  02 06 14 16 21 22 23
12664  02 06 14 16 21 22 30
12665  02 06 14 16 21 22 31
12666  02 06 14 16 21 23 24
12667  02 06 14 16 21 23 26
12668  02 06 14 16 21 23 30
12669  02 06 14 16 21 23 31
12670  02 06 14 16 21 24 30
12671  02 06 14 16 21 24 31
12672  02 06 14 16 21 26 30
12673  02 06 14 16 21 26 31
12674  02 06 14 16 21 30 31
12675  02 06 14 16 22 23 24
12676  02 06 14 16 22 23 26
12677  02 06 14 16 22 23 30
12678  02 06 14 16 22 23 31
12679  02 06 14 16 22 24 30
12680  02 06 14 16 22 24 31
12681  02 06 14 16 22 26 30
12682  02 06 14 16 22 26 31
12683  02 06 14 16 22 30 31
12684  02 06 14 16 23 24 26
12685  02 06 14 16 23 24 30
12686  02 06 14 16 23 24 31
12687  02 06 14 16 23 26 30
12688  02 06 14 16 23 26 31
12689  02 06 14 16 23 30 31
12690  02 06 14 16 24 26 30
12691  02 06 14 16 24 26 31
12692  02 06 14 16 24 30 31
12693  02 06 14 16 26 30 31
12694  02 06 14 20 21 22 23
12695  02 06 14 20 21 22 30
12696  02 06 14 20 21 22 31
12697  02 06 14 20 21 23 24
12698  02 06 14 20 21 23 26
12699  02 06 14 20 21 23 30
12700  02 06 14 20 21 23 31
12701  02 06 14 20 21 24 30
12702  02 06 14 20 21 24 31
12703  02 06 14 20 21 26 30
12704  02 06 14 20 21 26 31
12705  02 06 14 20 21 30 31
12706  02 06 14 20 22 23 24
12707  02 06 14 20 22 23 26
12708  02 06 14 20 22 23 30
12709  02 06 14 20 22 23 31
12710  02 06 14 20 22 24 30
12711  02 06 14 20 22 24 31
12712  02 06 14 20 22 26 30
12713  02 06 14 20 22 26 31
12714  02 06 14 20 22 30 31
12715  02 06 14 20 23 24 26
12716  02 06 14 20 23 24 30
12717  02 06 14 20 23 24 31
12718  02 06 14 20 23 26 30
12719  02 06 14 20 23 26 31
12720  02 06 14 20 23 30 31
12721  02 06 14 20 24 26 30
12722  02 06 14 20 24 26 31
12723  02 06 14 20 24 30 31
12724  02 06 14 20 26 30 31
12725  02 06 14 21 22 23 24
12726  02 06 14 21 22 23 26
12727  02 06 14 21 22 23 30
12728  02 06 14 21 22 23 31
12729  02 06 14 21 22 24 30
12730  02 06 14 21 22 24 31
12731  02 06 14 21 22 26 30
12732  02 06 14 21 22 26 31
12733  02 06 14 21 22 30 31
12734  02 06 14 21 23 24 26
12735  02 06 14 21 23 24 30
12736  02 06 14 21 23 24 31
12737  02 06 14 21 23 26 30
12738  02 06 14 21 23 26 31
12739  02 06 14 21 23 30 31
12740  02 06 14 21 24 26 30
12741  02 06 14 21 24 26 31
12742  02 06 14 21 24 30 31
12743  02 06 14 21 26 30 31
12744  02 06 14 22 23 24 26
12745  02 06 14 22 23 24 30
12746  02 06 14 22 23 24 31
12747  02 06 14 22 23 26 30
12748  02 06 14 22 23 26 31
12749  02 06 14 22 23 30 31
12750  02 06 14 22 24 26 30
12751  02 06 14 22 24 26 31
12752  02 06 14 22 24 30 31
12753  02 06 14 22 26 30 31
12754  02 06 14 23 24 26 30
12755  02 06 14 23 24 26 31
12756  02 06 14 23 24 30 31
12757  02 06 14 23 26 30 31
12758  02 06 14 24 26 30 31
12759  02 06 16 20 21 23 24
12760  02 06 16 20 21 24 30
12761  02 06 16 20 21 24 31
12762  02 06 16 20 22 23 24
12763  02 06 16 20 22 24 30
12764  02 06 16 20 22 24 31
12765  02 06 16 20 23 24 26
12766  02 06 16 20 23 24 30
12767  02 06 16 20 23 24 31
12768  02 06 16 20 24 26 30
12769  02 06 16 20 24 26 31
12770  02 06 16 20 24 30 31
12771  02 06 16 21 22 23 24
12772  02 06 16 21 22 24 30
12773  02 06 16 21 22 24 31
12774  02 06 16 21 23 24 26
12775  02 06 16 21 23 24 30
12776  02 06 16 21 23 24 31
12777  02 06 16 21 24 26 30
12778  02 06 16 21 24 26 31
12779  02 06 16 21 24 30 31
12780  02 06 16 22 23 24 26
12781  02 06 16 22 23 24 30
12782  02 06 16 22 23 24 31
12783  02 06 16 22 24 26 30
12784  02 06 16 22 24 26 31
12785  02 06 16 22 24 30 31
12786  02 06 16 23 24 26 30
12787  02 06 16 23 24 26 31
12788  02 06 16 23 24 30 31
12789  02 06 16 24 26 30 31
12790  02 06 20 21 22 23 24
12791  02 06 20 21 22 24 30
12792  02 06 20 21 22 24 31
12793  02 06 20 21 23 24 26
12794  02 06 20 21 23 24 30
12795  02 06 20 21 23 24 31
12796  02 06 20 21 24 26 30
12797  02 06 20 21 24 26 31
12798  02 06 20 21 24 30 31
12799  02 06 20 22 23 24 31
12800  02 06 20 22 24 26 31
12801  02 06 20 22 24 30 31
12802  02 06 20 23 24 26 31
12803  02 06 20 23 24 30 31
12804  02 06 20 24 26 30 31
12805  02 06 21 22 23 24 26
12806  02 06 21 22 23 24 30
12807  02 06 21 22 23 24 31
12808  02 06 21 22 24 26 30
12809  02 06 21 22 24 26 31
12810  02 06 21 22 24 30 31
12811  02 06 21 23 24 26 30
12812  02 06 21 23 24 26 31
12813  02 06 21 23 24 30 31
12814  02 06 21 24 26 30 31
12815  02 06 22 23 24 26 31
12816  02 06 22 23 24 30 31
12817  02 06 22 24 26 30 31
12818  02 06 23 24 26 30 31
12819  02 10 11 12 13 14 16
12820  02 10 11 12 13 14 26
12821  02 10 11 12 13 16 24
12822  02 10 11 12 13 24 26
12823  02 10 11 12 14 16 23
12824  02 10 11 12 14 16 30
12825  02 10 11 12 14 16 31
12826  02 10 11 12 14 23 26
12827  02 10 11 12 14 26 30
12828  02 10 11 12 14 26 31
12829  02 10 11 12 16 23 24
12830  02 10 11 12 16 24 30
12831  02 10 11 12 16 24 31
12832  02 10 11 12 23 24 26
12833  02 10 11 12 24 26 30
12834  02 10 11 12 24 26 31
12835  02 10 11 13 14 16 20
12836  02 10 11 13 14 16 21
12837  02 10 11 13 14 16 22
12838  02 10 11 13 14 16 23
12839  02 10 11 13 14 16 24
12840  02 10 11 13 14 16 26
12841  02 10 11 13 14 16 30
12842  02 10 11 13 14 16 31
12843  02 10 11 13 14 20 26
12844  02 10 11 13 14 21 26
12845  02 10 11 13 14 22 26
12846  02 10 11 13 14 23 26
12847  02 10 11 13 14 24 26
12848  02 10 11 13 14 26 30
12849  02 10 11 13 14 26 31
12850  02 10 11 13 16 20 24
12851  02 10 11 13 16 21 24
12852  02 10 11 13 16 22 24
12853  02 10 11 13 16 23 24
12854  02 10 11 13 16 24 26
12855  02 10 11 13 16 24 30
12856  02 10 11 13 16 24 31
12857  02 10 11 13 20 24 26
12858  02 10 11 13 21 24 26
12859  02 10 11 13 22 24 26
12860  02 10 11 13 23 24 26
12861  02 10 11 13 24 26 30
12862  02 10 11 13 24 26 31
12863  02 10 11 14 16 20 23
12864  02 10 11 14 16 20 30
12865  02 10 11 14 16 20 31
12866  02 10 11 14 16 21 23
12867  02 10 11 14 16 21 30
12868  02 10 11 14 16 21 31
12869  02 10 11 14 16 22 23
12870  02 10 11 14 16 22 30
12871  02 10 11 14 16 22 31
12872  02 10 11 14 16 23 24
12873  02 10 11 14 16 23 26
12874  02 10 11 14 16 23 30
12875  02 10 11 14 16 23 31
12876  02 10 11 14 16 24 30
12877  02 10 11 14 16 24 31
12878  02 10 11 14 16 26 30
12879  02 10 11 14 16 26 31
12880  02 10 11 14 16 30 31
12881  02 10 11 14 20 23 26
12882  02 10 11 14 20 26 30
12883  02 10 11 14 20 26 31
12884  02 10 11 14 21 23 26
12885  02 10 11 14 21 26 30
12886  02 10 11 14 21 26 31
12887  02 10 11 14 22 23 26
12888  02 10 11 14 22 26 30
12889  02 10 11 14 22 26 31
12890  02 10 11 14 23 24 26
12891  02 10 11 14 23 26 30
12892  02 10 11 14 23 26 31
12893  02 10 11 14 24 26 30
12894  02 10 11 14 24 26 31
12895  02 10 11 14 26 30 31
12896  02 10 11 16 20 23 24
12897  02 10 11 16 20 24 30
12898  02 10 11 16 20 24 31
12899  02 10 11 16 21 23 24
12900  02 10 11 16 21 24 30
12901  02 10 11 16 21 24 31
12902  02 10 11 16 22 23 24
12903  02 10 11 16 22 24 30
12904  02 10 11 16 22 24 31
12905  02 10 11 16 23 24 26
12906  02 10 11 16 23 24 30
12907  02 10 11 16 23 24 31
12908  02 10 11 16 24 26 30
12909  02 10 11 16 24 26 31
12910  02 10 11 16 24 30 31
12911  02 10 11 20 23 24 26
12912  02 10 11 20 24 26 30
12913  02 10 11 20 24 26 31
12914  02 10 11 21 23 24 26
12915  02 10 11 21 24 26 30
12916  02 10 11 21 24 26 31
12917  02 10 11 22 23 24 26
12918  02 10 11 22 24 26 30
12919  02 10 11 22 24 26 31
12920  02 10 11 23 24 26 30
12921  02 10 11 23 24 26 31
12922  02 10 11 24 26 30 31
12923  02 10 12 13 14 16 20
12924  02 10 12 13 14 16 21
12925  02 10 12 13 14 16 22
12926  02 10 12 13 14 16 23
12927  02 10 12 13 14 16 24
12928  02 10 12 13 14 16 26
12929  02 10 12 13 14 16 30
12930  02 10 12 13 14 16 31
12931  02 10 12 13 14 20 26
12932  02 10 12 13 14 21 26
12933  02 10 12 13 14 22 26
12934  02 10 12 13 14 23 26
12935  02 10 12 13 14 24 26
12936  02 10 12 13 14 26 30
12937  02 10 12 13 14 26 31
12938  02 10 12 13 16 20 24
12939  02 10 12 13 16 21 24
12940  02 10 12 13 16 22 24
12941  02 10 12 13 16 23 24
12942  02 10 12 13 16 24 26
12943  02 10 12 13 16 24 30
12944  02 10 12 13 16 24 31
12945  02 10 12 13 20 24 26
12946  02 10 12 13 21 24 26
12947  02 10 12 13 22 24 26
12948  02 10 12 13 23 24 26
12949  02 10 12 13 24 26 30
12950  02 10 12 13 24 26 31
12951  02 10 12 14 16 20 23
12952  02 10 12 14 16 20 30
12953  02 10 12 14 16 20 31
12954  02 10 12 14 16 21 23
12955  02 10 12 14 16 21 30
12956  02 10 12 14 16 21 31
12957  02 10 12 14 16 22 23
12958  02 10 12 14 16 22 30
12959  02 10 12 14 16 22 31
12960  02 10 12 14 16 23 24
12961  02 10 12 14 16 23 26
12962  02 10 12 14 16 23 30
12963  02 10 12 14 16 23 31
12964  02 10 12 14 16 24 30
12965  02 10 12 14 16 24 31
12966  02 10 12 14 16 26 30
12967  02 10 12 14 16 26 31
12968  02 10 12 14 16 30 31
12969  02 10 12 14 20 23 26
12970  02 10 12 14 20 26 30
12971  02 10 12 14 20 26 31
12972  02 10 12 14 21 23 26
12973  02 10 12 14 21 26 30
12974  02 10 12 14 21 26 31
12975  02 10 12 14 22 23 26
12976  02 10 12 14 22 26 30
12977  02 10 12 14 22 26 31
12978  02 10 12 14 23 24 26
12979  02 10 12 14 23 26 30
12980  02 10 12 14 23 26 31
12981  02 10 12 14 24 26 30
12982  02 10 12 14 24 26 31
12983  02 10 12 14 26 30 31
12984  02 10 12 16 20 23 24
12985  02 10 12 16 20 24 30
12986  02 10 12 16 20 24 31
12987  02 10 12 16 21 23 24
12988  02 10 12 16 21 24 30
12989  02 10 12 16 21 24 31
12990  02 10 12 16 22 23 24
12991  02 10 12 16 22 24 30
12992  02 10 12 16 22 24 31
12993  02 10 12 16 23 24 26
12994  02 10 12 16 23 24 30
12995  02 10 12 16 23 24 31
12996  02 10 12 16 24 26 30
12997  02 10 12 16 24 26 31
12998  02 10 12 16 24 30 31
12999  02 10 12 20 23 24 26
13000  02 10 12 20 24 26 30
13001  02 10 12 20 24 26 31
13002  02 10 12 21 23 24 26
13003  02 10 12 21 24 26 30
13004  02 10 12 21 24 26 31
13005  02 10 12 22 23 24 26
13006  02 10 12 22 24 26 30
13007  02 10 12 22 24 26 31
13008  02 10 12 23 24 26 30
13009  02 10 12 23 24 26 31
13010  02 10 12 24 26 30 31
13011  02 10 13 14 16 20 21
13012  02 10 13 14 16 20 22
13013  02 10 13 14 16 20 23
13014  02 10 13 14 16 20 24
13015  02 10 13 14 16 20 26
13016  02 10 13 14 16 20 30
13017  02 10 13 14 16 20 31
13018  02 10 13 14 16 21 22
13019  02 10 13 14 16 21 23
13020  02 10 13 14 16 21 24
13021  02 10 13 14 16 21 26
13022  02 10 13 14 16 21 30
13023  02 10 13 14 16 21 31
13024  02 10 13 14 16 22 23
13025  02 10 13 14 16 22 24
13026  02 10 13 14 16 22 26
13027  02 10 13 14 16 22 30
13028  02 10 13 14 16 22 31
13029  02 10 13 14 16 23 24
13030  02 10 13 14 16 23 26
13031  02 10 13 14 16 23 30
13032  02 10 13 14 16 23 31
13033  02 10 13 14 16 24 26
13034  02 10 13 14 16 24 30
13035  02 10 13 14 16 24 31
13036  02 10 13 14 16 26 30
13037  02 10 13 14 16 26 31
13038  02 10 13 14 16 30 31
13039  02 10 13 14 20 21 26
13040  02 10 13 14 20 22 26
13041  02 10 13 14 20 23 26
13042  02 10 13 14 20 24 26
13043  02 10 13 14 20 26 30
13044  02 10 13 14 20 26 31
13045  02 10 13 14 21 22 26
13046  02 10 13 14 21 23 26
13047  02 10 13 14 21 24 26
13048  02 10 13 14 21 26 30
13049  02 10 13 14 21 26 31
13050  02 10 13 14 22 23 26
13051  02 10 13 14 22 24 26
13052  02 10 13 14 22 26 30
13053  02 10 13 14 22 26 31
13054  02 10 13 14 23 24 26
13055  02 10 13 14 23 26 30
13056  02 10 13 14 23 26 31
13057  02 10 13 14 24 26 30
13058  02 10 13 14 24 26 31
13059  02 10 13 14 26 30 31
13060  02 10 13 16 20 21 24
13061  02 10 13 16 20 22 24
13062  02 10 13 16 20 23 24
13063  02 10 13 16 20 24 26
13064  02 10 13 16 20 24 30
13065  02 10 13 16 20 24 31
13066  02 10 13 16 21 22 24
13067  02 10 13 16 21 23 24
13068  02 10 13 16 21 24 26
13069  02 10 13 16 21 24 30
13070  02 10 13 16 21 24 31
13071  02 10 13 16 22 23 24
13072  02 10 13 16 22 24 26
13073  02 10 13 16 22 24 30
13074  02 10 13 16 22 24 31
13075  02 10 13 16 23 24 26
13076  02 10 13 16 23 24 30
13077  02 10 13 16 23 24 31
13078  02 10 13 16 24 26 30
13079  02 10 13 16 24 26 31
13080  02 10 13 16 24 30 31
13081  02 10 13 20 21 24 26
13082  02 10 13 20 22 24 26
13083  02 10 13 20 23 24 26
13084  02 10 13 20 24 26 30
13085  02 10 13 20 24 26 31
13086  02 10 13 21 22 24 26
13087  02 10 13 21 23 24 26
13088  02 10 13 21 24 26 30
13089  02 10 13 21 24 26 31
13090  02 10 13 22 23 24 26
13091  02 10 13 22 24 26 30
13092  02 10 13 22 24 26 31
13093  02 10 13 23 24 26 30
13094  02 10 13 23 24 26 31
13095  02 10 13 24 26 30 31
13096  02 10 14 16 20 21 23
13097  02 10 14 16 20 21 30
13098  02 10 14 16 20 21 31
13099  02 10 14 16 20 22 23
13100  02 10 14 16 20 22 30
13101  02 10 14 16 20 22 31
13102  02 10 14 16 20 23 24
13103  02 10 14 16 20 23 26
13104  02 10 14 16 20 23 30
13105  02 10 14 16 20 23 31
13106  02 10 14 16 20 24 30
13107  02 10 14 16 20 24 31
13108  02 10 14 16 20 26 30
13109  02 10 14 16 20 26 31
13110  02 10 14 16 20 30 31
13111  02 10 14 16 21 22 23
13112  02 10 14 16 21 22 30
13113  02 10 14 16 21 22 31
13114  02 10 14 16 21 23 24
13115  02 10 14 16 21 23 26
13116  02 10 14 16 21 23 30
13117  02 10 14 16 21 23 31
13118  02 10 14 16 21 24 30
13119  02 10 14 16 21 24 31
13120  02 10 14 16 21 26 30
13121  02 10 14 16 21 26 31
13122  02 10 14 16 21 30 31
13123  02 10 14 16 22 23 24
13124  02 10 14 16 22 23 26
13125  02 10 14 16 22 23 30
13126  02 10 14 16 22 23 31
13127  02 10 14 16 22 24 30
13128  02 10 14 16 22 24 31
13129  02 10 14 16 22 26 30
13130  02 10 14 16 22 26 31
13131  02 10 14 16 22 30 31
13132  02 10 14 16 23 24 26
13133  02 10 14 16 23 24 30
13134  02 10 14 16 23 24 31
13135  02 10 14 16 23 26 30
13136  02 10 14 16 23 26 31
13137  02 10 14 16 23 30 31
13138  02 10 14 16 24 26 30
13139  02 10 14 16 24 26 31
13140  02 10 14 16 24 30 31
13141  02 10 14 16 26 30 31
13142  02 10 14 20 21 23 26
13143  02 10 14 20 21 26 30
13144  02 10 14 20 21 26 31
13145  02 10 14 20 22 23 26
13146  02 10 14 20 22 26 30
13147  02 10 14 20 22 26 31
13148  02 10 14 20 23 24 26
13149  02 10 14 20 23 26 30
13150  02 10 14 20 23 26 31
13151  02 10 14 20 24 26 30
13152  02 10 14 20 24 26 31
13153  02 10 14 20 26 30 31
13154  02 10 14 21 22 23 26
13155  02 10 14 21 22 26 30
13156  02 10 14 21 22 26 31
13157  02 10 14 21 23 24 26
13158  02 10 14 21 23 26 30
13159  02 10 14 21 23 26 31
13160  02 10 14 21 24 26 30
13161  02 10 14 21 24 26 31
13162  02 10 14 21 26 30 31
13163  02 10 14 22 23 24 26
13164  02 10 14 22 23 26 30
13165  02 10 14 22 23 26 31
13166  02 10 14 22 24 26 30
13167  02 10 14 22 24 26 31
13168  02 10 14 22 26 30 31
13169  02 10 14 23 24 26 30
13170  02 10 14 23 24 26 31
13171  02 10 14 23 26 30 31
13172  02 10 14 24 26 30 31
13173  02 10 16 20 21 23 24
13174  02 10 16 20 21 24 30
13175  02 10 16 20 21 24 31
13176  02 10 16 20 22 23 24
13177  02 10 16 20 22 24 30
13178  02 10 16 20 22 24 31
13179  02 10 16 20 23 24 26
13180  02 10 16 20 23 24 30
13181  02 10 16 20 23 24 31
13182  02 10 16 20 24 26 30
13183  02 10 16 20 24 26 31
13184  02 10 16 20 24 30 31
13185  02 10 16 21 22 23 24
13186  02 10 16 21 22 24 30
13187  02 10 16 21 22 24 31
13188  02 10 16 21 23 24 26
13189  02 10 16 21 23 24 30
13190  02 10 16 21 23 24 31
13191  02 10 16 21 24 26 30
13192  02 10 16 21 24 26 31
13193  02 10 16 21 24 30 31
13194  02 10 16 22 23 24 26
13195  02 10 16 22 23 24 30
13196  02 10 16 22 23 24 31
13197  02 10 16 22 24 26 30
13198  02 10 16 22 24 26 31
13199  02 10 16 22 24 30 31
13200  02 10 16 23 24 26 30
13201  02 10 16 23 24 26 31
13202  02 10 16 23 24 30 31
13203  02 10 16 24 26 30 31
13204  02 10 20 21 23 24 26
13205  02 10 20 21 24 26 30
13206  02 10 20 21 24 26 31
13207  02 10 20 22 23 24 26
13208  02 10 20 22 24 26 30
13209  02 10 20 22 24 26 31
13210  02 10 20 23 24 26 30
13211  02 10 20 23 24 26 31
13212  02 10 20 24 26 30 31
13213  02 10 21 22 23 24 26
13214  02 10 21 22 24 26 30
13215  02 10 21 22 24 26 31
13216  02 10 21 23 24 26 30
13217  02 10 21 23 24 26 31
13218  02 10 21 24 26 30 31
13219  02 10 22 23 24 26 30
13220  02 10 22 23 24 26 31
13221  02 10 22 24 26 30 31
13222  02 10 23 24 26 30 31
13223  02 11 12 13 14 16 20
13224  02 11 12 13 14 16 21
13225  02 11 12 13 14 16 22
13226  02 11 12 13 14 16 23
13227  02 11 12 13 14 16 24
13228  02 11 12 13 14 16 26
13229  02 11 12 13 14 16 30
13230  02 11 12 13 14 16 31
13231  02 11 12 13 14 20 26
13232  02 11 12 13 14 21 26
13233  02 11 12 13 14 22 26
13234  02 11 12 13 14 23 26
13235  02 11 12 13 14 24 26
13236  02 11 12 13 14 26 30
13237  02 11 12 13 14 26 31
13238  02 11 12 13 16 20 24
13239  02 11 12 13 16 21 24
13240  02 11 12 13 16 22 24
13241  02 11 12 13 16 23 24
13242  02 11 12 13 16 24 26
13243  02 11 12 13 16 24 30
13244  02 11 12 13 16 24 31
13245  02 11 12 13 20 24 26
13246  02 11 12 13 21 24 26
13247  02 11 12 13 22 24 26
13248  02 11 12 13 23 24 26
13249  02 11 12 13 24 26 30
13250  02 11 12 13 24 26 31
13251  02 11 12 14 16 20 23
13252  02 11 12 14 16 20 30
13253  02 11 12 14 16 20 31
13254  02 11 12 14 16 21 23
13255  02 11 12 14 16 21 30
13256  02 11 12 14 16 21 31
13257  02 11 12 14 16 22 23
13258  02 11 12 14 16 22 30
13259  02 11 12 14 16 22 31
13260  02 11 12 14 16 23 24
13261  02 11 12 14 16 23 26
13262  02 11 12 14 16 23 30
13263  02 11 12 14 16 23 31
13264  02 11 12 14 16 24 30
13265  02 11 12 14 16 24 31
13266  02 11 12 14 16 26 30
13267  02 11 12 14 16 26 31
13268  02 11 12 14 16 30 31
13269  02 11 12 14 20 23 26
13270  02 11 12 14 20 26 30
13271  02 11 12 14 20 26 31
13272  02 11 12 14 21 23 26
13273  02 11 12 14 21 26 30
13274  02 11 12 14 21 26 31
13275  02 11 12 14 22 23 26
13276  02 11 12 14 22 26 30
13277  02 11 12 14 22 26 31
13278  02 11 12 14 23 24 26
13279  02 11 12 14 23 26 30
13280  02 11 12 14 23 26 31
13281  02 11 12 14 24 26 30
13282  02 11 12 14 24 26 31
13283  02 11 12 14 26 30 31
13284  02 11 12 16 20 23 24
13285  02 11 12 16 20 24 30
13286  02 11 12 16 20 24 31
13287  02 11 12 16 21 23 24
13288  02 11 12 16 21 24 30
13289  02 11 12 16 21 24 31
13290  02 11 12 16 22 23 24
13291  02 11 12 16 22 24 30
13292  02 11 12 16 22 24 31
13293  02 11 12 16 23 24 26
13294  02 11 12 16 23 24 30
13295  02 11 12 16 23 24 31
13296  02 11 12 16 24 26 30
13297  02 11 12 16 24 26 31
13298  02 11 12 16 24 30 31
13299  02 11 12 20 23 24 26
13300  02 11 12 20 24 26 30
13301  02 11 12 20 24 26 31
13302  02 11 12 21 23 24 26
13303  02 11 12 21 24 26 30
13304  02 11 12 21 24 26 31
13305  02 11 12 22 23 24 26
13306  02 11 12 22 24 26 30
13307  02 11 12 22 24 26 31
13308  02 11 12 23 24 26 30
13309  02 11 12 23 24 26 31
13310  02 11 12 24 26 30 31
13311  02 11 13 14 16 20 21
13312  02 11 13 14 16 20 22
13313  02 11 13 14 16 20 23
13314  02 11 13 14 16 20 24
13315  02 11 13 14 16 20 26
13316  02 11 13 14 16 20 30
13317  02 11 13 14 16 20 31
13318  02 11 13 14 16 21 22
13319  02 11 13 14 16 21 23
13320  02 11 13 14 16 21 24
13321  02 11 13 14 16 21 26
13322  02 11 13 14 16 21 30
13323  02 11 13 14 16 21 31
13324  02 11 13 14 16 22 23
13325  02 11 13 14 16 22 24
13326  02 11 13 14 16 22 26
13327  02 11 13 14 16 22 30
13328  02 11 13 14 16 22 31
13329  02 11 13 14 16 23 24
13330  02 11 13 14 16 23 26
13331  02 11 13 14 16 23 30
13332  02 11 13 14 16 23 31
13333  02 11 13 14 16 24 26
13334  02 11 13 14 16 24 30
13335  02 11 13 14 16 24 31
13336  02 11 13 14 16 26 30
13337  02 11 13 14 16 26 31
13338  02 11 13 14 16 30 31
13339  02 11 13 14 20 21 26
13340  02 11 13 14 20 22 26
13341  02 11 13 14 20 23 26
13342  02 11 13 14 20 24 26
13343  02 11 13 14 20 26 30
13344  02 11 13 14 20 26 31
13345  02 11 13 14 21 22 26
13346  02 11 13 14 21 23 26
13347  02 11 13 14 21 24 26
13348  02 11 13 14 21 26 30
13349  02 11 13 14 21 26 31
13350  02 11 13 14 22 23 26
13351  02 11 13 14 22 24 26
13352  02 11 13 14 22 26 30
13353  02 11 13 14 22 26 31
13354  02 11 13 14 23 24 26
13355  02 11 13 14 23 26 30
13356  02 11 13 14 23 26 31
13357  02 11 13 14 24 26 30
13358  02 11 13 14 24 26 31
13359  02 11 13 14 26 30 31
13360  02 11 13 16 20 21 24
13361  02 11 13 16 20 22 24
13362  02 11 13 16 20 23 24
13363  02 11 13 16 20 24 26
13364  02 11 13 16 20 24 30
13365  02 11 13 16 20 24 31
13366  02 11 13 16 21 22 24
13367  02 11 13 16 21 23 24
13368  02 11 13 16 21 24 26
13369  02 11 13 16 21 24 30
13370  02 11 13 16 21 24 31
13371  02 11 13 16 22 23 24
13372  02 11 13 16 22 24 26
13373  02 11 13 16 22 24 30
13374  02 11 13 16 22 24 31
13375  02 11 13 16 23 24 26
13376  02 11 13 16 23 24 30
13377  02 11 13 16 23 24 31
13378  02 11 13 16 24 26 30
13379  02 11 13 16 24 26 31
13380  02 11 13 16 24 30 31
13381  02 11 13 20 21 24 26
13382  02 11 13 20 22 24 26
13383  02 11 13 20 23 24 26
13384  02 11 13 20 24 26 30
13385  02 11 13 20 24 26 31
13386  02 11 13 21 22 24 26
13387  02 11 13 21 23 24 26
13388  02 11 13 21 24 26 30
13389  02 11 13 21 24 26 31
13390  02 11 13 22 23 24 26
13391  02 11 13 22 24 26 30
13392  02 11 13 22 24 26 31
13393  02 11 13 23 24 26 30
13394  02 11 13 23 24 26 31
13395  02 11 13 24 26 30 31
13396  02 11 14 16 20 21 23
13397  02 11 14 16 20 21 30
13398  02 11 14 16 20 21 31
13399  02 11 14 16 20 22 23
13400  02 11 14 16 20 22 30
13401  02 11 14 16 20 22 31
13402  02 11 14 16 20 23 24
13403  02 11 14 16 20 23 26
13404  02 11 14 16 20 23 30
13405  02 11 14 16 20 23 31
13406  02 11 14 16 20 24 30
13407  02 11 14 16 20 24 31
13408  02 11 14 16 20 26 30
13409  02 11 14 16 20 26 31
13410  02 11 14 16 20 30 31
13411  02 11 14 16 21 22 23
13412  02 11 14 16 21 22 30
13413  02 11 14 16 21 22 31
13414  02 11 14 16 21 23 24
13415  02 11 14 16 21 23 26
13416  02 11 14 16 21 23 30
13417  02 11 14 16 21 23 31
13418  02 11 14 16 21 24 30
13419  02 11 14 16 21 24 31
13420  02 11 14 16 21 26 30
13421  02 11 14 16 21 26 31
13422  02 11 14 16 21 30 31
13423  02 11 14 16 22 23 24
13424  02 11 14 16 22 23 26
13425  02 11 14 16 22 23 30
13426  02 11 14 16 22 23 31
13427  02 11 14 16 22 24 30
13428  02 11 14 16 22 24 31
13429  02 11 14 16 22 26 30
13430  02 11 14 16 22 26 31
13431  02 11 14 16 22 30 31
13432  02 11 14 16 23 24 26
13433  02 11 14 16 23 24 30
13434  02 11 14 16 23 24 31
13435  02 11 14 16 23 26 30
13436  02 11 14 16 23 26 31
13437  02 11 14 16 23 30 31
13438  02 11 14 16 24 26 30
13439  02 11 14 16 24 26 31
13440  02 11 14 16 24 30 31
13441  02 11 14 16 26 30 31
13442  02 11 14 20 21 23 26
13443  02 11 14 20 21 26 30
13444  02 11 14 20 21 26 31
13445  02 11 14 20 22 23 26
13446  02 11 14 20 22 26 30
13447  02 11 14 20 22 26 31
13448  02 11 14 20 23 24 26
13449  02 11 14 20 23 26 30
13450  02 11 14 20 23 26 31
13451  02 11 14 20 24 26 30
13452  02 11 14 20 24 26 31
13453  02 11 14 20 26 30 31
13454  02 11 14 21 22 23 26
13455  02 11 14 21 22 26 30
13456  02 11 14 21 22 26 31
13457  02 11 14 21 23 24 26
13458  02 11 14 21 23 26 30
13459  02 11 14 21 23 26 31
13460  02 11 14 21 24 26 30
13461  02 11 14 21 24 26 31
13462  02 11 14 21 26 30 31
13463  02 11 14 22 23 24 26
13464  02 11 14 22 23 26 30
13465  02 11 14 22 23 26 31
13466  02 11 14 22 24 26 30
13467  02 11 14 22 24 26 31
13468  02 11 14 22 26 30 31
13469  02 11 14 23 24 26 30
13470  02 11 14 23 24 26 31
13471  02 11 14 23 26 30 31
13472  02 11 14 24 26 30 31
13473  02 11 16 20 21 23 24
13474  02 11 16 20 21 24 30
13475  02 11 16 20 21 24 31
13476  02 11 16 20 22 23 24
13477  02 11 16 20 22 24 30
13478  02 11 16 20 22 24 31
13479  02 11 16 20 23 24 26
13480  02 11 16 20 23 24 30
13481  02 11 16 20 23 24 31
13482  02 11 16 20 24 26 30
13483  02 11 16 20 24 26 31
13484  02 11 16 20 24 30 31
13485  02 11 16 21 22 23 24
13486  02 11 16 21 22 24 30
13487  02 11 16 21 22 24 31
13488  02 11 16 21 23 24 26
13489  02 11 16 21 23 24 30
13490  02 11 16 21 23 24 31
13491  02 11 16 21 24 26 30
13492  02 11 16 21 24 26 31
13493  02 11 16 21 24 30 31
13494  02 11 16 22 23 24 26
13495  02 11 16 22 23 24 30
13496  02 11 16 22 23 24 31
13497  02 11 16 22 24 26 30
13498  02 11 16 22 24 26 31
13499  02 11 16 22 24 30 31
13500  02 11 16 23 24 26 30
13501  02 11 16 23 24 26 31
13502  02 11 16 23 24 30 31
13503  02 11 16 24 26 30 31
13504  02 11 20 21 23 24 26
13505  02 11 20 21 24 26 30
13506  02 11 20 21 24 26 31
13507  02 11 20 22 23 24 26
13508  02 11 20 22 24 26 30
13509  02 11 20 22 24 26 31
13510  02 11 20 23 24 26 30
13511  02 11 20 23 24 26 31
13512  02 11 20 24 26 30 31
13513  02 11 21 22 23 24 26
13514  02 11 21 22 24 26 30
13515  02 11 21 22 24 26 31
13516  02 11 21 23 24 26 30
13517  02 11 21 23 24 26 31
13518  02 11 21 24 26 30 31
13519  02 11 22 23 24 26 30
13520  02 11 22 23 24 26 31
13521  02 11 22 24 26 30 31
13522  02 11 23 24 26 30 31
13523  02 12 13 14 16 20 21
13524  02 12 13 14 16 20 22
13525  02 12 13 14 16 20 23
13526  02 12 13 14 16 20 24
13527  02 12 13 14 16 20 26
13528  02 12 13 14 16 20 30
13529  02 12 13 14 16 20 31
13530  02 12 13 14 16 21 22
13531  02 12 13 14 16 21 23
13532  02 12 13 14 16 21 24
13533  02 12 13 14 16 21 26
13534  02 12 13 14 16 21 30
13535  02 12 13 14 16 21 31
13536  02 12 13 14 16 22 23
13537  02 12 13 14 16 22 24
13538  02 12 13 14 16 22 26
13539  02 12 13 14 16 22 30
13540  02 12 13 14 16 22 31
13541  02 12 13 14 16 23 24
13542  02 12 13 14 16 23 26
13543  02 12 13 14 16 23 30
13544  02 12 13 14 16 23 31
13545  02 12 13 14 16 24 26
13546  02 12 13 14 16 24 30
13547  02 12 13 14 16 24 31
13548  02 12 13 14 16 26 30
13549  02 12 13 14 16 26 31
13550  02 12 13 14 16 30 31
13551  02 12 13 14 20 21 26
13552  02 12 13 14 20 22 26
13553  02 12 13 14 20 23 26
13554  02 12 13 14 20 24 26
13555  02 12 13 14 20 26 30
13556  02 12 13 14 20 26 31
13557  02 12 13 14 21 22 26
13558  02 12 13 14 21 23 26
13559  02 12 13 14 21 24 26
13560  02 12 13 14 21 26 30
13561  02 12 13 14 21 26 31
13562  02 12 13 14 22 23 26
13563  02 12 13 14 22 24 26
13564  02 12 13 14 22 26 30
13565  02 12 13 14 22 26 31
13566  02 12 13 14 23 24 26
13567  02 12 13 14 23 26 30
13568  02 12 13 14 23 26 31
13569  02 12 13 14 24 26 30
13570  02 12 13 14 24 26 31
13571  02 12 13 14 26 30 31
13572  02 12 13 16 20 21 24
13573  02 12 13 16 20 22 24
13574  02 12 13 16 20 23 24
13575  02 12 13 16 20 24 26
13576  02 12 13 16 20 24 30
13577  02 12 13 16 20 24 31
13578  02 12 13 16 21 22 24
13579  02 12 13 16 21 23 24
13580  02 12 13 16 21 24 26
13581  02 12 13 16 21 24 30
13582  02 12 13 16 21 24 31
13583  02 12 13 16 22 23 24
13584  02 12 13 16 22 24 26
13585  02 12 13 16 22 24 30
13586  02 12 13 16 22 24 31
13587  02 12 13 16 23 24 26
13588  02 12 13 16 23 24 30
13589  02 12 13 16 23 24 31
13590  02 12 13 16 24 26 30
13591  02 12 13 16 24 26 31
13592  02 12 13 16 24 30 31
13593  02 12 13 20 21 24 26
13594  02 12 13 20 22 24 26
13595  02 12 13 20 23 24 26
13596  02 12 13 20 24 26 30
13597  02 12 13 20 24 26 31
13598  02 12 13 21 22 24 26
13599  02 12 13 21 23 24 26
13600  02 12 13 21 24 26 30
13601  02 12 13 21 24 26 31
13602  02 12 13 22 23 24 26
13603  02 12 13 22 24 26 30
13604  02 12 13 22 24 26 31
13605  02 12 13 23 24 26 30
13606  02 12 13 23 24 26 31
13607  02 12 13 24 26 30 31
13608  02 12 14 16 20 21 23
13609  02 12 14 16 20 21 30
13610  02 12 14 16 20 21 31
13611  02 12 14 16 20 22 23
13612  02 12 14 16 20 22 30
13613  02 12 14 16 20 22 31
13614  02 12 14 16 20 23 24
13615  02 12 14 16 20 23 26
13616  02 12 14 16 20 23 30
13617  02 12 14 16 20 23 31
13618  02 12 14 16 20 24 30
13619  02 12 14 16 20 24 31
13620  02 12 14 16 20 26 30
13621  02 12 14 16 20 26 31
13622  02 12 14 16 20 30 31
13623  02 12 14 16 21 22 23
13624  02 12 14 16 21 22 30
13625  02 12 14 16 21 22 31
13626  02 12 14 16 21 23 24
13627  02 12 14 16 21 23 26
13628  02 12 14 16 21 23 30
13629  02 12 14 16 21 23 31
13630  02 12 14 16 21 24 30
13631  02 12 14 16 21 24 31
13632  02 12 14 16 21 26 30
13633  02 12 14 16 21 26 31
13634  02 12 14 16 21 30 31
13635  02 12 14 16 22 23 24
13636  02 12 14 16 22 23 26
13637  02 12 14 16 22 23 30
13638  02 12 14 16 22 23 31
13639  02 12 14 16 22 24 30
13640  02 12 14 16 22 24 31
13641  02 12 14 16 22 26 30
13642  02 12 14 16 22 26 31
13643  02 12 14 16 22 30 31
13644  02 12 14 16 23 24 26
13645  02 12 14 16 23 24 30
13646  02 12 14 16 23 24 31
13647  02 12 14 16 23 26 30
13648  02 12 14 16 23 26 31
13649  02 12 14 16 23 30 31
13650  02 12 14 16 24 26 30
13651  02 12 14 16 24 26 31
13652  02 12 14 16 24 30 31
13653  02 12 14 16 26 30 31
13654  02 12 14 20 21 23 26
13655  02 12 14 20 21 26 30
13656  02 12 14 20 21 26 31
13657  02 12 14 20 22 23 26
13658  02 12 14 20 22 26 30
13659  02 12 14 20 22 26 31
13660  02 12 14 20 23 24 26
13661  02 12 14 20 23 26 30
13662  02 12 14 20 23 26 31
13663  02 12 14 20 24 26 30
13664  02 12 14 20 24 26 31
13665  02 12 14 20 26 30 31
13666  02 12 14 21 22 23 26
13667  02 12 14 21 22 26 30
13668  02 12 14 21 22 26 31
13669  02 12 14 21 23 24 26
13670  02 12 14 21 23 26 30
13671  02 12 14 21 23 26 31
13672  02 12 14 21 24 26 30
13673  02 12 14 21 24 26 31
13674  02 12 14 21 26 30 31
13675  02 12 14 22 23 24 26
13676  02 12 14 22 23 26 30
13677  02 12 14 22 23 26 31
13678  02 12 14 22 24 26 30
13679  02 12 14 22 24 26 31
13680  02 12 14 22 26 30 31
13681  02 12 14 23 24 26 30
13682  02 12 14 23 24 26 31
13683  02 12 14 23 26 30 31
13684  02 12 14 24 26 30 31
13685  02 12 16 20 21 23 24
13686  02 12 16 20 21 24 30
13687  02 12 16 20 21 24 31
13688  02 12 16 20 22 23 24
13689  02 12 16 20 22 24 30
13690  02 12 16 20 22 24 31
13691  02 12 16 20 23 24 26
13692  02 12 16 20 23 24 30
13693  02 12 16 20 23 24 31
13694  02 12 16 20 24 26 30
13695  02 12 16 20 24 26 31
13696  02 12 16 20 24 30 31
13697  02 12 16 21 22 23 24
13698  02 12 16 21 22 24 30
13699  02 12 16 21 22 24 31
13700  02 12 16 21 23 24 26
13701  02 12 16 21 23 24 30
13702  02 12 16 21 23 24 31
13703  02 12 16 21 24 26 30
13704  02 12 16 21 24 26 31
13705  02 12 16 21 24 30 31
13706  02 12 16 22 23 24 26
13707  02 12 16 22 23 24 30
13708  02 12 16 22 23 24 31
13709  02 12 16 22 24 26 30
13710  02 12 16 22 24 26 31
13711  02 12 16 22 24 30 31
13712  02 12 16 23 24 26 30
13713  02 12 16 23 24 26 31
13714  02 12 16 23 24 30 31
13715  02 12 16 24 26 30 31
13716  02 12 20 21 23 24 26
13717  02 12 20 21 24 26 30
13718  02 12 20 21 24 26 31
13719  02 12 20 22 23 24 26
13720  02 12 20 22 24 26 30
13721  02 12 20 22 24 26 31
13722  02 12 20 23 24 26 30
13723  02 12 20 23 24 26 31
13724  02 12 20 24 26 30 31
13725  02 12 21 22 23 24 26
13726  02 12 21 22 24 26 30
13727  02 12 21 22 24 26 31
13728  02 12 21 23 24 26 30
13729  02 12 21 23 24 26 31
13730  02 12 21 24 26 30 31
13731  02 12 22 23 24 26 30
13732  02 12 22 23 24 26 31
13733  02 12 22 24 26 30 31
13734  02 12 23 24 26 30 31
13735  02 13 14 16 20 21 22
13736  02 13 14 16 20 21 23
13737  02 13 14 16 20 21 24
13738  02 13 14 16 20 21 26
13739  02 13 14 16 20 21 30
13740  02 13 14 16 20 21 31
13741  02 13 14 16 20 22 23
13742  02 13 14 16 20 22 24
13743  02 13 14 16 20 22 26
13744  02 13 14 16 20 22 30
13745  02 13 14 16 20 22 31
13746  02 13 14 16 20 23 24
13747  02 13 14 16 20 23 26
13748  02 13 14 16 20 23 30
13749  02 13 14 16 20 23 31
13750  02 13 14 16 20 24 26
13751  02 13 14 16 20 24 30
13752  02 13 14 16 20 24 31
13753  02 13 14 16 20 26 30
13754  02 13 14 16 20 26 31
13755  02 13 14 16 20 30 31
13756  02 13 14 16 21 22 23
13757  02 13 14 16 21 22 24
13758  02 13 14 16 21 22 26
13759  02 13 14 16 21 22 30
13760  02 13 14 16 21 22 31
13761  02 13 14 16 21 23 24
13762  02 13 14 16 21 23 26
13763  02 13 14 16 21 23 30
13764  02 13 14 16 21 23 31
13765  02 13 14 16 21 24 26
13766  02 13 14 16 21 24 30
13767  02 13 14 16 21 24 31
13768  02 13 14 16 21 26 30
13769  02 13 14 16 21 26 31
13770  02 13 14 16 21 30 31
13771  02 13 14 16 22 23 24
13772  02 13 14 16 22 23 26
13773  02 13 14 16 22 23 30
13774  02 13 14 16 22 23 31
13775  02 13 14 16 22 24 26
13776  02 13 14 16 22 24 30
13777  02 13 14 16 22 24 31
13778  02 13 14 16 22 26 30
13779  02 13 14 16 22 26 31
13780  02 13 14 16 22 30 31
13781  02 13 14 16 23 24 26
13782  02 13 14 16 23 24 30
13783  02 13 14 16 23 24 31
13784  02 13 14 16 23 26 30
13785  02 13 14 16 23 26 31
13786  02 13 14 16 23 30 31
13787  02 13 14 16 24 26 30
13788  02 13 14 16 24 26 31
13789  02 13 14 16 24 30 31
13790  02 13 14 16 26 30 31
13791  02 13 14 20 21 22 26
13792  02 13 14 20 21 23 26
13793  02 13 14 20 21 24 26
13794  02 13 14 20 21 26 30
13795  02 13 14 20 21 26 31
13796  02 13 14 20 22 23 26
13797  02 13 14 20 22 24 26
13798  02 13 14 20 22 26 30
13799  02 13 14 20 22 26 31
13800  02 13 14 20 23 24 26
13801  02 13 14 20 23 26 30
13802  02 13 14 20 23 26 31
13803  02 13 14 20 24 26 30
13804  02 13 14 20 24 26 31
13805  02 13 14 20 26 30 31
13806  02 13 14 21 22 23 26
13807  02 13 14 21 22 24 26
13808  02 13 14 21 22 26 30
13809  02 13 14 21 22 26 31
13810  02 13 14 21 23 24 26
13811  02 13 14 21 23 26 30
13812  02 13 14 21 23 26 31
13813  02 13 14 21 24 26 30
13814  02 13 14 21 24 26 31
13815  02 13 14 21 26 30 31
13816  02 13 14 22 23 24 26
13817  02 13 14 22 23 26 30
13818  02 13 14 22 23 26 31
13819  02 13 14 22 24 26 30
13820  02 13 14 22 24 26 31
13821  02 13 14 22 26 30 31
13822  02 13 14 23 24 26 30
13823  02 13 14 23 24 26 31
13824  02 13 14 23 26 30 31
13825  02 13 14 24 26 30 31
13826  02 13 16 20 21 22 24
13827  02 13 16 20 21 23 24
13828  02 13 16 20 21 24 26
13829  02 13 16 20 21 24 30
13830  02 13 16 20 21 24 31
13831  02 13 16 20 22 23 24
13832  02 13 16 20 22 24 26
13833  02 13 16 20 22 24 30
13834  02 13 16 20 22 24 31
13835  02 13 16 20 23 24 26
13836  02 13 16 20 23 24 30
13837  02 13 16 20 23 24 31
13838  02 13 16 20 24 26 30
13839  02 13 16 20 24 26 31
13840  02 13 16 20 24 30 31
13841  02 13 16 21 22 23 24
13842  02 13 16 21 22 24 26
13843  02 13 16 21 22 24 30
13844  02 13 16 21 22 24 31
13845  02 13 16 21 23 24 26
13846  02 13 16 21 23 24 30
13847  02 13 16 21 23 24 31
13848  02 13 16 21 24 26 30
13849  02 13 16 21 24 26 31
13850  02 13 16 21 24 30 31
13851  02 13 16 22 23 24 26
13852  02 13 16 22 23 24 30
13853  02 13 16 22 23 24 31
13854  02 13 16 22 24 26 30
13855  02 13 16 22 24 26 31
13856  02 13 16 22 24 30 31
13857  02 13 16 23 24 26 30
13858  02 13 16 23 24 26 31
13859  02 13 16 23 24 30 31
13860  02 13 16 24 26 30 31
13861  02 13 20 21 22 24 26
13862  02 13 20 21 23 24 26
13863  02 13 20 21 24 26 30
13864  02 13 20 21 24 26 31
13865  02 13 20 22 23 24 26
13866  02 13 20 22 24 26 30
13867  02 13 20 22 24 26 31
13868  02 13 20 23 24 26 30
13869  02 13 20 23 24 26 31
13870  02 13 20 24 26 30 31
13871  02 13 21 22 23 24 26
13872  02 13 21 22 24 26 30
13873  02 13 21 22 24 26 31
13874  02 13 21 23 24 26 30
13875  02 13 21 23 24 26 31
13876  02 13 21 24 26 30 31
13877  02 13 22 23 24 26 30
13878  02 13 22 23 24 26 31
13879  02 13 22 24 26 30 31
13880  02 13 23 24 26 30 31
13881  02 14 16 20 21 22 23
13882  02 14 16 20 21 22 30
13883  02 14 16 20 21 22 31
13884  02 14 16 20 21 23 24
13885  02 14 16 20 21 23 26
13886  02 14 16 20 21 23 30
13887  02 14 16 20 21 23 31
13888  02 14 16 20 21 24 30
13889  02 14 16 20 21 24 31
13890  02 14 16 20 21 26 30
13891  02 14 16 20 21 26 31
13892  02 14 16 20 21 30 31
13893  02 14 16 20 22 23 24
13894  02 14 16 20 22 23 26
13895  02 14 16 20 22 23 30
13896  02 14 16 20 22 23 31
13897  02 14 16 20 22 24 30
13898  02 14 16 20 22 24 31
13899  02 14 16 20 22 26 30
13900  02 14 16 20 22 26 31
13901  02 14 16 20 22 30 31
13902  02 14 16 20 23 24 26
13903  02 14 16 20 23 24 30
13904  02 14 16 20 23 24 31
13905  02 14 16 20 23 26 30
13906  02 14 16 20 23 26 31
13907  02 14 16 20 23 30 31
13908  02 14 16 20 24 26 30
13909  02 14 16 20 24 26 31
13910  02 14 16 20 24 30 31
13911  02 14 16 20 26 30 31
13912  02 14 16 21 22 23 24
13913  02 14 16 21 22 23 26
13914  02 14 16 21 22 23 30
13915  02 14 16 21 22 23 31
13916  02 14 16 21 22 24 30
13917  02 14 16 21 22 24 31
13918  02 14 16 21 22 26 30
13919  02 14 16 21 22 26 31
13920  02 14 16 21 22 30 31
13921  02 14 16 21 23 24 26
13922  02 14 16 21 23 24 30
13923  02 14 16 21 23 24 31
13924  02 14 16 21 23 26 30
13925  02 14 16 21 23 26 31
13926  02 14 16 21 23 30 31
13927  02 14 16 21 24 26 30
13928  02 14 16 21 24 26 31
13929  02 14 16 21 24 30 31
13930  02 14 16 21 26 30 31
13931  02 14 16 22 23 24 26
13932  02 14 16 22 23 24 30
13933  02 14 16 22 23 24 31
13934  02 14 16 22 23 26 30
13935  02 14 16 22 23 26 31
13936  02 14 16 22 23 30 31
13937  02 14 16 22 24 26 30
13938  02 14 16 22 24 26 31
13939  02 14 16 22 24 30 31
13940  02 14 16 22 26 30 31
13941  02 14 16 23 24 26 30
13942  02 14 16 23 24 26 31
13943  02 14 16 23 24 30 31
13944  02 14 16 23 26 30 31
13945  02 14 16 24 26 30 31
13946  02 14 20 21 22 23 26
13947  02 14 20 21 22 26 30
13948  02 14 20 21 22 26 31
13949  02 14 20 21 23 24 26
13950  02 14 20 21 23 26 30
13951  02 14 20 21 23 26 31
13952  02 14 20 21 24 26 30
13953  02 14 20 21 24 26 31
13954  02 14 20 21 26 30 31
13955  02 14 20 22 23 24 26
13956  02 14 20 22 23 26 30
13957  02 14 20 22 23 26 31
13958  02 14 20 22 24 26 30
13959  02 14 20 22 24 26 31
13960  02 14 20 22 26 30 31
13961  02 14 20 23 24 26 30
13962  02 14 20 23 24 26 31
13963  02 14 20 23 26 30 31
13964  02 14 20 24 26 30 31
13965  02 14 21 22 23 24 26
13966  02 14 21 22 23 26 30
13967  02 14 21 22 23 26 31
13968  02 14 21 22 24 26 30
13969  02 14 21 22 24 26 31
13970  02 14 21 22 26 30 31
13971  02 14 21 23 24 26 30
13972  02 14 21 23 24 26 31
13973  02 14 21 23 26 30 31
13974  02 14 21 24 26 30 31
13975  02 14 22 23 24 26 30
13976  02 14 22 23 24 26 31
13977  02 14 22 23 26 30 31
13978  02 14 22 24 26 30 31
13979  02 14 23 24 26 30 31
13980  02 16 20 21 22 23 24
13981  02 16 20 21 22 24 30
13982  02 16 20 21 22 24 31
13983  02 16 20 21 23 24 26
13984  02 16 20 21 23 24 30
13985  02 16 20 21 23 24 31
13986  02 16 20 21 24 26 30
13987  02 16 20 21 24 26 31
13988  02 16 20 21 24 30 31
13989  02 16 20 22 23 24 26
13990  02 16 20 22 23 24 30
13991  02 16 20 22 23 24 31
13992  02 16 20 22 24 26 30
13993  02 16 20 22 24 26 31
13994  02 16 20 22 24 30 31
13995  02 16 20 23 24 26 30
13996  02 16 20 23 24 26 31
13997  02 16 20 23 24 30 31
13998  02 16 20 24 26 30 31
13999  02 16 21 22 23 24 26
14000  02 16 21 22 23 24 30
14001  02 16 21 22 23 24 31
14002  02 16 21 22 24 26 30
14003  02 16 21 22 24 26 31
14004  02 16 21 22 24 30 31
14005  02 16 21 23 24 26 30
14006  02 16 21 23 24 26 31
14007  02 16 21 23 24 30 31
14008  02 16 21 24 26 30 31
14009  02 16 22 23 24 26 30
14010  02 16 22 23 24 26 31
14011  02 16 22 23 24 30 31
14012  02 16 22 24 26 30 31
14013  02 16 23 24 26 30 31
14014  02 20 21 22 23 24 26
14015  02 20 21 22 24 26 30
14016  02 20 21 22 24 26 31
14017  02 20 21 23 24 26 30
14018  02 20 21 23 24 26 31
14019  02 20 21 24 26 30 31
14020  02 20 22 23 24 26 31
14021  02 20 22 24 26 30 31
14022  02 20 23 24 26 30 31
14023  02 21 22 23 24 26 30
14024  02 21 22 23 24 26 31
14025  02 21 22 24 26 30 31
14026  02 21 23 24 26 30 31
14027  02 22 23 24 26 30 31
14028  03 04 06 10 11 12 13
14029  03 04 06 10 11 12 14
14030  03 04 06 10 11 12 16
14031  03 04 06 10 11 12 20
14032  03 04 06 10 11 12 21
14033  03 04 06 10 11 12 22
14034  03 04 06 10 11 12 23
14035  03 04 06 10 11 12 24
14036  03 04 06 10 11 12 26
14037  03 04 06 10 11 12 30
14038  03 04 06 10 11 12 31
14039  03 04 06 10 11 13 20
14040  03 04 06 10 11 13 21
14041  03 04 06 10 11 13 22
14042  03 04 06 10 11 13 23
14043  03 04 06 10 11 13 24
14044  03 04 06 10 11 13 26
14045  03 04 06 10 11 14 20
14046  03 04 06 10 11 14 21
14047  03 04 06 10 11 14 22
14048  03 04 06 10 11 14 23
14049  03 04 06 10 11 14 24
14050  03 04 06 10 11 14 26
14051  03 04 06 10 11 16 20
14052  03 04 06 10 11 16 21
14053  03 04 06 10 11 16 22
14054  03 04 06 10 11 16 23
14055  03 04 06 10 11 16 24
14056  03 04 06 10 11 16 26
14057  03 04 06 10 11 20 21
14058  03 04 06 10 11 20 22
14059  03 04 06 10 11 20 23
14060  03 04 06 10 11 20 24
14061  03 04 06 10 11 20 26
14062  03 04 06 10 11 20 30
14063  03 04 06 10 11 20 31
14064  03 04 06 10 11 21 22
14065  03 04 06 10 11 21 23
14066  03 04 06 10 11 21 24
14067  03 04 06 10 11 21 26
14068  03 04 06 10 11 21 30
14069  03 04 06 10 11 21 31
14070  03 04 06 10 11 22 23
14071  03 04 06 10 11 22 24
14072  03 04 06 10 11 22 26
14073  03 04 06 10 11 22 30
14074  03 04 06 10 11 22 31
14075  03 04 06 10 11 23 24
14076  03 04 06 10 11 23 26
14077  03 04 06 10 11 23 30
14078  03 04 06 10 11 23 31
14079  03 04 06 10 11 24 26
14080  03 04 06 10 11 24 30
14081  03 04 06 10 11 24 31
14082  03 04 06 10 11 26 30
14083  03 04 06 10 11 26 31
14084  03 04 06 10 12 13 14
14085  03 04 06 10 12 13 16
14086  03 04 06 10 12 13 20
14087  03 04 06 10 12 13 21
14088  03 04 06 10 12 13 22
14089  03 04 06 10 12 13 23
14090  03 04 06 10 12 13 24
14091  03 04 06 10 12 13 26
14092  03 04 06 10 12 13 30
14093  03 04 06 10 12 13 31
14094  03 04 06 10 12 14 16
14095  03 04 06 10 12 14 20
14096  03 04 06 10 12 14 21
14097  03 04 06 10 12 14 22
14098  03 04 06 10 12 14 23
14099  03 04 06 10 12 14 24
14100  03 04 06 10 12 14 26
14101  03 04 06 10 12 14 30
14102  03 04 06 10 12 14 31
14103  03 04 06 10 12 16 20
14104  03 04 06 10 12 16 21
14105  03 04 06 10 12 16 22
14106  03 04 06 10 12 16 23
14107  03 04 06 10 12 16 24
14108  03 04 06 10 12 16 26
14109  03 04 06 10 12 16 30
14110  03 04 06 10 12 16 31
14111  03 04 06 10 12 20 21
14112  03 04 06 10 12 20 22
14113  03 04 06 10 12 20 23
14114  03 04 06 10 12 20 24
14115  03 04 06 10 12 20 26
14116  03 04 06 10 12 20 30
14117  03 04 06 10 12 20 31
14118  03 04 06 10 12 21 22
14119  03 04 06 10 12 21 23
14120  03 04 06 10 12 21 24
14121  03 04 06 10 12 21 26
14122  03 04 06 10 12 21 30
14123  03 04 06 10 12 21 31
14124  03 04 06 10 12 22 23
14125  03 04 06 10 12 22 24
14126  03 04 06 10 12 22 26
14127  03 04 06 10 12 22 30
14128  03 04 06 10 12 22 31
14129  03 04 06 10 12 23 24
14130  03 04 06 10 12 23 26
14131  03 04 06 10 12 23 30
14132  03 04 06 10 12 23 31
14133  03 04 06 10 12 24 26
14134  03 04 06 10 12 24 30
14135  03 04 06 10 12 24 31
14136  03 04 06 10 12 26 30
14137  03 04 06 10 12 26 31
14138  03 04 06 10 12 30 31
14139  03 04 06 10 13 14 20
14140  03 04 06 10 13 14 21
14141  03 04 06 10 13 14 22
14142  03 04 06 10 13 14 23
14143  03 04 06 10 13 14 24
14144  03 04 06 10 13 14 26
14145  03 04 06 10 13 16 20
14146  03 04 06 10 13 16 21
14147  03 04 06 10 13 16 22
14148  03 04 06 10 13 16 23
14149  03 04 06 10 13 16 24
14150  03 04 06 10 13 16 26
14151  03 04 06 10 13 20 21
14152  03 04 06 10 13 20 22
14153  03 04 06 10 13 20 23
14154  03 04 06 10 13 20 24
14155  03 04 06 10 13 20 26
14156  03 04 06 10 13 20 30
14157  03 04 06 10 13 20 31
14158  03 04 06 10 13 21 22
14159  03 04 06 10 13 21 23
14160  03 04 06 10 13 21 24
14161  03 04 06 10 13 21 26
14162  03 04 06 10 13 21 30
14163  03 04 06 10 13 21 31
14164  03 04 06 10 13 22 23
14165  03 04 06 10 13 22 24
14166  03 04 06 10 13 22 26
14167  03 04 06 10 13 22 30
14168  03 04 06 10 13 22 31
14169  03 04 06 10 13 23 24
14170  03 04 06 10 13 23 26
14171  03 04 06 10 13 23 30
14172  03 04 06 10 13 23 31
14173  03 04 06 10 13 24 26
14174  03 04 06 10 13 24 30
14175  03 04 06 10 13 24 31
14176  03 04 06 10 13 26 30
14177  03 04 06 10 13 26 31
14178  03 04 06 10 14 16 20
14179  03 04 06 10 14 16 21
14180  03 04 06 10 14 16 22
14181  03 04 06 10 14 16 23
14182  03 04 06 10 14 16 24
14183  03 04 06 10 14 16 26
14184  03 04 06 10 14 20 21
14185  03 04 06 10 14 20 22
14186  03 04 06 10 14 20 23
14187  03 04 06 10 14 20 24
14188  03 04 06 10 14 20 26
14189  03 04 06 10 14 20 30
14190  03 04 06 10 14 20 31
14191  03 04 06 10 14 21 22
14192  03 04 06 10 14 21 23
14193  03 04 06 10 14 21 24
14194  03 04 06 10 14 21 26
14195  03 04 06 10 14 21 30
14196  03 04 06 10 14 21 31
14197  03 04 06 10 14 22 23
14198  03 04 06 10 14 22 24
14199  03 04 06 10 14 22 26
14200  03 04 06 10 14 22 30
14201  03 04 06 10 14 22 31
14202  03 04 06 10 14 23 24
14203  03 04 06 10 14 23 26
14204  03 04 06 10 14 23 30
14205  03 04 06 10 14 23 31
14206  03 04 06 10 14 24 26
14207  03 04 06 10 14 24 30
14208  03 04 06 10 14 24 31
14209  03 04 06 10 14 26 30
14210  03 04 06 10 14 26 31
14211  03 04 06 10 16 20 21
14212  03 04 06 10 16 20 22
14213  03 04 06 10 16 20 23
14214  03 04 06 10 16 20 24
14215  03 04 06 10 16 20 26
14216  03 04 06 10 16 20 30
14217  03 04 06 10 16 20 31
14218  03 04 06 10 16 21 22
14219  03 04 06 10 16 21 23
14220  03 04 06 10 16 21 24
14221  03 04 06 10 16 21 26
14222  03 04 06 10 16 21 30
14223  03 04 06 10 16 21 31
14224  03 04 06 10 16 22 23
14225  03 04 06 10 16 22 24
14226  03 04 06 10 16 22 26
14227  03 04 06 10 16 22 30
14228  03 04 06 10 16 22 31
14229  03 04 06 10 16 23 24
14230  03 04 06 10 16 23 26
14231  03 04 06 10 16 23 30
14232  03 04 06 10 16 23 31
14233  03 04 06 10 16 24 26
14234  03 04 06 10 16 24 30
14235  03 04 06 10 16 24 31
14236  03 04 06 10 16 26 30
14237  03 04 06 10 16 26 31
14238  03 04 06 10 20 21 22
14239  03 04 06 10 20 21 23
14240  03 04 06 10 20 21 24
14241  03 04 06 10 20 21 26
14242  03 04 06 10 20 21 30
14243  03 04 06 10 20 21 31
14244  03 04 06 10 20 22 23
14245  03 04 06 10 20 22 24
14246  03 04 06 10 20 22 26
14247  03 04 06 10 20 22 30
14248  03 04 06 10 20 22 31
14249  03 04 06 10 20 23 24
14250  03 04 06 10 20 23 26
14251  03 04 06 10 20 23 30
14252  03 04 06 10 20 23 31
14253  03 04 06 10 20 24 26
14254  03 04 06 10 20 24 30
14255  03 04 06 10 20 24 31
14256  03 04 06 10 20 26 30
14257  03 04 06 10 20 26 31
14258  03 04 06 10 20 30 31
14259  03 04 06 10 21 22 23
14260  03 04 06 10 21 22 24
14261  03 04 06 10 21 22 26
14262  03 04 06 10 21 22 30
14263  03 04 06 10 21 22 31
14264  03 04 06 10 21 23 24
14265  03 04 06 10 21 23 26
14266  03 04 06 10 21 23 30
14267  03 04 06 10 21 23 31
14268  03 04 06 10 21 24 26
14269  03 04 06 10 21 24 30
14270  03 04 06 10 21 24 31
14271  03 04 06 10 21 26 30
14272  03 04 06 10 21 26 31
14273  03 04 06 10 21 30 31
14274  03 04 06 10 22 23 24
14275  03 04 06 10 22 23 26
14276  03 04 06 10 22 23 30
14277  03 04 06 10 22 23 31
14278  03 04 06 10 22 24 26
14279  03 04 06 10 22 24 30
14280  03 04 06 10 22 24 31
14281  03 04 06 10 22 26 30
14282  03 04 06 10 22 26 31
14283  03 04 06 10 22 30 31
14284  03 04 06 10 23 24 26
14285  03 04 06 10 23 24 30
14286  03 04 06 10 23 24 31
14287  03 04 06 10 23 26 30
14288  03 04 06 10 23 26 31
14289  03 04 06 10 23 30 31
14290  03 04 06 10 24 26 30
14291  03 04 06 10 24 26 31
14292  03 04 06 10 24 30 31
14293  03 04 06 10 26 30 31
14294  03 04 06 11 12 13 14
14295  03 04 06 11 12 13 16
14296  03 04 06 11 12 13 20
14297  03 04 06 11 12 13 21
14298  03 04 06 11 12 13 22
14299  03 04 06 11 12 13 23
14300  03 04 06 11 12 13 24
14301  03 04 06 11 12 13 26
14302  03 04 06 11 12 13 30
14303  03 04 06 11 12 13 31
14304  03 04 06 11 12 14 16
14305  03 04 06 11 12 14 20
14306  03 04 06 11 12 14 21
14307  03 04 06 11 12 14 22
14308  03 04 06 11 12 14 23
14309  03 04 06 11 12 14 24
14310  03 04 06 11 12 14 26
14311  03 04 06 11 12 14 30
14312  03 04 06 11 12 14 31
14313  03 04 06 11 12 16 20
14314  03 04 06 11 12 16 21
14315  03 04 06 11 12 16 22
14316  03 04 06 11 12 16 23
14317  03 04 06 11 12 16 24
14318  03 04 06 11 12 16 26
14319  03 04 06 11 12 16 30
14320  03 04 06 11 12 16 31
14321  03 04 06 11 12 20 21
14322  03 04 06 11 12 20 22
14323  03 04 06 11 12 20 23
14324  03 04 06 11 12 20 24
14325  03 04 06 11 12 20 26
14326  03 04 06 11 12 20 30
14327  03 04 06 11 12 20 31
14328  03 04 06 11 12 21 22
14329  03 04 06 11 12 21 23
14330  03 04 06 11 12 21 24
14331  03 04 06 11 12 21 26
14332  03 04 06 11 12 21 30
14333  03 04 06 11 12 21 31
14334  03 04 06 11 12 22 23
14335  03 04 06 11 12 22 24
14336  03 04 06 11 12 22 26
14337  03 04 06 11 12 22 30
14338  03 04 06 11 12 22 31
14339  03 04 06 11 12 23 24
14340  03 04 06 11 12 23 26
14341  03 04 06 11 12 23 30
14342  03 04 06 11 12 23 31
14343  03 04 06 11 12 24 26
14344  03 04 06 11 12 24 30
14345  03 04 06 11 12 24 31
14346  03 04 06 11 12 26 30
14347  03 04 06 11 12 26 31
14348  03 04 06 11 12 30 31
14349  03 04 06 11 13 14 20
14350  03 04 06 11 13 14 21
14351  03 04 06 11 13 14 22
14352  03 04 06 11 13 14 23
14353  03 04 06 11 13 14 24
14354  03 04 06 11 13 14 26
14355  03 04 06 11 13 16 20
14356  03 04 06 11 13 16 21
14357  03 04 06 11 13 16 22
14358  03 04 06 11 13 16 23
14359  03 04 06 11 13 16 24
14360  03 04 06 11 13 16 26
14361  03 04 06 11 13 20 21
14362  03 04 06 11 13 20 22
14363  03 04 06 11 13 20 23
14364  03 04 06 11 13 20 24
14365  03 04 06 11 13 20 26
14366  03 04 06 11 13 20 30
14367  03 04 06 11 13 20 31
14368  03 04 06 11 13 21 22
14369  03 04 06 11 13 21 23
14370  03 04 06 11 13 21 24
14371  03 04 06 11 13 21 26
14372  03 04 06 11 13 21 30
14373  03 04 06 11 13 21 31
14374  03 04 06 11 13 22 23
14375  03 04 06 11 13 22 24
14376  03 04 06 11 13 22 26
14377  03 04 06 11 13 22 30
14378  03 04 06 11 13 22 31
14379  03 04 06 11 13 23 24
14380  03 04 06 11 13 23 26
14381  03 04 06 11 13 23 30
14382  03 04 06 11 13 23 31
14383  03 04 06 11 13 24 26
14384  03 04 06 11 13 24 30
14385  03 04 06 11 13 24 31
14386  03 04 06 11 13 26 30
14387  03 04 06 11 13 26 31
14388  03 04 06 11 14 16 20
14389  03 04 06 11 14 16 21
14390  03 04 06 11 14 16 22
14391  03 04 06 11 14 16 23
14392  03 04 06 11 14 16 24
14393  03 04 06 11 14 16 26
14394  03 04 06 11 14 20 21
14395  03 04 06 11 14 20 22
14396  03 04 06 11 14 20 23
14397  03 04 06 11 14 20 24
14398  03 04 06 11 14 20 26
14399  03 04 06 11 14 20 30
14400  03 04 06 11 14 20 31
14401  03 04 06 11 14 21 22
14402  03 04 06 11 14 21 23
14403  03 04 06 11 14 21 24
14404  03 04 06 11 14 21 26
14405  03 04 06 11 14 21 30
14406  03 04 06 11 14 21 31
14407  03 04 06 11 14 22 23
14408  03 04 06 11 14 22 24
14409  03 04 06 11 14 22 26
14410  03 04 06 11 14 22 30
14411  03 04 06 11 14 22 31
14412  03 04 06 11 14 23 24
14413  03 04 06 11 14 23 26
14414  03 04 06 11 14 23 30
14415  03 04 06 11 14 23 31
14416  03 04 06 11 14 24 26
14417  03 04 06 11 14 24 30
14418  03 04 06 11 14 24 31
14419  03 04 06 11 14 26 30
14420  03 04 06 11 14 26 31
14421  03 04 06 11 16 20 21
14422  03 04 06 11 16 20 22
14423  03 04 06 11 16 20 23
14424  03 04 06 11 16 20 24
14425  03 04 06 11 16 20 26
14426  03 04 06 11 16 20 30
14427  03 04 06 11 16 20 31
14428  03 04 06 11 16 21 22
14429  03 04 06 11 16 21 23
14430  03 04 06 11 16 21 24
14431  03 04 06 11 16 21 26
14432  03 04 06 11 16 21 30
14433  03 04 06 11 16 21 31
14434  03 04 06 11 16 22 23
14435  03 04 06 11 16 22 24
14436  03 04 06 11 16 22 26
14437  03 04 06 11 16 22 30
14438  03 04 06 11 16 22 31
14439  03 04 06 11 16 23 24
14440  03 04 06 11 16 23 26
14441  03 04 06 11 16 23 30
14442  03 04 06 11 16 23 31
14443  03 04 06 11 16 24 26
14444  03 04 06 11 16 24 30
14445  03 04 06 11 16 24 31
14446  03 04 06 11 16 26 30
14447  03 04 06 11 16 26 31
14448  03 04 06 11 20 21 22
14449  03 04 06 11 20 21 23
14450  03 04 06 11 20 21 24
14451  03 04 06 11 20 21 26
14452  03 04 06 11 20 21 30
14453  03 04 06 11 20 21 31
14454  03 04 06 11 20 22 23
14455  03 04 06 11 20 22 24
14456  03 04 06 11 20 22 26
14457  03 04 06 11 20 22 30
14458  03 04 06 11 20 22 31
14459  03 04 06 11 20 23 24
14460  03 04 06 11 20 23 26
14461  03 04 06 11 20 23 30
14462  03 04 06 11 20 23 31
14463  03 04 06 11 20 24 26
14464  03 04 06 11 20 24 30
14465  03 04 06 11 20 24 31
14466  03 04 06 11 20 26 30
14467  03 04 06 11 20 26 31
14468  03 04 06 11 20 30 31
14469  03 04 06 11 21 22 23
14470  03 04 06 11 21 22 24
14471  03 04 06 11 21 22 26
14472  03 04 06 11 21 22 30
14473  03 04 06 11 21 22 31
14474  03 04 06 11 21 23 24
14475  03 04 06 11 21 23 26
14476  03 04 06 11 21 23 30
14477  03 04 06 11 21 23 31
14478  03 04 06 11 21 24 26
14479  03 04 06 11 21 24 30
14480  03 04 06 11 21 24 31
14481  03 04 06 11 21 26 30
14482  03 04 06 11 21 26 31
14483  03 04 06 11 21 30 31
14484  03 04 06 11 22 23 24
14485  03 04 06 11 22 23 26
14486  03 04 06 11 22 23 30
14487  03 04 06 11 22 23 31
14488  03 04 06 11 22 24 26
14489  03 04 06 11 22 24 30
14490  03 04 06 11 22 24 31
14491  03 04 06 11 22 26 30
14492  03 04 06 11 22 26 31
14493  03 04 06 11 22 30 31
14494  03 04 06 11 23 24 26
14495  03 04 06 11 23 24 30
14496  03 04 06 11 23 24 31
14497  03 04 06 11 23 26 30
14498  03 04 06 11 23 26 31
14499  03 04 06 11 23 30 31
14500  03 04 06 11 24 26 30
14501  03 04 06 11 24 26 31
14502  03 04 06 11 24 30 31
14503  03 04 06 11 26 30 31
14504  03 04 06 12 13 14 16
14505  03 04 06 12 13 14 20
14506  03 04 06 12 13 14 21
14507  03 04 06 12 13 14 22
14508  03 04 06 12 13 14 23
14509  03 04 06 12 13 14 24
14510  03 04 06 12 13 14 26
14511  03 04 06 12 13 14 30
14512  03 04 06 12 13 14 31
14513  03 04 06 12 13 16 20
14514  03 04 06 12 13 16 21
14515  03 04 06 12 13 16 22
14516  03 04 06 12 13 16 23
14517  03 04 06 12 13 16 24
14518  03 04 06 12 13 16 26
14519  03 04 06 12 13 16 30
14520  03 04 06 12 13 16 31
14521  03 04 06 12 13 20 21
14522  03 04 06 12 13 20 22
14523  03 04 06 12 13 20 23
14524  03 04 06 12 13 20 24
14525  03 04 06 12 13 20 26
14526  03 04 06 12 13 20 30
14527  03 04 06 12 13 20 31
14528  03 04 06 12 13 21 22
14529  03 04 06 12 13 21 23
14530  03 04 06 12 13 21 24
14531  03 04 06 12 13 21 26
14532  03 04 06 12 13 21 30
14533  03 04 06 12 13 21 31
14534  03 04 06 12 13 22 23
14535  03 04 06 12 13 22 24
14536  03 04 06 12 13 22 26
14537  03 04 06 12 13 22 30
14538  03 04 06 12 13 22 31
14539  03 04 06 12 13 23 24
14540  03 04 06 12 13 23 26
14541  03 04 06 12 13 23 30
14542  03 04 06 12 13 23 31
14543  03 04 06 12 13 24 26
14544  03 04 06 12 13 24 30
14545  03 04 06 12 13 24 31
14546  03 04 06 12 13 26 30
14547  03 04 06 12 13 26 31
14548  03 04 06 12 13 30 31
14549  03 04 06 12 14 16 20
14550  03 04 06 12 14 16 21
14551  03 04 06 12 14 16 22
14552  03 04 06 12 14 16 23
14553  03 04 06 12 14 16 24
14554  03 04 06 12 14 16 26
14555  03 04 06 12 14 16 30
14556  03 04 06 12 14 16 31
14557  03 04 06 12 14 20 21
14558  03 04 06 12 14 20 22
14559  03 04 06 12 14 20 23
14560  03 04 06 12 14 20 24
14561  03 04 06 12 14 20 26
14562  03 04 06 12 14 20 30
14563  03 04 06 12 14 20 31
14564  03 04 06 12 14 21 22
14565  03 04 06 12 14 21 23
14566  03 04 06 12 14 21 24
14567  03 04 06 12 14 21 26
14568  03 04 06 12 14 21 30
14569  03 04 06 12 14 21 31
14570  03 04 06 12 14 22 23
14571  03 04 06 12 14 22 24
14572  03 04 06 12 14 22 26
14573  03 04 06 12 14 22 30
14574  03 04 06 12 14 22 31
14575  03 04 06 12 14 23 24
14576  03 04 06 12 14 23 26
14577  03 04 06 12 14 23 30
14578  03 04 06 12 14 23 31
14579  03 04 06 12 14 24 26
14580  03 04 06 12 14 24 30
14581  03 04 06 12 14 24 31
14582  03 04 06 12 14 26 30
14583  03 04 06 12 14 26 31
14584  03 04 06 12 14 30 31
14585  03 04 06 12 16 20 21
14586  03 04 06 12 16 20 22
14587  03 04 06 12 16 20 23
14588  03 04 06 12 16 20 24
14589  03 04 06 12 16 20 26
14590  03 04 06 12 16 20 30
14591  03 04 06 12 16 20 31
14592  03 04 06 12 16 21 22
14593  03 04 06 12 16 21 23
14594  03 04 06 12 16 21 24
14595  03 04 06 12 16 21 26
14596  03 04 06 12 16 21 30
14597  03 04 06 12 16 21 31
14598  03 04 06 12 16 22 23
14599  03 04 06 12 16 22 24
14600  03 04 06 12 16 22 26
14601  03 04 06 12 16 22 30
14602  03 04 06 12 16 22 31
14603  03 04 06 12 16 23 24
14604  03 04 06 12 16 23 26
14605  03 04 06 12 16 23 30
14606  03 04 06 12 16 23 31
14607  03 04 06 12 16 24 26
14608  03 04 06 12 16 24 30
14609  03 04 06 12 16 24 31
14610  03 04 06 12 16 26 30
14611  03 04 06 12 16 26 31
14612  03 04 06 12 16 30 31
14613  03 04 06 12 20 21 22
14614  03 04 06 12 20 21 23
14615  03 04 06 12 20 21 24
14616  03 04 06 12 20 21 26
14617  03 04 06 12 20 21 30
14618  03 04 06 12 20 21 31
14619  03 04 06 12 20 22 23
14620  03 04 06 12 20 22 24
14621  03 04 06 12 20 22 26
14622  03 04 06 12 20 22 30
14623  03 04 06 12 20 22 31
14624  03 04 06 12 20 23 24
14625  03 04 06 12 20 23 26
14626  03 04 06 12 20 23 30
14627  03 04 06 12 20 23 31
14628  03 04 06 12 20 24 26
14629  03 04 06 12 20 24 30
14630  03 04 06 12 20 24 31
14631  03 04 06 12 20 26 30
14632  03 04 06 12 20 26 31
14633  03 04 06 12 20 30 31
14634  03 04 06 12 21 22 23
14635  03 04 06 12 21 22 24
14636  03 04 06 12 21 22 26
14637  03 04 06 12 21 22 30
14638  03 04 06 12 21 22 31
14639  03 04 06 12 21 23 24
14640  03 04 06 12 21 23 26
14641  03 04 06 12 21 23 30
14642  03 04 06 12 21 23 31
14643  03 04 06 12 21 24 26
14644  03 04 06 12 21 24 30
14645  03 04 06 12 21 24 31
14646  03 04 06 12 21 26 30
14647  03 04 06 12 21 26 31
14648  03 04 06 12 21 30 31
14649  03 04 06 12 22 23 24
14650  03 04 06 12 22 23 26
14651  03 04 06 12 22 23 30
14652  03 04 06 12 22 23 31
14653  03 04 06 12 22 24 26
14654  03 04 06 12 22 24 30
14655  03 04 06 12 22 24 31
14656  03 04 06 12 22 26 30
14657  03 04 06 12 22 26 31
14658  03 04 06 12 22 30 31
14659  03 04 06 12 23 24 26
14660  03 04 06 12 23 24 30
14661  03 04 06 12 23 24 31
14662  03 04 06 12 23 26 30
14663  03 04 06 12 23 26 31
14664  03 04 06 12 23 30 31
14665  03 04 06 12 24 26 30
14666  03 04 06 12 24 26 31
14667  03 04 06 12 24 30 31
14668  03 04 06 12 26 30 31
14669  03 04 06 13 14 16 20
14670  03 04 06 13 14 16 21
14671  03 04 06 13 14 16 22
14672  03 04 06 13 14 16 23
14673  03 04 06 13 14 16 24
14674  03 04 06 13 14 16 26
14675  03 04 06 13 14 20 21
14676  03 04 06 13 14 20 22
14677  03 04 06 13 14 20 23
14678  03 04 06 13 14 20 24
14679  03 04 06 13 14 20 26
14680  03 04 06 13 14 20 30
14681  03 04 06 13 14 20 31
14682  03 04 06 13 14 21 22
14683  03 04 06 13 14 21 23
14684  03 04 06 13 14 21 24
14685  03 04 06 13 14 21 26
14686  03 04 06 13 14 21 30
14687  03 04 06 13 14 21 31
14688  03 04 06 13 14 22 23
14689  03 04 06 13 14 22 24
14690  03 04 06 13 14 22 26
14691  03 04 06 13 14 22 30
14692  03 04 06 13 14 22 31
14693  03 04 06 13 14 23 24
14694  03 04 06 13 14 23 26
14695  03 04 06 13 14 23 30
14696  03 04 06 13 14 23 31
14697  03 04 06 13 14 24 26
14698  03 04 06 13 14 24 30
14699  03 04 06 13 14 24 31
14700  03 04 06 13 14 26 30
14701  03 04 06 13 14 26 31
14702  03 04 06 13 16 20 21
14703  03 04 06 13 16 20 22
14704  03 04 06 13 16 20 23
14705  03 04 06 13 16 20 24
14706  03 04 06 13 16 20 26
14707  03 04 06 13 16 20 30
14708  03 04 06 13 16 20 31
14709  03 04 06 13 16 21 22
14710  03 04 06 13 16 21 23
14711  03 04 06 13 16 21 24
14712  03 04 06 13 16 21 26
14713  03 04 06 13 16 21 30
14714  03 04 06 13 16 21 31
14715  03 04 06 13 16 22 23
14716  03 04 06 13 16 22 24
14717  03 04 06 13 16 22 26
14718  03 04 06 13 16 22 30
14719  03 04 06 13 16 22 31
14720  03 04 06 13 16 23 24
14721  03 04 06 13 16 23 26
14722  03 04 06 13 16 23 30
14723  03 04 06 13 16 23 31
14724  03 04 06 13 16 24 26
14725  03 04 06 13 16 24 30
14726  03 04 06 13 16 24 31
14727  03 04 06 13 16 26 30
14728  03 04 06 13 16 26 31
14729  03 04 06 13 20 21 22
14730  03 04 06 13 20 21 23
14731  03 04 06 13 20 21 24
14732  03 04 06 13 20 21 26
14733  03 04 06 13 20 21 30
14734  03 04 06 13 20 21 31
14735  03 04 06 13 20 22 23
14736  03 04 06 13 20 22 24
14737  03 04 06 13 20 22 26
14738  03 04 06 13 20 22 30
14739  03 04 06 13 20 22 31
14740  03 04 06 13 20 23 24
14741  03 04 06 13 20 23 26
14742  03 04 06 13 20 23 30
14743  03 04 06 13 20 23 31
14744  03 04 06 13 20 24 26
14745  03 04 06 13 20 24 30
14746  03 04 06 13 20 24 31
14747  03 04 06 13 20 26 30
14748  03 04 06 13 20 26 31
14749  03 04 06 13 20 30 31
14750  03 04 06 13 21 22 23
14751  03 04 06 13 21 22 24
14752  03 04 06 13 21 22 26
14753  03 04 06 13 21 22 30
14754  03 04 06 13 21 22 31
14755  03 04 06 13 21 23 24
14756  03 04 06 13 21 23 26
14757  03 04 06 13 21 23 30
14758  03 04 06 13 21 23 31
14759  03 04 06 13 21 24 26
14760  03 04 06 13 21 24 30
14761  03 04 06 13 21 24 31
14762  03 04 06 13 21 26 30
14763  03 04 06 13 21 26 31
14764  03 04 06 13 21 30 31
14765  03 04 06 13 22 23 24
14766  03 04 06 13 22 23 26
14767  03 04 06 13 22 23 30
14768  03 04 06 13 22 23 31
14769  03 04 06 13 22 24 26
14770  03 04 06 13 22 24 30
14771  03 04 06 13 22 24 31
14772  03 04 06 13 22 26 30
14773  03 04 06 13 22 26 31
14774  03 04 06 13 22 30 31
14775  03 04 06 13 23 24 26
14776  03 04 06 13 23 24 30
14777  03 04 06 13 23 24 31
14778  03 04 06 13 23 26 30
14779  03 04 06 13 23 26 31
14780  03 04 06 13 23 30 31
14781  03 04 06 13 24 26 30
14782  03 04 06 13 24 26 31
14783  03 04 06 13 24 30 31
14784  03 04 06 13 26 30 31
14785  03 04 06 14 16 20 21
14786  03 04 06 14 16 20 22
14787  03 04 06 14 16 20 23
14788  03 04 06 14 16 20 24
14789  03 04 06 14 16 20 26
14790  03 04 06 14 16 20 30
14791  03 04 06 14 16 20 31
14792  03 04 06 14 16 21 22
14793  03 04 06 14 16 21 23
14794  03 04 06 14 16 21 24
14795  03 04 06 14 16 21 26
14796  03 04 06 14 16 21 30
14797  03 04 06 14 16 21 31
14798  03 04 06 14 16 22 23
14799  03 04 06 14 16 22 24
14800  03 04 06 14 16 22 26
14801  03 04 06 14 16 22 30
14802  03 04 06 14 16 22 31
14803  03 04 06 14 16 23 24
14804  03 04 06 14 16 23 26
14805  03 04 06 14 16 23 30
14806  03 04 06 14 16 23 31
14807  03 04 06 14 16 24 26
14808  03 04 06 14 16 24 30
14809  03 04 06 14 16 24 31
14810  03 04 06 14 16 26 30
14811  03 04 06 14 16 26 31
14812  03 04 06 14 20 21 22
14813  03 04 06 14 20 21 23
14814  03 04 06 14 20 21 24
14815  03 04 06 14 20 21 26
14816  03 04 06 14 20 21 30
14817  03 04 06 14 20 21 31
14818  03 04 06 14 20 22 23
14819  03 04 06 14 20 22 24
14820  03 04 06 14 20 22 26
14821  03 04 06 14 20 22 30
14822  03 04 06 14 20 22 31
14823  03 04 06 14 20 23 24
14824  03 04 06 14 20 23 26
14825  03 04 06 14 20 23 30
14826  03 04 06 14 20 23 31
14827  03 04 06 14 20 24 26
14828  03 04 06 14 20 24 30
14829  03 04 06 14 20 24 31
14830  03 04 06 14 20 26 30
14831  03 04 06 14 20 26 31
14832  03 04 06 14 20 30 31
14833  03 04 06 14 21 22 23
14834  03 04 06 14 21 22 24
14835  03 04 06 14 21 22 26
14836  03 04 06 14 21 22 30
14837  03 04 06 14 21 22 31
14838  03 04 06 14 21 23 24
14839  03 04 06 14 21 23 26
14840  03 04 06 14 21 23 30
14841  03 04 06 14 21 23 31
14842  03 04 06 14 21 24 26
14843  03 04 06 14 21 24 30
14844  03 04 06 14 21 24 31
14845  03 04 06 14 21 26 30
14846  03 04 06 14 21 26 31
14847  03 04 06 14 21 30 31
14848  03 04 06 14 22 23 24
14849  03 04 06 14 22 23 26
14850  03 04 06 14 22 23 30
14851  03 04 06 14 22 23 31
14852  03 04 06 14 22 24 26
14853  03 04 06 14 22 24 30
14854  03 04 06 14 22 24 31
14855  03 04 06 14 22 26 30
14856  03 04 06 14 22 26 31
14857  03 04 06 14 22 30 31
14858  03 04 06 14 23 24 26
14859  03 04 06 14 23 24 30
14860  03 04 06 14 23 24 31
14861  03 04 06 14 23 26 30
14862  03 04 06 14 23 26 31
14863  03 04 06 14 23 30 31
14864  03 04 06 14 24 26 30
14865  03 04 06 14 24 26 31
14866  03 04 06 14 24 30 31
14867  03 04 06 14 26 30 31
14868  03 04 06 16 20 21 22
14869  03 04 06 16 20 21 23
14870  03 04 06 16 20 21 24
14871  03 04 06 16 20 21 26
14872  03 04 06 16 20 21 30
14873  03 04 06 16 20 21 31
14874  03 04 06 16 20 22 23
14875  03 04 06 16 20 22 24
14876  03 04 06 16 20 22 26
14877  03 04 06 16 20 22 30
14878  03 04 06 16 20 22 31
14879  03 04 06 16 20 23 24
14880  03 04 06 16 20 23 26
14881  03 04 06 16 20 23 30
14882  03 04 06 16 20 23 31
14883  03 04 06 16 20 24 26
14884  03 04 06 16 20 24 30
14885  03 04 06 16 20 24 31
14886  03 04 06 16 20 26 30
14887  03 04 06 16 20 26 31
14888  03 04 06 16 20 30 31
14889  03 04 06 16 21 22 23
14890  03 04 06 16 21 22 24
14891  03 04 06 16 21 22 26
14892  03 04 06 16 21 22 30
14893  03 04 06 16 21 22 31
14894  03 04 06 16 21 23 24
14895  03 04 06 16 21 23 26
14896  03 04 06 16 21 23 30
14897  03 04 06 16 21 23 31
14898  03 04 06 16 21 24 26
14899  03 04 06 16 21 24 30
14900  03 04 06 16 21 24 31
14901  03 04 06 16 21 26 30
14902  03 04 06 16 21 26 31
14903  03 04 06 16 21 30 31
14904  03 04 06 16 22 23 24
14905  03 04 06 16 22 23 26
14906  03 04 06 16 22 23 30
14907  03 04 06 16 22 23 31
14908  03 04 06 16 22 24 26
14909  03 04 06 16 22 24 30
14910  03 04 06 16 22 24 31
14911  03 04 06 16 22 26 30
14912  03 04 06 16 22 26 31
14913  03 04 06 16 22 30 31
14914  03 04 06 16 23 24 26
14915  03 04 06 16 23 24 30
14916  03 04 06 16 23 24 31
14917  03 04 06 16 23 26 30
14918  03 04 06 16 23 26 31
14919  03 04 06 16 23 30 31
14920  03 04 06 16 24 26 30
14921  03 04 06 16 24 26 31
14922  03 04 06 16 24 30 31
14923  03 04 06 16 26 30 31
14924  03 04 06 20 21 22 23
14925  03 04 06 20 21 22 24
14926  03 04 06 20 21 22 26
14927  03 04 06 20 21 22 30
14928  03 04 06 20 21 22 31
14929  03 04 06 20 21 23 24
14930  03 04 06 20 21 23 26
14931  03 04 06 20 21 23 30
14932  03 04 06 20 21 23 31
14933  03 04 06 20 21 24 26
14934  03 04 06 20 21 24 30
14935  03 04 06 20 21 24 31
14936  03 04 06 20 21 26 30
14937  03 04 06 20 21 26 31
14938  03 04 06 20 21 30 31
14939  03 04 06 20 22 23 31
14940  03 04 06 20 22 24 31
14941  03 04 06 20 22 26 31
14942  03 04 06 20 22 30 31
14943  03 04 06 20 23 24 31
14944  03 04 06 20 23 26 31
14945  03 04 06 20 23 30 31
14946  03 04 06 20 24 26 31
14947  03 04 06 20 24 30 31
14948  03 04 06 20 26 30 31
14949  03 04 06 21 22 23 24
14950  03 04 06 21 22 23 26
14951  03 04 06 21 22 23 30
14952  03 04 06 21 22 23 31
14953  03 04 06 21 22 24 26
14954  03 04 06 21 22 24 30
14955  03 04 06 21 22 24 31
14956  03 04 06 21 22 26 30
14957  03 04 06 21 22 26 31
14958  03 04 06 21 22 30 31
14959  03 04 06 21 23 24 26
14960  03 04 06 21 23 24 30
14961  03 04 06 21 23 24 31
14962  03 04 06 21 23 26 30
14963  03 04 06 21 23 26 31
14964  03 04 06 21 23 30 31
14965  03 04 06 21 24 26 30
14966  03 04 06 21 24 26 31
14967  03 04 06 21 24 30 31
14968  03 04 06 21 26 30 31
14969  03 04 06 22 23 24 31
14970  03 04 06 22 23 26 31
14971  03 04 06 22 23 30 31
14972  03 04 06 22 24 26 31
14973  03 04 06 22 24 30 31
14974  03 04 06 22 26 30 31
14975  03 04 06 23 24 26 31
14976  03 04 06 23 24 30 31
14977  03 04 06 23 26 30 31
14978  03 04 06 24 26 30 31
14979  03 04 10 11 12 13 16
14980  03 04 10 11 12 13 26
14981  03 04 10 11 12 14 16
14982  03 04 10 11 12 14 26
14983  03 04 10 11 12 16 20
14984  03 04 10 11 12 16 21
14985  03 04 10 11 12 16 22
14986  03 04 10 11 12 16 23
14987  03 04 10 11 12 16 24
14988  03 04 10 11 12 16 26
14989  03 04 10 11 12 16 30
14990  03 04 10 11 12 16 31
14991  03 04 10 11 12 20 26
14992  03 04 10 11 12 21 26
14993  03 04 10 11 12 22 26
14994  03 04 10 11 12 23 26
14995  03 04 10 11 12 24 26
14996  03 04 10 11 12 26 30
14997  03 04 10 11 12 26 31
14998  03 04 10 11 13 14 26
14999  03 04 10 11 13 16 20
15000  03 04 10 11 13 16 21
15001  03 04 10 11 13 16 22
15002  03 04 10 11 13 16 23
15003  03 04 10 11 13 16 24
15004  03 04 10 11 13 16 26
15005  03 04 10 11 13 20 26
15006  03 04 10 11 13 21 26
15007  03 04 10 11 13 22 26
15008  03 04 10 11 13 23 26
15009  03 04 10 11 13 24 26
15010  03 04 10 11 13 26 30
15011  03 04 10 11 13 26 31
15012  03 04 10 11 14 16 20
15013  03 04 10 11 14 16 21
15014  03 04 10 11 14 16 22
15015  03 04 10 11 14 16 23
15016  03 04 10 11 14 16 24
15017  03 04 10 11 14 16 26
15018  03 04 10 11 14 20 26
15019  03 04 10 11 14 21 26
15020  03 04 10 11 14 22 26
15021  03 04 10 11 14 23 26
15022  03 04 10 11 14 24 26
15023  03 04 10 11 14 26 30
15024  03 04 10 11 14 26 31
15025  03 04 10 11 16 20 21
15026  03 04 10 11 16 20 22
15027  03 04 10 11 16 20 23
15028  03 04 10 11 16 20 24
15029  03 04 10 11 16 20 26
15030  03 04 10 11 16 20 30
15031  03 04 10 11 16 20 31
15032  03 04 10 11 16 21 22
15033  03 04 10 11 16 21 23
15034  03 04 10 11 16 21 24
15035  03 04 10 11 16 21 26
15036  03 04 10 11 16 21 30
15037  03 04 10 11 16 21 31
15038  03 04 10 11 16 22 23
15039  03 04 10 11 16 22 24
15040  03 04 10 11 16 22 26
15041  03 04 10 11 16 22 30
15042  03 04 10 11 16 22 31
15043  03 04 10 11 16 23 24
15044  03 04 10 11 16 23 26
15045  03 04 10 11 16 23 30
15046  03 04 10 11 16 23 31
15047  03 04 10 11 16 24 26
15048  03 04 10 11 16 24 30
15049  03 04 10 11 16 24 31
15050  03 04 10 11 16 26 30
15051  03 04 10 11 16 26 31
15052  03 04 10 11 20 21 26
15053  03 04 10 11 20 22 26
15054  03 04 10 11 20 23 26
15055  03 04 10 11 20 24 26
15056  03 04 10 11 20 26 30
15057  03 04 10 11 20 26 31
15058  03 04 10 11 21 22 26
15059  03 04 10 11 21 23 26
15060  03 04 10 11 21 24 26
15061  03 04 10 11 21 26 30
15062  03 04 10 11 21 26 31
15063  03 04 10 11 22 23 26
15064  03 04 10 11 22 24 26
15065  03 04 10 11 22 26 30
15066  03 04 10 11 22 26 31
15067  03 04 10 11 23 24 26
15068  03 04 10 11 23 26 30
15069  03 04 10 11 23 26 31
15070  03 04 10 11 24 26 30
15071  03 04 10 11 24 26 31
15072  03 04 10 11 26 30 31
15073  03 04 10 12 13 14 16
15074  03 04 10 12 13 14 26
15075  03 04 10 12 13 16 20
15076  03 04 10 12 13 16 21
15077  03 04 10 12 13 16 22
15078  03 04 10 12 13 16 23
15079  03 04 10 12 13 16 24
15080  03 04 10 12 13 16 26
15081  03 04 10 12 13 16 30
15082  03 04 10 12 13 16 31
15083  03 04 10 12 13 20 26
15084  03 04 10 12 13 21 26
15085  03 04 10 12 13 22 26
15086  03 04 10 12 13 23 26
15087  03 04 10 12 13 24 26
15088  03 04 10 12 13 26 30
15089  03 04 10 12 13 26 31
15090  03 04 10 12 14 16 20
15091  03 04 10 12 14 16 21
15092  03 04 10 12 14 16 22
15093  03 04 10 12 14 16 23
15094  03 04 10 12 14 16 24
15095  03 04 10 12 14 16 26
15096  03 04 10 12 14 16 30
15097  03 04 10 12 14 16 31
15098  03 04 10 12 14 20 26
15099  03 04 10 12 14 21 26
15100  03 04 10 12 14 22 26
15101  03 04 10 12 14 23 26
15102  03 04 10 12 14 24 26
15103  03 04 10 12 14 26 30
15104  03 04 10 12 14 26 31
15105  03 04 10 12 16 20 21
15106  03 04 10 12 16 20 22
15107  03 04 10 12 16 20 23
15108  03 04 10 12 16 20 24
15109  03 04 10 12 16 20 26
15110  03 04 10 12 16 20 30
15111  03 04 10 12 16 20 31
15112  03 04 10 12 16 21 22
15113  03 04 10 12 16 21 23
15114  03 04 10 12 16 21 24
15115  03 04 10 12 16 21 26
15116  03 04 10 12 16 21 30
15117  03 04 10 12 16 21 31
15118  03 04 10 12 16 22 23
15119  03 04 10 12 16 22 24
15120  03 04 10 12 16 22 26
15121  03 04 10 12 16 22 30
15122  03 04 10 12 16 22 31
15123  03 04 10 12 16 23 24
15124  03 04 10 12 16 23 26
15125  03 04 10 12 16 23 30
15126  03 04 10 12 16 23 31
15127  03 04 10 12 16 24 26
15128  03 04 10 12 16 24 30
15129  03 04 10 12 16 24 31
15130  03 04 10 12 16 26 30
15131  03 04 10 12 16 26 31
15132  03 04 10 12 16 30 31
15133  03 04 10 12 20 21 26
15134  03 04 10 12 20 22 26
15135  03 04 10 12 20 23 26
15136  03 04 10 12 20 24 26
15137  03 04 10 12 20 26 30
15138  03 04 10 12 20 26 31
15139  03 04 10 12 21 22 26
15140  03 04 10 12 21 23 26
15141  03 04 10 12 21 24 26
15142  03 04 10 12 21 26 30
15143  03 04 10 12 21 26 31
15144  03 04 10 12 22 23 26
15145  03 04 10 12 22 24 26
15146  03 04 10 12 22 26 30
15147  03 04 10 12 22 26 31
15148  03 04 10 12 23 24 26
15149  03 04 10 12 23 26 30
15150  03 04 10 12 23 26 31
15151  03 04 10 12 24 26 30
15152  03 04 10 12 24 26 31
15153  03 04 10 12 26 30 31
15154  03 04 10 13 14 16 20
15155  03 04 10 13 14 16 21
15156  03 04 10 13 14 16 22
15157  03 04 10 13 14 16 23
15158  03 04 10 13 14 16 24
15159  03 04 10 13 14 16 26
15160  03 04 10 13 14 20 26
15161  03 04 10 13 14 21 26
15162  03 04 10 13 14 22 26
15163  03 04 10 13 14 23 26
15164  03 04 10 13 14 24 26
15165  03 04 10 13 14 26 30
15166  03 04 10 13 14 26 31
15167  03 04 10 13 16 20 21
15168  03 04 10 13 16 20 22
15169  03 04 10 13 16 20 23
15170  03 04 10 13 16 20 24
15171  03 04 10 13 16 20 26
15172  03 04 10 13 16 20 30
15173  03 04 10 13 16 20 31
15174  03 04 10 13 16 21 22
15175  03 04 10 13 16 21 23
15176  03 04 10 13 16 21 24
15177  03 04 10 13 16 21 26
15178  03 04 10 13 16 21 30
15179  03 04 10 13 16 21 31
15180  03 04 10 13 16 22 23
15181  03 04 10 13 16 22 24
15182  03 04 10 13 16 22 26
15183  03 04 10 13 16 22 30
15184  03 04 10 13 16 22 31
15185  03 04 10 13 16 23 24
15186  03 04 10 13 16 23 26
15187  03 04 10 13 16 23 30
15188  03 04 10 13 16 23 31
15189  03 04 10 13 16 24 26
15190  03 04 10 13 16 24 30
15191  03 04 10 13 16 24 31
15192  03 04 10 13 16 26 30
15193  03 04 10 13 16 26 31
15194  03 04 10 13 20 21 26
15195  03 04 10 13 20 22 26
15196  03 04 10 13 20 23 26
15197  03 04 10 13 20 24 26
15198  03 04 10 13 20 26 30
15199  03 04 10 13 20 26 31
15200  03 04 10 13 21 22 26
15201  03 04 10 13 21 23 26
15202  03 04 10 13 21 24 26
15203  03 04 10 13 21 26 30
15204  03 04 10 13 21 26 31
15205  03 04 10 13 22 23 26
15206  03 04 10 13 22 24 26
15207  03 04 10 13 22 26 30
15208  03 04 10 13 22 26 31
15209  03 04 10 13 23 24 26
15210  03 04 10 13 23 26 30
15211  03 04 10 13 23 26 31
15212  03 04 10 13 24 26 30
15213  03 04 10 13 24 26 31
15214  03 04 10 13 26 30 31
15215  03 04 10 14 16 20 21
15216  03 04 10 14 16 20 22
15217  03 04 10 14 16 20 23
15218  03 04 10 14 16 20 24
15219  03 04 10 14 16 20 26
15220  03 04 10 14 16 20 30
15221  03 04 10 14 16 20 31
15222  03 04 10 14 16 21 22
15223  03 04 10 14 16 21 23
15224  03 04 10 14 16 21 24
15225  03 04 10 14 16 21 26
15226  03 04 10 14 16 21 30
15227  03 04 10 14 16 21 31
15228  03 04 10 14 16 22 23
15229  03 04 10 14 16 22 24
15230  03 04 10 14 16 22 26
15231  03 04 10 14 16 22 30
15232  03 04 10 14 16 22 31
15233  03 04 10 14 16 23 24
15234  03 04 10 14 16 23 26
15235  03 04 10 14 16 23 30
15236  03 04 10 14 16 23 31
15237  03 04 10 14 16 24 26
15238  03 04 10 14 16 24 30
15239  03 04 10 14 16 24 31
15240  03 04 10 14 16 26 30
15241  03 04 10 14 16 26 31
15242  03 04 10 14 20 21 26
15243  03 04 10 14 20 22 26
15244  03 04 10 14 20 23 26
15245  03 04 10 14 20 24 26
15246  03 04 10 14 20 26 30
15247  03 04 10 14 20 26 31
15248  03 04 10 14 21 22 26
15249  03 04 10 14 21 23 26
15250  03 04 10 14 21 24 26
15251  03 04 10 14 21 26 30
15252  03 04 10 14 21 26 31
15253  03 04 10 14 22 23 26
15254  03 04 10 14 22 24 26
15255  03 04 10 14 22 26 30
15256  03 04 10 14 22 26 31
15257  03 04 10 14 23 24 26
15258  03 04 10 14 23 26 30
15259  03 04 10 14 23 26 31
15260  03 04 10 14 24 26 30
15261  03 04 10 14 24 26 31
15262  03 04 10 14 26 30 31
15263  03 04 10 16 20 21 22
15264  03 04 10 16 20 21 23
15265  03 04 10 16 20 21 24
15266  03 04 10 16 20 21 26
15267  03 04 10 16 20 21 30
15268  03 04 10 16 20 21 31
15269  03 04 10 16 20 22 23
15270  03 04 10 16 20 22 24
15271  03 04 10 16 20 22 26
15272  03 04 10 16 20 22 30
15273  03 04 10 16 20 22 31
15274  03 04 10 16 20 23 24
15275  03 04 10 16 20 23 26
15276  03 04 10 16 20 23 30
15277  03 04 10 16 20 23 31
15278  03 04 10 16 20 24 26
15279  03 04 10 16 20 24 30
15280  03 04 10 16 20 24 31
15281  03 04 10 16 20 26 30
15282  03 04 10 16 20 26 31
15283  03 04 10 16 20 30 31
15284  03 04 10 16 21 22 23
15285  03 04 10 16 21 22 24
15286  03 04 10 16 21 22 26
15287  03 04 10 16 21 22 30
15288  03 04 10 16 21 22 31
15289  03 04 10 16 21 23 24
15290  03 04 10 16 21 23 26
15291  03 04 10 16 21 23 30
15292  03 04 10 16 21 23 31
15293  03 04 10 16 21 24 26
15294  03 04 10 16 21 24 30
15295  03 04 10 16 21 24 31
15296  03 04 10 16 21 26 30
15297  03 04 10 16 21 26 31
15298  03 04 10 16 21 30 31
15299  03 04 10 16 22 23 24
15300  03 04 10 16 22 23 26
15301  03 04 10 16 22 23 30
15302  03 04 10 16 22 23 31
15303  03 04 10 16 22 24 26
15304  03 04 10 16 22 24 30
15305  03 04 10 16 22 24 31
15306  03 04 10 16 22 26 30
15307  03 04 10 16 22 26 31
15308  03 04 10 16 22 30 31
15309  03 04 10 16 23 24 26
15310  03 04 10 16 23 24 30
15311  03 04 10 16 23 24 31
15312  03 04 10 16 23 26 30
15313  03 04 10 16 23 26 31
15314  03 04 10 16 23 30 31
15315  03 04 10 16 24 26 30
15316  03 04 10 16 24 26 31
15317  03 04 10 16 24 30 31
15318  03 04 10 16 26 30 31
15319  03 04 10 20 21 22 26
15320  03 04 10 20 21 23 26
15321  03 04 10 20 21 24 26
15322  03 04 10 20 21 26 30
15323  03 04 10 20 21 26 31
15324  03 04 10 20 22 23 26
15325  03 04 10 20 22 24 26
15326  03 04 10 20 22 26 30
15327  03 04 10 20 22 26 31
15328  03 04 10 20 23 24 26
15329  03 04 10 20 23 26 30
15330  03 04 10 20 23 26 31
15331  03 04 10 20 24 26 30
15332  03 04 10 20 24 26 31
15333  03 04 10 20 26 30 31
15334  03 04 10 21 22 23 26
15335  03 04 10 21 22 24 26
15336  03 04 10 21 22 26 30
15337  03 04 10 21 22 26 31
15338  03 04 10 21 23 24 26
15339  03 04 10 21 23 26 30
15340  03 04 10 21 23 26 31
15341  03 04 10 21 24 26 30
15342  03 04 10 21 24 26 31
15343  03 04 10 21 26 30 31
15344  03 04 10 22 23 24 26
15345  03 04 10 22 23 26 30
15346  03 04 10 22 23 26 31
15347  03 04 10 22 24 26 30
15348  03 04 10 22 24 26 31
15349  03 04 10 22 26 30 31
15350  03 04 10 23 24 26 30
15351  03 04 10 23 24 26 31
15352  03 04 10 23 26 30 31
15353  03 04 10 24 26 30 31
15354  03 04 11 12 13 14 16
15355  03 04 11 12 13 14 26
15356  03 04 11 12 13 16 20
15357  03 04 11 12 13 16 21
15358  03 04 11 12 13 16 22
15359  03 04 11 12 13 16 23
15360  03 04 11 12 13 16 24
15361  03 04 11 12 13 16 26
15362  03 04 11 12 13 16 30
15363  03 04 11 12 13 16 31
15364  03 04 11 12 13 20 26
15365  03 04 11 12 13 21 26
15366  03 04 11 12 13 22 26
15367  03 04 11 12 13 23 26
15368  03 04 11 12 13 24 26
15369  03 04 11 12 13 26 30
15370  03 04 11 12 13 26 31
15371  03 04 11 12 14 16 20
15372  03 04 11 12 14 16 21
15373  03 04 11 12 14 16 22
15374  03 04 11 12 14 16 23
15375  03 04 11 12 14 16 24
15376  03 04 11 12 14 16 26
15377  03 04 11 12 14 16 30
15378  03 04 11 12 14 16 31
15379  03 04 11 12 14 20 26
15380  03 04 11 12 14 21 26
15381  03 04 11 12 14 22 26
15382  03 04 11 12 14 23 26
15383  03 04 11 12 14 24 26
15384  03 04 11 12 14 26 30
15385  03 04 11 12 14 26 31
15386  03 04 11 12 16 20 21
15387  03 04 11 12 16 20 22
15388  03 04 11 12 16 20 23
15389  03 04 11 12 16 20 24
15390  03 04 11 12 16 20 26
15391  03 04 11 12 16 20 30
15392  03 04 11 12 16 20 31
15393  03 04 11 12 16 21 22
15394  03 04 11 12 16 21 23
15395  03 04 11 12 16 21 24
15396  03 04 11 12 16 21 26
15397  03 04 11 12 16 21 30
15398  03 04 11 12 16 21 31
15399  03 04 11 12 16 22 23
15400  03 04 11 12 16 22 24
15401  03 04 11 12 16 22 26
15402  03 04 11 12 16 22 30
15403  03 04 11 12 16 22 31
15404  03 04 11 12 16 23 24
15405  03 04 11 12 16 23 26
15406  03 04 11 12 16 23 30
15407  03 04 11 12 16 23 31
15408  03 04 11 12 16 24 26
15409  03 04 11 12 16 24 30
15410  03 04 11 12 16 24 31
15411  03 04 11 12 16 26 30
15412  03 04 11 12 16 26 31
15413  03 04 11 12 16 30 31
15414  03 04 11 12 20 21 26
15415  03 04 11 12 20 22 26
15416  03 04 11 12 20 23 26
15417  03 04 11 12 20 24 26
15418  03 04 11 12 20 26 30
15419  03 04 11 12 20 26 31
15420  03 04 11 12 21 22 26
15421  03 04 11 12 21 23 26
15422  03 04 11 12 21 24 26
15423  03 04 11 12 21 26 30
15424  03 04 11 12 21 26 31
15425  03 04 11 12 22 23 26
15426  03 04 11 12 22 24 26
15427  03 04 11 12 22 26 30
15428  03 04 11 12 22 26 31
15429  03 04 11 12 23 24 26
15430  03 04 11 12 23 26 30
15431  03 04 11 12 23 26 31
15432  03 04 11 12 24 26 30
15433  03 04 11 12 24 26 31
15434  03 04 11 12 26 30 31
15435  03 04 11 13 14 16 20
15436  03 04 11 13 14 16 21
15437  03 04 11 13 14 16 22
15438  03 04 11 13 14 16 23
15439  03 04 11 13 14 16 24
15440  03 04 11 13 14 16 26
15441  03 04 11 13 14 20 26
15442  03 04 11 13 14 21 26
15443  03 04 11 13 14 22 26
15444  03 04 11 13 14 23 26
15445  03 04 11 13 14 24 26
15446  03 04 11 13 14 26 30
15447  03 04 11 13 14 26 31
15448  03 04 11 13 16 20 21
15449  03 04 11 13 16 20 22
15450  03 04 11 13 16 20 23
15451  03 04 11 13 16 20 24
15452  03 04 11 13 16 20 26
15453  03 04 11 13 16 20 30
15454  03 04 11 13 16 20 31
15455  03 04 11 13 16 21 22
15456  03 04 11 13 16 21 23
15457  03 04 11 13 16 21 24
15458  03 04 11 13 16 21 26
15459  03 04 11 13 16 21 30
15460  03 04 11 13 16 21 31
15461  03 04 11 13 16 22 23
15462  03 04 11 13 16 22 24
15463  03 04 11 13 16 22 26
15464  03 04 11 13 16 22 30
15465  03 04 11 13 16 22 31
15466  03 04 11 13 16 23 24
15467  03 04 11 13 16 23 26
15468  03 04 11 13 16 23 30
15469  03 04 11 13 16 23 31
15470  03 04 11 13 16 24 26
15471  03 04 11 13 16 24 30
15472  03 04 11 13 16 24 31
15473  03 04 11 13 16 26 30
15474  03 04 11 13 16 26 31
15475  03 04 11 13 20 21 26
15476  03 04 11 13 20 22 26
15477  03 04 11 13 20 23 26
15478  03 04 11 13 20 24 26
15479  03 04 11 13 20 26 30
15480  03 04 11 13 20 26 31
15481  03 04 11 13 21 22 26
15482  03 04 11 13 21 23 26
15483  03 04 11 13 21 24 26
15484  03 04 11 13 21 26 30
15485  03 04 11 13 21 26 31
15486  03 04 11 13 22 23 26
15487  03 04 11 13 22 24 26
15488  03 04 11 13 22 26 30
15489  03 04 11 13 22 26 31
15490  03 04 11 13 23 24 26
15491  03 04 11 13 23 26 30
15492  03 04 11 13 23 26 31
15493  03 04 11 13 24 26 30
15494  03 04 11 13 24 26 31
15495  03 04 11 13 26 30 31
15496  03 04 11 14 16 20 21
15497  03 04 11 14 16 20 22
15498  03 04 11 14 16 20 23
15499  03 04 11 14 16 20 24
15500  03 04 11 14 16 20 26
15501  03 04 11 14 16 20 30
15502  03 04 11 14 16 20 31
15503  03 04 11 14 16 21 22
15504  03 04 11 14 16 21 23
15505  03 04 11 14 16 21 24
15506  03 04 11 14 16 21 26
15507  03 04 11 14 16 21 30
15508  03 04 11 14 16 21 31
15509  03 04 11 14 16 22 23
15510  03 04 11 14 16 22 24
15511  03 04 11 14 16 22 26
15512  03 04 11 14 16 22 30
15513  03 04 11 14 16 22 31
15514  03 04 11 14 16 23 24
15515  03 04 11 14 16 23 26
15516  03 04 11 14 16 23 30
15517  03 04 11 14 16 23 31
15518  03 04 11 14 16 24 26
15519  03 04 11 14 16 24 30
15520  03 04 11 14 16 24 31
15521  03 04 11 14 16 26 30
15522  03 04 11 14 16 26 31
15523  03 04 11 14 20 21 26
15524  03 04 11 14 20 22 26
15525  03 04 11 14 20 23 26
15526  03 04 11 14 20 24 26
15527  03 04 11 14 20 26 30
15528  03 04 11 14 20 26 31
15529  03 04 11 14 21 22 26
15530  03 04 11 14 21 23 26
15531  03 04 11 14 21 24 26
15532  03 04 11 14 21 26 30
15533  03 04 11 14 21 26 31
15534  03 04 11 14 22 23 26
15535  03 04 11 14 22 24 26
15536  03 04 11 14 22 26 30
15537  03 04 11 14 22 26 31
15538  03 04 11 14 23 24 26
15539  03 04 11 14 23 26 30
15540  03 04 11 14 23 26 31
15541  03 04 11 14 24 26 30
15542  03 04 11 14 24 26 31
15543  03 04 11 14 26 30 31
15544  03 04 11 16 20 21 22
15545  03 04 11 16 20 21 23
15546  03 04 11 16 20 21 24
15547  03 04 11 16 20 21 26
15548  03 04 11 16 20 21 30
15549  03 04 11 16 20 21 31
15550  03 04 11 16 20 22 23
15551  03 04 11 16 20 22 24
15552  03 04 11 16 20 22 26
15553  03 04 11 16 20 22 30
15554  03 04 11 16 20 22 31
15555  03 04 11 16 20 23 24
15556  03 04 11 16 20 23 26
15557  03 04 11 16 20 23 30
15558  03 04 11 16 20 23 31
15559  03 04 11 16 20 24 26
15560  03 04 11 16 20 24 30
15561  03 04 11 16 20 24 31
15562  03 04 11 16 20 26 30
15563  03 04 11 16 20 26 31
15564  03 04 11 16 20 30 31
15565  03 04 11 16 21 22 23
15566  03 04 11 16 21 22 24
15567  03 04 11 16 21 22 26
15568  03 04 11 16 21 22 30
15569  03 04 11 16 21 22 31
15570  03 04 11 16 21 23 24
15571  03 04 11 16 21 23 26
15572  03 04 11 16 21 23 30
15573  03 04 11 16 21 23 31
15574  03 04 11 16 21 24 26
15575  03 04 11 16 21 24 30
15576  03 04 11 16 21 24 31
15577  03 04 11 16 21 26 30
15578  03 04 11 16 21 26 31
15579  03 04 11 16 21 30 31
15580  03 04 11 16 22 23 24
15581  03 04 11 16 22 23 26
15582  03 04 11 16 22 23 30
15583  03 04 11 16 22 23 31
15584  03 04 11 16 22 24 26
15585  03 04 11 16 22 24 30
15586  03 04 11 16 22 24 31
15587  03 04 11 16 22 26 30
15588  03 04 11 16 22 26 31
15589  03 04 11 16 22 30 31
15590  03 04 11 16 23 24 26
15591  03 04 11 16 23 24 30
15592  03 04 11 16 23 24 31
15593  03 04 11 16 23 26 30
15594  03 04 11 16 23 26 31
15595  03 04 11 16 23 30 31
15596  03 04 11 16 24 26 30
15597  03 04 11 16 24 26 31
15598  03 04 11 16 24 30 31
15599  03 04 11 16 26 30 31
15600  03 04 11 20 21 22 26
15601  03 04 11 20 21 23 26
15602  03 04 11 20 21 24 26
15603  03 04 11 20 21 26 30
15604  03 04 11 20 21 26 31
15605  03 04 11 20 22 23 26
15606  03 04 11 20 22 24 26
15607  03 04 11 20 22 26 30
15608  03 04 11 20 22 26 31
15609  03 04 11 20 23 24 26
15610  03 04 11 20 23 26 30
15611  03 04 11 20 23 26 31
15612  03 04 11 20 24 26 30
15613  03 04 11 20 24 26 31
15614  03 04 11 20 26 30 31
15615  03 04 11 21 22 23 26
15616  03 04 11 21 22 24 26
15617  03 04 11 21 22 26 30
15618  03 04 11 21 22 26 31
15619  03 04 11 21 23 24 26
15620  03 04 11 21 23 26 30
15621  03 04 11 21 23 26 31
15622  03 04 11 21 24 26 30
15623  03 04 11 21 24 26 31
15624  03 04 11 21 26 30 31
15625  03 04 11 22 23 24 26
15626  03 04 11 22 23 26 30
15627  03 04 11 22 23 26 31
15628  03 04 11 22 24 26 30
15629  03 04 11 22 24 26 31
15630  03 04 11 22 26 30 31
15631  03 04 11 23 24 26 30
15632  03 04 11 23 24 26 31
15633  03 04 11 23 26 30 31
15634  03 04 11 24 26 30 31
15635  03 04 12 13 14 16 20
15636  03 04 12 13 14 16 21
15637  03 04 12 13 14 16 22
15638  03 04 12 13 14 16 23
15639  03 04 12 13 14 16 24
15640  03 04 12 13 14 16 26
15641  03 04 12 13 14 16 30
15642  03 04 12 13 14 16 31
15643  03 04 12 13 14 20 26
15644  03 04 12 13 14 21 26
15645  03 04 12 13 14 22 26
15646  03 04 12 13 14 23 26
15647  03 04 12 13 14 24 26
15648  03 04 12 13 14 26 30
15649  03 04 12 13 14 26 31
15650  03 04 12 13 16 20 21
15651  03 04 12 13 16 20 22
15652  03 04 12 13 16 20 23
15653  03 04 12 13 16 20 24
15654  03 04 12 13 16 20 26
15655  03 04 12 13 16 20 30
15656  03 04 12 13 16 20 31
15657  03 04 12 13 16 21 22
15658  03 04 12 13 16 21 23
15659  03 04 12 13 16 21 24
15660  03 04 12 13 16 21 26
15661  03 04 12 13 16 21 30
15662  03 04 12 13 16 21 31
15663  03 04 12 13 16 22 23
15664  03 04 12 13 16 22 24
15665  03 04 12 13 16 22 26
15666  03 04 12 13 16 22 30
15667  03 04 12 13 16 22 31
15668  03 04 12 13 16 23 24
15669  03 04 12 13 16 23 26
15670  03 04 12 13 16 23 30
15671  03 04 12 13 16 23 31
15672  03 04 12 13 16 24 26
15673  03 04 12 13 16 24 30
15674  03 04 12 13 16 24 31
15675  03 04 12 13 16 26 30
15676  03 04 12 13 16 26 31
15677  03 04 12 13 16 30 31
15678  03 04 12 13 20 21 26
15679  03 04 12 13 20 22 26
15680  03 04 12 13 20 23 26
15681  03 04 12 13 20 24 26
15682  03 04 12 13 20 26 30
15683  03 04 12 13 20 26 31
15684  03 04 12 13 21 22 26
15685  03 04 12 13 21 23 26
15686  03 04 12 13 21 24 26
15687  03 04 12 13 21 26 30
15688  03 04 12 13 21 26 31
15689  03 04 12 13 22 23 26
15690  03 04 12 13 22 24 26
15691  03 04 12 13 22 26 30
15692  03 04 12 13 22 26 31
15693  03 04 12 13 23 24 26
15694  03 04 12 13 23 26 30
15695  03 04 12 13 23 26 31
15696  03 04 12 13 24 26 30
15697  03 04 12 13 24 26 31
15698  03 04 12 13 26 30 31
15699  03 04 12 14 16 20 21
15700  03 04 12 14 16 20 22
15701  03 04 12 14 16 20 23
15702  03 04 12 14 16 20 24
15703  03 04 12 14 16 20 26
15704  03 04 12 14 16 20 30
15705  03 04 12 14 16 20 31
15706  03 04 12 14 16 21 22
15707  03 04 12 14 16 21 23
15708  03 04 12 14 16 21 24
15709  03 04 12 14 16 21 26
15710  03 04 12 14 16 21 30
15711  03 04 12 14 16 21 31
15712  03 04 12 14 16 22 23
15713  03 04 12 14 16 22 24
15714  03 04 12 14 16 22 26
15715  03 04 12 14 16 22 30
15716  03 04 12 14 16 22 31
15717  03 04 12 14 16 23 24
15718  03 04 12 14 16 23 26
15719  03 04 12 14 16 23 30
15720  03 04 12 14 16 23 31
15721  03 04 12 14 16 24 26
15722  03 04 12 14 16 24 30
15723  03 04 12 14 16 24 31
15724  03 04 12 14 16 26 30
15725  03 04 12 14 16 26 31
15726  03 04 12 14 16 30 31
15727  03 04 12 14 20 21 26
15728  03 04 12 14 20 22 26
15729  03 04 12 14 20 23 26
15730  03 04 12 14 20 24 26
15731  03 04 12 14 20 26 30
15732  03 04 12 14 20 26 31
15733  03 04 12 14 21 22 26
15734  03 04 12 14 21 23 26
15735  03 04 12 14 21 24 26
15736  03 04 12 14 21 26 30
15737  03 04 12 14 21 26 31
15738  03 04 12 14 22 23 26
15739  03 04 12 14 22 24 26
15740  03 04 12 14 22 26 30
15741  03 04 12 14 22 26 31
15742  03 04 12 14 23 24 26
15743  03 04 12 14 23 26 30
15744  03 04 12 14 23 26 31
15745  03 04 12 14 24 26 30
15746  03 04 12 14 24 26 31
15747  03 04 12 14 26 30 31
15748  03 04 12 16 20 21 22
15749  03 04 12 16 20 21 23
15750  03 04 12 16 20 21 24
15751  03 04 12 16 20 21 26
15752  03 04 12 16 20 21 30
15753  03 04 12 16 20 21 31
15754  03 04 12 16 20 22 23
15755  03 04 12 16 20 22 24
15756  03 04 12 16 20 22 26
15757  03 04 12 16 20 22 30
15758  03 04 12 16 20 22 31
15759  03 04 12 16 20 23 24
15760  03 04 12 16 20 23 26
15761  03 04 12 16 20 23 30
15762  03 04 12 16 20 23 31
15763  03 04 12 16 20 24 26
15764  03 04 12 16 20 24 30
15765  03 04 12 16 20 24 31
15766  03 04 12 16 20 26 30
15767  03 04 12 16 20 26 31
15768  03 04 12 16 20 30 31
15769  03 04 12 16 21 22 23
15770  03 04 12 16 21 22 24
15771  03 04 12 16 21 22 26
15772  03 04 12 16 21 22 30
15773  03 04 12 16 21 22 31
15774  03 04 12 16 21 23 24
15775  03 04 12 16 21 23 26
15776  03 04 12 16 21 23 30
15777  03 04 12 16 21 23 31
15778  03 04 12 16 21 24 26
15779  03 04 12 16 21 24 30
15780  03 04 12 16 21 24 31
15781  03 04 12 16 21 26 30
15782  03 04 12 16 21 26 31
15783  03 04 12 16 21 30 31
15784  03 04 12 16 22 23 24
15785  03 04 12 16 22 23 26
15786  03 04 12 16 22 23 30
15787  03 04 12 16 22 23 31
15788  03 04 12 16 22 24 26
15789  03 04 12 16 22 24 30
15790  03 04 12 16 22 24 31
15791  03 04 12 16 22 26 30
15792  03 04 12 16 22 26 31
15793  03 04 12 16 22 30 31
15794  03 04 12 16 23 24 26
15795  03 04 12 16 23 24 30
15796  03 04 12 16 23 24 31
15797  03 04 12 16 23 26 30
15798  03 04 12 16 23 26 31
15799  03 04 12 16 23 30 31
15800  03 04 12 16 24 26 30
15801  03 04 12 16 24 26 31
15802  03 04 12 16 24 30 31
15803  03 04 12 16 26 30 31
15804  03 04 12 20 21 22 26
15805  03 04 12 20 21 23 26
15806  03 04 12 20 21 24 26
15807  03 04 12 20 21 26 30
15808  03 04 12 20 21 26 31
15809  03 04 12 20 22 23 26
15810  03 04 12 20 22 24 26
15811  03 04 12 20 22 26 30
15812  03 04 12 20 22 26 31
15813  03 04 12 20 23 24 26
15814  03 04 12 20 23 26 30
15815  03 04 12 20 23 26 31
15816  03 04 12 20 24 26 30
15817  03 04 12 20 24 26 31
15818  03 04 12 20 26 30 31
15819  03 04 12 21 22 23 26
15820  03 04 12 21 22 24 26
15821  03 04 12 21 22 26 30
15822  03 04 12 21 22 26 31
15823  03 04 12 21 23 24 26
15824  03 04 12 21 23 26 30
15825  03 04 12 21 23 26 31
15826  03 04 12 21 24 26 30
15827  03 04 12 21 24 26 31
15828  03 04 12 21 26 30 31
15829  03 04 12 22 23 24 26
15830  03 04 12 22 23 26 30
15831  03 04 12 22 23 26 31
15832  03 04 12 22 24 26 30
15833  03 04 12 22 24 26 31
15834  03 04 12 22 26 30 31
15835  03 04 12 23 24 26 30
15836  03 04 12 23 24 26 31
15837  03 04 12 23 26 30 31
15838  03 04 12 24 26 30 31
15839  03 04 13 14 16 20 21
15840  03 04 13 14 16 20 22
15841  03 04 13 14 16 20 23
15842  03 04 13 14 16 20 24
15843  03 04 13 14 16 20 26
15844  03 04 13 14 16 20 30
15845  03 04 13 14 16 20 31
15846  03 04 13 14 16 21 22
15847  03 04 13 14 16 21 23
15848  03 04 13 14 16 21 24
15849  03 04 13 14 16 21 26
15850  03 04 13 14 16 21 30
15851  03 04 13 14 16 21 31
15852  03 04 13 14 16 22 23
15853  03 04 13 14 16 22 24
15854  03 04 13 14 16 22 26
15855  03 04 13 14 16 22 30
15856  03 04 13 14 16 22 31
15857  03 04 13 14 16 23 24
15858  03 04 13 14 16 23 26
15859  03 04 13 14 16 23 30
15860  03 04 13 14 16 23 31
15861  03 04 13 14 16 24 26
15862  03 04 13 14 16 24 30
15863  03 04 13 14 16 24 31
15864  03 04 13 14 16 26 30
15865  03 04 13 14 16 26 31
15866  03 04 13 14 20 21 26
15867  03 04 13 14 20 22 26
15868  03 04 13 14 20 23 26
15869  03 04 13 14 20 24 26
15870  03 04 13 14 20 26 30
15871  03 04 13 14 20 26 31
15872  03 04 13 14 21 22 26
15873  03 04 13 14 21 23 26
15874  03 04 13 14 21 24 26
15875  03 04 13 14 21 26 30
15876  03 04 13 14 21 26 31
15877  03 04 13 14 22 23 26
15878  03 04 13 14 22 24 26
15879  03 04 13 14 22 26 30
15880  03 04 13 14 22 26 31
15881  03 04 13 14 23 24 26
15882  03 04 13 14 23 26 30
15883  03 04 13 14 23 26 31
15884  03 04 13 14 24 26 30
15885  03 04 13 14 24 26 31
15886  03 04 13 14 26 30 31
15887  03 04 13 16 20 21 22
15888  03 04 13 16 20 21 23
15889  03 04 13 16 20 21 24
15890  03 04 13 16 20 21 26
15891  03 04 13 16 20 21 30
15892  03 04 13 16 20 21 31
15893  03 04 13 16 20 22 23
15894  03 04 13 16 20 22 24
15895  03 04 13 16 20 22 26
15896  03 04 13 16 20 22 30
15897  03 04 13 16 20 22 31
15898  03 04 13 16 20 23 24
15899  03 04 13 16 20 23 26
15900  03 04 13 16 20 23 30
15901  03 04 13 16 20 23 31
15902  03 04 13 16 20 24 26
15903  03 04 13 16 20 24 30
15904  03 04 13 16 20 24 31
15905  03 04 13 16 20 26 30
15906  03 04 13 16 20 26 31
15907  03 04 13 16 20 30 31
15908  03 04 13 16 21 22 23
15909  03 04 13 16 21 22 24
15910  03 04 13 16 21 22 26
15911  03 04 13 16 21 22 30
15912  03 04 13 16 21 22 31
15913  03 04 13 16 21 23 24
15914  03 04 13 16 21 23 26
15915  03 04 13 16 21 23 30
15916  03 04 13 16 21 23 31
15917  03 04 13 16 21 24 26
15918  03 04 13 16 21 24 30
15919  03 04 13 16 21 24 31
15920  03 04 13 16 21 26 30
15921  03 04 13 16 21 26 31
15922  03 04 13 16 21 30 31
15923  03 04 13 16 22 23 24
15924  03 04 13 16 22 23 26
15925  03 04 13 16 22 23 30
15926  03 04 13 16 22 23 31
15927  03 04 13 16 22 24 26
15928  03 04 13 16 22 24 30
15929  03 04 13 16 22 24 31
15930  03 04 13 16 22 26 30
15931  03 04 13 16 22 26 31
15932  03 04 13 16 22 30 31
15933  03 04 13 16 23 24 26
15934  03 04 13 16 23 24 30
15935  03 04 13 16 23 24 31
15936  03 04 13 16 23 26 30
15937  03 04 13 16 23 26 31
15938  03 04 13 16 23 30 31
15939  03 04 13 16 24 26 30
15940  03 04 13 16 24 26 31
15941  03 04 13 16 24 30 31
15942  03 04 13 16 26 30 31
15943  03 04 13 20 21 22 26
15944  03 04 13 20 21 23 26
15945  03 04 13 20 21 24 26
15946  03 04 13 20 21 26 30
15947  03 04 13 20 21 26 31
15948  03 04 13 20 22 23 26
15949  03 04 13 20 22 24 26
15950  03 04 13 20 22 26 30
15951  03 04 13 20 22 26 31
15952  03 04 13 20 23 24 26
15953  03 04 13 20 23 26 30
15954  03 04 13 20 23 26 31
15955  03 04 13 20 24 26 30
15956  03 04 13 20 24 26 31
15957  03 04 13 20 26 30 31
15958  03 04 13 21 22 23 26
15959  03 04 13 21 22 24 26
15960  03 04 13 21 22 26 30
15961  03 04 13 21 22 26 31
15962  03 04 13 21 23 24 26
15963  03 04 13 21 23 26 30
15964  03 04 13 21 23 26 31
15965  03 04 13 21 24 26 30
15966  03 04 13 21 24 26 31
15967  03 04 13 21 26 30 31
15968  03 04 13 22 23 24 26
15969  03 04 13 22 23 26 30
15970  03 04 13 22 23 26 31
15971  03 04 13 22 24 26 30
15972  03 04 13 22 24 26 31
15973  03 04 13 22 26 30 31
15974  03 04 13 23 24 26 30
15975  03 04 13 23 24 26 31
15976  03 04 13 23 26 30 31
15977  03 04 13 24 26 30 31
15978  03 04 14 16 20 21 22
15979  03 04 14 16 20 21 23
15980  03 04 14 16 20 21 24
15981  03 04 14 16 20 21 26
15982  03 04 14 16 20 21 30
15983  03 04 14 16 20 21 31
15984  03 04 14 16 20 22 23
15985  03 04 14 16 20 22 24
15986  03 04 14 16 20 22 26
15987  03 04 14 16 20 22 30
15988  03 04 14 16 20 22 31
15989  03 04 14 16 20 23 24
15990  03 04 14 16 20 23 26
15991  03 04 14 16 20 23 30
15992  03 04 14 16 20 23 31
15993  03 04 14 16 20 24 26
15994  03 04 14 16 20 24 30
15995  03 04 14 16 20 24 31
15996  03 04 14 16 20 26 30
15997  03 04 14 16 20 26 31
15998  03 04 14 16 20 30 31
15999  03 04 14 16 21 22 23
16000  03 04 14 16 21 22 24
16001  03 04 14 16 21 22 26
16002  03 04 14 16 21 22 30
16003  03 04 14 16 21 22 31
16004  03 04 14 16 21 23 24
16005  03 04 14 16 21 23 26
16006  03 04 14 16 21 23 30
16007  03 04 14 16 21 23 31
16008  03 04 14 16 21 24 26
16009  03 04 14 16 21 24 30
16010  03 04 14 16 21 24 31
16011  03 04 14 16 21 26 30
16012  03 04 14 16 21 26 31
16013  03 04 14 16 21 30 31
16014  03 04 14 16 22 23 24
16015  03 04 14 16 22 23 26
16016  03 04 14 16 22 23 30
16017  03 04 14 16 22 23 31
16018  03 04 14 16 22 24 26
16019  03 04 14 16 22 24 30
16020  03 04 14 16 22 24 31
16021  03 04 14 16 22 26 30
16022  03 04 14 16 22 26 31
16023  03 04 14 16 22 30 31
16024  03 04 14 16 23 24 26
16025  03 04 14 16 23 24 30
16026  03 04 14 16 23 24 31
16027  03 04 14 16 23 26 30
16028  03 04 14 16 23 26 31
16029  03 04 14 16 23 30 31
16030  03 04 14 16 24 26 30
16031  03 04 14 16 24 26 31
16032  03 04 14 16 24 30 31
16033  03 04 14 16 26 30 31
16034  03 04 14 20 21 22 26
16035  03 04 14 20 21 23 26
16036  03 04 14 20 21 24 26
16037  03 04 14 20 21 26 30
16038  03 04 14 20 21 26 31
16039  03 04 14 20 22 23 26
16040  03 04 14 20 22 24 26
16041  03 04 14 20 22 26 30
16042  03 04 14 20 22 26 31
16043  03 04 14 20 23 24 26
16044  03 04 14 20 23 26 30
16045  03 04 14 20 23 26 31
16046  03 04 14 20 24 26 30
16047  03 04 14 20 24 26 31
16048  03 04 14 20 26 30 31
16049  03 04 14 21 22 23 26
16050  03 04 14 21 22 24 26
16051  03 04 14 21 22 26 30
16052  03 04 14 21 22 26 31
16053  03 04 14 21 23 24 26
16054  03 04 14 21 23 26 30
16055  03 04 14 21 23 26 31
16056  03 04 14 21 24 26 30
16057  03 04 14 21 24 26 31
16058  03 04 14 21 26 30 31
16059  03 04 14 22 23 24 26
16060  03 04 14 22 23 26 30
16061  03 04 14 22 23 26 31
16062  03 04 14 22 24 26 30
16063  03 04 14 22 24 26 31
16064  03 04 14 22 26 30 31
16065  03 04 14 23 24 26 30
16066  03 04 14 23 24 26 31
16067  03 04 14 23 26 30 31
16068  03 04 14 24 26 30 31
16069  03 04 16 20 21 22 23
16070  03 04 16 20 21 22 24
16071  03 04 16 20 21 22 26
16072  03 04 16 20 21 22 30
16073  03 04 16 20 21 22 31
16074  03 04 16 20 21 23 24
16075  03 04 16 20 21 23 26
16076  03 04 16 20 21 23 30
16077  03 04 16 20 21 23 31
16078  03 04 16 20 21 24 26
16079  03 04 16 20 21 24 30
16080  03 04 16 20 21 24 31
16081  03 04 16 20 21 26 30
16082  03 04 16 20 21 26 31
16083  03 04 16 20 21 30 31
16084  03 04 16 20 22 23 24
16085  03 04 16 20 22 23 26
16086  03 04 16 20 22 23 30
16087  03 04 16 20 22 23 31
16088  03 04 16 20 22 24 26
16089  03 04 16 20 22 24 30
16090  03 04 16 20 22 24 31
16091  03 04 16 20 22 26 30
16092  03 04 16 20 22 26 31
16093  03 04 16 20 22 30 31
16094  03 04 16 20 23 24 26
16095  03 04 16 20 23 24 30
16096  03 04 16 20 23 24 31
16097  03 04 16 20 23 26 30
16098  03 04 16 20 23 26 31
16099  03 04 16 20 23 30 31
16100  03 04 16 20 24 26 30
16101  03 04 16 20 24 26 31
16102  03 04 16 20 24 30 31
16103  03 04 16 20 26 30 31
16104  03 04 16 21 22 23 24
16105  03 04 16 21 22 23 26
16106  03 04 16 21 22 23 30
16107  03 04 16 21 22 23 31
16108  03 04 16 21 22 24 26
16109  03 04 16 21 22 24 30
16110  03 04 16 21 22 24 31
16111  03 04 16 21 22 26 30
16112  03 04 16 21 22 26 31
16113  03 04 16 21 22 30 31
16114  03 04 16 21 23 24 26
16115  03 04 16 21 23 24 30
16116  03 04 16 21 23 24 31
16117  03 04 16 21 23 26 30
16118  03 04 16 21 23 26 31
16119  03 04 16 21 23 30 31
16120  03 04 16 21 24 26 30
16121  03 04 16 21 24 26 31
16122  03 04 16 21 24 30 31
16123  03 04 16 21 26 30 31
16124  03 04 16 22 23 24 26
16125  03 04 16 22 23 24 30
16126  03 04 16 22 23 24 31
16127  03 04 16 22 23 26 30
16128  03 04 16 22 23 26 31
16129  03 04 16 22 23 30 31
16130  03 04 16 22 24 26 30
16131  03 04 16 22 24 26 31
16132  03 04 16 22 24 30 31
16133  03 04 16 22 26 30 31
16134  03 04 16 23 24 26 30
16135  03 04 16 23 24 26 31
16136  03 04 16 23 24 30 31
16137  03 04 16 23 26 30 31
16138  03 04 16 24 26 30 31
16139  03 04 20 21 22 23 26
16140  03 04 20 21 22 24 26
16141  03 04 20 21 22 26 30
16142  03 04 20 21 22 26 31
16143  03 04 20 21 23 24 26
16144  03 04 20 21 23 26 30
16145  03 04 20 21 23 26 31
16146  03 04 20 21 24 26 30
16147  03 04 20 21 24 26 31
16148  03 04 20 21 26 30 31
16149  03 04 20 22 23 26 31
16150  03 04 20 22 24 26 31
16151  03 04 20 22 26 30 31
16152  03 04 20 23 24 26 31
16153  03 04 20 23 26 30 31
16154  03 04 20 24 26 30 31
16155  03 04 21 22 23 24 26
16156  03 04 21 22 23 26 30
16157  03 04 21 22 23 26 31
16158  03 04 21 22 24 26 30
16159  03 04 21 22 24 26 31
16160  03 04 21 22 26 30 31
16161  03 04 21 23 24 26 30
16162  03 04 21 23 24 26 31
16163  03 04 21 23 26 30 31
16164  03 04 21 24 26 30 31
16165  03 04 22 23 24 26 31
16166  03 04 22 23 26 30 31
16167  03 04 22 24 26 30 31
16168  03 04 23 24 26 30 31
16169  03 06 10 11 12 13 14
16170  03 06 10 11 12 13 24
16171  03 06 10 11 12 14 16
16172  03 06 10 11 12 14 20
16173  03 06 10 11 12 14 21
16174  03 06 10 11 12 14 22
16175  03 06 10 11 12 14 23
16176  03 06 10 11 12 14 24
16177  03 06 10 11 12 14 26
16178  03 06 10 11 12 14 30
16179  03 06 10 11 12 14 31
16180  03 06 10 11 12 16 24
16181  03 06 10 11 12 20 24
16182  03 06 10 11 12 21 24
16183  03 06 10 11 12 22 24
16184  03 06 10 11 12 23 24
16185  03 06 10 11 12 24 26
16186  03 06 10 11 12 24 30
16187  03 06 10 11 12 24 31
16188  03 06 10 11 13 14 20
16189  03 06 10 11 13 14 21
16190  03 06 10 11 13 14 22
16191  03 06 10 11 13 14 23
16192  03 06 10 11 13 14 24
16193  03 06 10 11 13 14 26
16194  03 06 10 11 13 16 24
16195  03 06 10 11 13 20 24
16196  03 06 10 11 13 21 24
16197  03 06 10 11 13 22 24
16198  03 06 10 11 13 23 24
16199  03 06 10 11 13 24 26
16200  03 06 10 11 13 24 30
16201  03 06 10 11 13 24 31
16202  03 06 10 11 14 16 20
16203  03 06 10 11 14 16 21
16204  03 06 10 11 14 16 22
16205  03 06 10 11 14 16 23
16206  03 06 10 11 14 16 24
16207  03 06 10 11 14 16 26
16208  03 06 10 11 14 20 21
16209  03 06 10 11 14 20 22
16210  03 06 10 11 14 20 23
16211  03 06 10 11 14 20 24
16212  03 06 10 11 14 20 26
16213  03 06 10 11 14 20 30
16214  03 06 10 11 14 20 31
16215  03 06 10 11 14 21 22
16216  03 06 10 11 14 21 23
16217  03 06 10 11 14 21 24
16218  03 06 10 11 14 21 26
16219  03 06 10 11 14 21 30
16220  03 06 10 11 14 21 31
16221  03 06 10 11 14 22 23
16222  03 06 10 11 14 22 24
16223  03 06 10 11 14 22 26
16224  03 06 10 11 14 22 30
16225  03 06 10 11 14 22 31
16226  03 06 10 11 14 23 24
16227  03 06 10 11 14 23 26
16228  03 06 10 11 14 23 30
16229  03 06 10 11 14 23 31
16230  03 06 10 11 14 24 26
16231  03 06 10 11 14 24 30
16232  03 06 10 11 14 24 31
16233  03 06 10 11 14 26 30
16234  03 06 10 11 14 26 31
16235  03 06 10 11 16 20 24
16236  03 06 10 11 16 21 24
16237  03 06 10 11 16 22 24
16238  03 06 10 11 16 23 24
16239  03 06 10 11 16 24 26
16240  03 06 10 11 16 24 30
16241  03 06 10 11 16 24 31
16242  03 06 10 11 20 21 24
16243  03 06 10 11 20 22 24
16244  03 06 10 11 20 23 24
16245  03 06 10 11 20 24 26
16246  03 06 10 11 20 24 30
16247  03 06 10 11 20 24 31
16248  03 06 10 11 21 22 24
16249  03 06 10 11 21 23 24
16250  03 06 10 11 21 24 26
16251  03 06 10 11 21 24 30
16252  03 06 10 11 21 24 31
16253  03 06 10 11 22 23 24
16254  03 06 10 11 22 24 26
16255  03 06 10 11 22 24 30
16256  03 06 10 11 22 24 31
16257  03 06 10 11 23 24 26
16258  03 06 10 11 23 24 30
16259  03 06 10 11 23 24 31
16260  03 06 10 11 24 26 30
16261  03 06 10 11 24 26 31
16262  03 06 10 11 24 30 31
16263  03 06 10 12 13 14 16
16264  03 06 10 12 13 14 20
16265  03 06 10 12 13 14 21
16266  03 06 10 12 13 14 22
16267  03 06 10 12 13 14 23
16268  03 06 10 12 13 14 24
16269  03 06 10 12 13 14 26
16270  03 06 10 12 13 14 30
16271  03 06 10 12 13 14 31
16272  03 06 10 12 13 16 24
16273  03 06 10 12 13 20 24
16274  03 06 10 12 13 21 24
16275  03 06 10 12 13 22 24
16276  03 06 10 12 13 23 24
16277  03 06 10 12 13 24 26
16278  03 06 10 12 13 24 30
16279  03 06 10 12 13 24 31
16280  03 06 10 12 14 16 20
16281  03 06 10 12 14 16 21
16282  03 06 10 12 14 16 22
16283  03 06 10 12 14 16 23
16284  03 06 10 12 14 16 24
16285  03 06 10 12 14 16 26
16286  03 06 10 12 14 16 30
16287  03 06 10 12 14 16 31
16288  03 06 10 12 14 20 21
16289  03 06 10 12 14 20 22
16290  03 06 10 12 14 20 23
16291  03 06 10 12 14 20 24
16292  03 06 10 12 14 20 26
16293  03 06 10 12 14 20 30
16294  03 06 10 12 14 20 31
16295  03 06 10 12 14 21 22
16296  03 06 10 12 14 21 23
16297  03 06 10 12 14 21 24
16298  03 06 10 12 14 21 26
16299  03 06 10 12 14 21 30
16300  03 06 10 12 14 21 31
16301  03 06 10 12 14 22 23
16302  03 06 10 12 14 22 24
16303  03 06 10 12 14 22 26
16304  03 06 10 12 14 22 30
16305  03 06 10 12 14 22 31
16306  03 06 10 12 14 23 24
16307  03 06 10 12 14 23 26
16308  03 06 10 12 14 23 30
16309  03 06 10 12 14 23 31
16310  03 06 10 12 14 24 26
16311  03 06 10 12 14 24 30
16312  03 06 10 12 14 24 31
16313  03 06 10 12 14 26 30
16314  03 06 10 12 14 26 31
16315  03 06 10 12 14 30 31
16316  03 06 10 12 16 20 24
16317  03 06 10 12 16 21 24
16318  03 06 10 12 16 22 24
16319  03 06 10 12 16 23 24
16320  03 06 10 12 16 24 26
16321  03 06 10 12 16 24 30
16322  03 06 10 12 16 24 31
16323  03 06 10 12 20 21 24
16324  03 06 10 12 20 22 24
16325  03 06 10 12 20 23 24
16326  03 06 10 12 20 24 26
16327  03 06 10 12 20 24 30
16328  03 06 10 12 20 24 31
16329  03 06 10 12 21 22 24
16330  03 06 10 12 21 23 24
16331  03 06 10 12 21 24 26
16332  03 06 10 12 21 24 30
16333  03 06 10 12 21 24 31
16334  03 06 10 12 22 23 24
16335  03 06 10 12 22 24 26
16336  03 06 10 12 22 24 30
16337  03 06 10 12 22 24 31
16338  03 06 10 12 23 24 26
16339  03 06 10 12 23 24 30
16340  03 06 10 12 23 24 31
16341  03 06 10 12 24 26 30
16342  03 06 10 12 24 26 31
16343  03 06 10 12 24 30 31
16344  03 06 10 13 14 16 20
16345  03 06 10 13 14 16 21
16346  03 06 10 13 14 16 22
16347  03 06 10 13 14 16 23
16348  03 06 10 13 14 16 24
16349  03 06 10 13 14 16 26
16350  03 06 10 13 14 20 21
16351  03 06 10 13 14 20 22
16352  03 06 10 13 14 20 23
16353  03 06 10 13 14 20 24
16354  03 06 10 13 14 20 26
16355  03 06 10 13 14 20 30
16356  03 06 10 13 14 20 31
16357  03 06 10 13 14 21 22
16358  03 06 10 13 14 21 23
16359  03 06 10 13 14 21 24
16360  03 06 10 13 14 21 26
16361  03 06 10 13 14 21 30
16362  03 06 10 13 14 21 31
16363  03 06 10 13 14 22 23
16364  03 06 10 13 14 22 24
16365  03 06 10 13 14 22 26
16366  03 06 10 13 14 22 30
16367  03 06 10 13 14 22 31
16368  03 06 10 13 14 23 24
16369  03 06 10 13 14 23 26
16370  03 06 10 13 14 23 30
16371  03 06 10 13 14 23 31
16372  03 06 10 13 14 24 26
16373  03 06 10 13 14 24 30
16374  03 06 10 13 14 24 31
16375  03 06 10 13 14 26 30
16376  03 06 10 13 14 26 31
16377  03 06 10 13 16 20 24
16378  03 06 10 13 16 21 24
16379  03 06 10 13 16 22 24
16380  03 06 10 13 16 23 24
16381  03 06 10 13 16 24 26
16382  03 06 10 13 16 24 30
16383  03 06 10 13 16 24 31
16384  03 06 10 13 20 21 24
16385  03 06 10 13 20 22 24
16386  03 06 10 13 20 23 24
16387  03 06 10 13 20 24 26
16388  03 06 10 13 20 24 30
16389  03 06 10 13 20 24 31
16390  03 06 10 13 21 22 24
16391  03 06 10 13 21 23 24
16392  03 06 10 13 21 24 26
16393  03 06 10 13 21 24 30
16394  03 06 10 13 21 24 31
16395  03 06 10 13 22 23 24
16396  03 06 10 13 22 24 26
16397  03 06 10 13 22 24 30
16398  03 06 10 13 22 24 31
16399  03 06 10 13 23 24 26
16400  03 06 10 13 23 24 30
16401  03 06 10 13 23 24 31
16402  03 06 10 13 24 26 30
16403  03 06 10 13 24 26 31
16404  03 06 10 13 24 30 31
16405  03 06 10 14 16 20 21
16406  03 06 10 14 16 20 22
16407  03 06 10 14 16 20 23
16408  03 06 10 14 16 20 24
16409  03 06 10 14 16 20 26
16410  03 06 10 14 16 20 30
16411  03 06 10 14 16 20 31
16412  03 06 10 14 16 21 22
16413  03 06 10 14 16 21 23
16414  03 06 10 14 16 21 24
16415  03 06 10 14 16 21 26
16416  03 06 10 14 16 21 30
16417  03 06 10 14 16 21 31
16418  03 06 10 14 16 22 23
16419  03 06 10 14 16 22 24
16420  03 06 10 14 16 22 26
16421  03 06 10 14 16 22 30
16422  03 06 10 14 16 22 31
16423  03 06 10 14 16 23 24
16424  03 06 10 14 16 23 26
16425  03 06 10 14 16 23 30
16426  03 06 10 14 16 23 31
16427  03 06 10 14 16 24 26
16428  03 06 10 14 16 24 30
16429  03 06 10 14 16 24 31
16430  03 06 10 14 16 26 30
16431  03 06 10 14 16 26 31
16432  03 06 10 14 20 21 22
16433  03 06 10 14 20 21 23
16434  03 06 10 14 20 21 24
16435  03 06 10 14 20 21 26
16436  03 06 10 14 20 21 30
16437  03 06 10 14 20 21 31
16438  03 06 10 14 20 22 23
16439  03 06 10 14 20 22 24
16440  03 06 10 14 20 22 26
16441  03 06 10 14 20 22 30
16442  03 06 10 14 20 22 31
16443  03 06 10 14 20 23 24
16444  03 06 10 14 20 23 26
16445  03 06 10 14 20 23 30
16446  03 06 10 14 20 23 31
16447  03 06 10 14 20 24 26
16448  03 06 10 14 20 24 30
16449  03 06 10 14 20 24 31
16450  03 06 10 14 20 26 30
16451  03 06 10 14 20 26 31
16452  03 06 10 14 20 30 31
16453  03 06 10 14 21 22 23
16454  03 06 10 14 21 22 24
16455  03 06 10 14 21 22 26
16456  03 06 10 14 21 22 30
16457  03 06 10 14 21 22 31
16458  03 06 10 14 21 23 24
16459  03 06 10 14 21 23 26
16460  03 06 10 14 21 23 30
16461  03 06 10 14 21 23 31
16462  03 06 10 14 21 24 26
16463  03 06 10 14 21 24 30
16464  03 06 10 14 21 24 31
16465  03 06 10 14 21 26 30
16466  03 06 10 14 21 26 31
16467  03 06 10 14 21 30 31
16468  03 06 10 14 22 23 24
16469  03 06 10 14 22 23 26
16470  03 06 10 14 22 23 30
16471  03 06 10 14 22 23 31
16472  03 06 10 14 22 24 26
16473  03 06 10 14 22 24 30
16474  03 06 10 14 22 24 31
16475  03 06 10 14 22 26 30
16476  03 06 10 14 22 26 31
16477  03 06 10 14 22 30 31
16478  03 06 10 14 23 24 26
16479  03 06 10 14 23 24 30
16480  03 06 10 14 23 24 31
16481  03 06 10 14 23 26 30
16482  03 06 10 14 23 26 31
16483  03 06 10 14 23 30 31
16484  03 06 10 14 24 26 30
16485  03 06 10 14 24 26 31
16486  03 06 10 14 24 30 31
16487  03 06 10 14 26 30 31
16488  03 06 10 16 20 21 24
16489  03 06 10 16 20 22 24
16490  03 06 10 16 20 23 24
16491  03 06 10 16 20 24 26
16492  03 06 10 16 20 24 30
16493  03 06 10 16 20 24 31
16494  03 06 10 16 21 22 24
16495  03 06 10 16 21 23 24
16496  03 06 10 16 21 24 26
16497  03 06 10 16 21 24 30
16498  03 06 10 16 21 24 31
16499  03 06 10 16 22 23 24
16500  03 06 10 16 22 24 26
16501  03 06 10 16 22 24 30
16502  03 06 10 16 22 24 31
16503  03 06 10 16 23 24 26
16504  03 06 10 16 23 24 30
16505  03 06 10 16 23 24 31
16506  03 06 10 16 24 26 30
16507  03 06 10 16 24 26 31
16508  03 06 10 16 24 30 31
16509  03 06 10 20 21 22 24
16510  03 06 10 20 21 23 24
16511  03 06 10 20 21 24 26
16512  03 06 10 20 21 24 30
16513  03 06 10 20 21 24 31
16514  03 06 10 20 22 23 24
16515  03 06 10 20 22 24 26
16516  03 06 10 20 22 24 30
16517  03 06 10 20 22 24 31
16518  03 06 10 20 23 24 26
16519  03 06 10 20 23 24 30
16520  03 06 10 20 23 24 31
16521  03 06 10 20 24 26 30
16522  03 06 10 20 24 26 31
16523  03 06 10 20 24 30 31
16524  03 06 10 21 22 23 24
16525  03 06 10 21 22 24 26
16526  03 06 10 21 22 24 30
16527  03 06 10 21 22 24 31
16528  03 06 10 21 23 24 26
16529  03 06 10 21 23 24 30
16530  03 06 10 21 23 24 31
16531  03 06 10 21 24 26 30
16532  03 06 10 21 24 26 31
16533  03 06 10 21 24 30 31
16534  03 06 10 22 23 24 26
16535  03 06 10 22 23 24 30
16536  03 06 10 22 23 24 31
16537  03 06 10 22 24 26 30
16538  03 06 10 22 24 26 31
16539  03 06 10 22 24 30 31
16540  03 06 10 23 24 26 30
16541  03 06 10 23 24 26 31
16542  03 06 10 23 24 30 31
16543  03 06 10 24 26 30 31
16544  03 06 11 12 13 14 16
16545  03 06 11 12 13 14 20
16546  03 06 11 12 13 14 21
16547  03 06 11 12 13 14 22
16548  03 06 11 12 13 14 23
16549  03 06 11 12 13 14 24
16550  03 06 11 12 13 14 26
16551  03 06 11 12 13 14 30
16552  03 06 11 12 13 14 31
16553  03 06 11 12 13 16 24
16554  03 06 11 12 13 20 24
16555  03 06 11 12 13 21 24
16556  03 06 11 12 13 22 24
16557  03 06 11 12 13 23 24
16558  03 06 11 12 13 24 26
16559  03 06 11 12 13 24 30
16560  03 06 11 12 13 24 31
16561  03 06 11 12 14 16 20
16562  03 06 11 12 14 16 21
16563  03 06 11 12 14 16 22
16564  03 06 11 12 14 16 23
16565  03 06 11 12 14 16 24
16566  03 06 11 12 14 16 26
16567  03 06 11 12 14 16 30
16568  03 06 11 12 14 16 31
16569  03 06 11 12 14 20 21
16570  03 06 11 12 14 20 22
16571  03 06 11 12 14 20 23
16572  03 06 11 12 14 20 24
16573  03 06 11 12 14 20 26
16574  03 06 11 12 14 20 30
16575  03 06 11 12 14 20 31
16576  03 06 11 12 14 21 22
16577  03 06 11 12 14 21 23
16578  03 06 11 12 14 21 24
16579  03 06 11 12 14 21 26
16580  03 06 11 12 14 21 30
16581  03 06 11 12 14 21 31
16582  03 06 11 12 14 22 23
16583  03 06 11 12 14 22 24
16584  03 06 11 12 14 22 26
16585  03 06 11 12 14 22 30
16586  03 06 11 12 14 22 31
16587  03 06 11 12 14 23 24
16588  03 06 11 12 14 23 26
16589  03 06 11 12 14 23 30
16590  03 06 11 12 14 23 31
16591  03 06 11 12 14 24 26
16592  03 06 11 12 14 24 30
16593  03 06 11 12 14 24 31
16594  03 06 11 12 14 26 30
16595  03 06 11 12 14 26 31
16596  03 06 11 12 14 30 31
16597  03 06 11 12 16 20 24
16598  03 06 11 12 16 21 24
16599  03 06 11 12 16 22 24
16600  03 06 11 12 16 23 24
16601  03 06 11 12 16 24 26
16602  03 06 11 12 16 24 30
16603  03 06 11 12 16 24 31
16604  03 06 11 12 20 21 24
16605  03 06 11 12 20 22 24
16606  03 06 11 12 20 23 24
16607  03 06 11 12 20 24 26
16608  03 06 11 12 20 24 30
16609  03 06 11 12 20 24 31
16610  03 06 11 12 21 22 24
16611  03 06 11 12 21 23 24
16612  03 06 11 12 21 24 26
16613  03 06 11 12 21 24 30
16614  03 06 11 12 21 24 31
16615  03 06 11 12 22 23 24
16616  03 06 11 12 22 24 26
16617  03 06 11 12 22 24 30
16618  03 06 11 12 22 24 31
16619  03 06 11 12 23 24 26
16620  03 06 11 12 23 24 30
16621  03 06 11 12 23 24 31
16622  03 06 11 12 24 26 30
16623  03 06 11 12 24 26 31
16624  03 06 11 12 24 30 31
16625  03 06 11 13 14 16 20
16626  03 06 11 13 14 16 21
16627  03 06 11 13 14 16 22
16628  03 06 11 13 14 16 23
16629  03 06 11 13 14 16 24
16630  03 06 11 13 14 16 26
16631  03 06 11 13 14 20 21
16632  03 06 11 13 14 20 22
16633  03 06 11 13 14 20 23
16634  03 06 11 13 14 20 24
16635  03 06 11 13 14 20 26
16636  03 06 11 13 14 20 30
16637  03 06 11 13 14 20 31
16638  03 06 11 13 14 21 22
16639  03 06 11 13 14 21 23
16640  03 06 11 13 14 21 24
16641  03 06 11 13 14 21 26
16642  03 06 11 13 14 21 30
16643  03 06 11 13 14 21 31
16644  03 06 11 13 14 22 23
16645  03 06 11 13 14 22 24
16646  03 06 11 13 14 22 26
16647  03 06 11 13 14 22 30
16648  03 06 11 13 14 22 31
16649  03 06 11 13 14 23 24
16650  03 06 11 13 14 23 26
16651  03 06 11 13 14 23 30
16652  03 06 11 13 14 23 31
16653  03 06 11 13 14 24 26
16654  03 06 11 13 14 24 30
16655  03 06 11 13 14 24 31
16656  03 06 11 13 14 26 30
16657  03 06 11 13 14 26 31
16658  03 06 11 13 16 20 24
16659  03 06 11 13 16 21 24
16660  03 06 11 13 16 22 24
16661  03 06 11 13 16 23 24
16662  03 06 11 13 16 24 26
16663  03 06 11 13 16 24 30
16664  03 06 11 13 16 24 31
16665  03 06 11 13 20 21 24
16666  03 06 11 13 20 22 24
16667  03 06 11 13 20 23 24
16668  03 06 11 13 20 24 26
16669  03 06 11 13 20 24 30
16670  03 06 11 13 20 24 31
16671  03 06 11 13 21 22 24
16672  03 06 11 13 21 23 24
16673  03 06 11 13 21 24 26
16674  03 06 11 13 21 24 30
16675  03 06 11 13 21 24 31
16676  03 06 11 13 22 23 24
16677  03 06 11 13 22 24 26
16678  03 06 11 13 22 24 30
16679  03 06 11 13 22 24 31
16680  03 06 11 13 23 24 26
16681  03 06 11 13 23 24 30
16682  03 06 11 13 23 24 31
16683  03 06 11 13 24 26 30
16684  03 06 11 13 24 26 31
16685  03 06 11 13 24 30 31
16686  03 06 11 14 16 20 21
16687  03 06 11 14 16 20 22
16688  03 06 11 14 16 20 23
16689  03 06 11 14 16 20 24
16690  03 06 11 14 16 20 26
16691  03 06 11 14 16 20 30
16692  03 06 11 14 16 20 31
16693  03 06 11 14 16 21 22
16694  03 06 11 14 16 21 23
16695  03 06 11 14 16 21 24
16696  03 06 11 14 16 21 26
16697  03 06 11 14 16 21 30
16698  03 06 11 14 16 21 31
16699  03 06 11 14 16 22 23
16700  03 06 11 14 16 22 24
16701  03 06 11 14 16 22 26
16702  03 06 11 14 16 22 30
16703  03 06 11 14 16 22 31
16704  03 06 11 14 16 23 24
16705  03 06 11 14 16 23 26
16706  03 06 11 14 16 23 30
16707  03 06 11 14 16 23 31
16708  03 06 11 14 16 24 26
16709  03 06 11 14 16 24 30
16710  03 06 11 14 16 24 31
16711  03 06 11 14 16 26 30
16712  03 06 11 14 16 26 31
16713  03 06 11 14 20 21 22
16714  03 06 11 14 20 21 23
16715  03 06 11 14 20 21 24
16716  03 06 11 14 20 21 26
16717  03 06 11 14 20 21 30
16718  03 06 11 14 20 21 31
16719  03 06 11 14 20 22 23
16720  03 06 11 14 20 22 24
16721  03 06 11 14 20 22 26
16722  03 06 11 14 20 22 30
16723  03 06 11 14 20 22 31
16724  03 06 11 14 20 23 24
16725  03 06 11 14 20 23 26
16726  03 06 11 14 20 23 30
16727  03 06 11 14 20 23 31
16728  03 06 11 14 20 24 26
16729  03 06 11 14 20 24 30
16730  03 06 11 14 20 24 31
16731  03 06 11 14 20 26 30
16732  03 06 11 14 20 26 31
16733  03 06 11 14 20 30 31
16734  03 06 11 14 21 22 23
16735  03 06 11 14 21 22 24
16736  03 06 11 14 21 22 26
16737  03 06 11 14 21 22 30
16738  03 06 11 14 21 22 31
16739  03 06 11 14 21 23 24
16740  03 06 11 14 21 23 26
16741  03 06 11 14 21 23 30
16742  03 06 11 14 21 23 31
16743  03 06 11 14 21 24 26
16744  03 06 11 14 21 24 30
16745  03 06 11 14 21 24 31
16746  03 06 11 14 21 26 30
16747  03 06 11 14 21 26 31
16748  03 06 11 14 21 30 31
16749  03 06 11 14 22 23 24
16750  03 06 11 14 22 23 26
16751  03 06 11 14 22 23 30
16752  03 06 11 14 22 23 31
16753  03 06 11 14 22 24 26
16754  03 06 11 14 22 24 30
16755  03 06 11 14 22 24 31
16756  03 06 11 14 22 26 30
16757  03 06 11 14 22 26 31
16758  03 06 11 14 22 30 31
16759  03 06 11 14 23 24 26
16760  03 06 11 14 23 24 30
16761  03 06 11 14 23 24 31
16762  03 06 11 14 23 26 30
16763  03 06 11 14 23 26 31
16764  03 06 11 14 23 30 31
16765  03 06 11 14 24 26 30
16766  03 06 11 14 24 26 31
16767  03 06 11 14 24 30 31
16768  03 06 11 14 26 30 31
16769  03 06 11 16 20 21 24
16770  03 06 11 16 20 22 24
16771  03 06 11 16 20 23 24
16772  03 06 11 16 20 24 26
16773  03 06 11 16 20 24 30
16774  03 06 11 16 20 24 31
16775  03 06 11 16 21 22 24
16776  03 06 11 16 21 23 24
16777  03 06 11 16 21 24 26
16778  03 06 11 16 21 24 30
16779  03 06 11 16 21 24 31
16780  03 06 11 16 22 23 24
16781  03 06 11 16 22 24 26
16782  03 06 11 16 22 24 30
16783  03 06 11 16 22 24 31
16784  03 06 11 16 23 24 26
16785  03 06 11 16 23 24 30
16786  03 06 11 16 23 24 31
16787  03 06 11 16 24 26 30
16788  03 06 11 16 24 26 31
16789  03 06 11 16 24 30 31
16790  03 06 11 20 21 22 24
16791  03 06 11 20 21 23 24
16792  03 06 11 20 21 24 26
16793  03 06 11 20 21 24 30
16794  03 06 11 20 21 24 31
16795  03 06 11 20 22 23 24
16796  03 06 11 20 22 24 26
16797  03 06 11 20 22 24 30
16798  03 06 11 20 22 24 31
16799  03 06 11 20 23 24 26
16800  03 06 11 20 23 24 30
16801  03 06 11 20 23 24 31
16802  03 06 11 20 24 26 30
16803  03 06 11 20 24 26 31
16804  03 06 11 20 24 30 31
16805  03 06 11 21 22 23 24
16806  03 06 11 21 22 24 26
16807  03 06 11 21 22 24 30
16808  03 06 11 21 22 24 31
16809  03 06 11 21 23 24 26
16810  03 06 11 21 23 24 30
16811  03 06 11 21 23 24 31
16812  03 06 11 21 24 26 30
16813  03 06 11 21 24 26 31
16814  03 06 11 21 24 30 31
16815  03 06 11 22 23 24 26
16816  03 06 11 22 23 24 30
16817  03 06 11 22 23 24 31
16818  03 06 11 22 24 26 30
16819  03 06 11 22 24 26 31
16820  03 06 11 22 24 30 31
16821  03 06 11 23 24 26 30
16822  03 06 11 23 24 26 31
16823  03 06 11 23 24 30 31
16824  03 06 11 24 26 30 31
16825  03 06 12 13 14 16 20
16826  03 06 12 13 14 16 21
16827  03 06 12 13 14 16 22
16828  03 06 12 13 14 16 23
16829  03 06 12 13 14 16 24
16830  03 06 12 13 14 16 26
16831  03 06 12 13 14 16 30
16832  03 06 12 13 14 16 31
16833  03 06 12 13 14 20 21
16834  03 06 12 13 14 20 22
16835  03 06 12 13 14 20 23
16836  03 06 12 13 14 20 24
16837  03 06 12 13 14 20 26
16838  03 06 12 13 14 20 30
16839  03 06 12 13 14 20 31
16840  03 06 12 13 14 21 22
16841  03 06 12 13 14 21 23
16842  03 06 12 13 14 21 24
16843  03 06 12 13 14 21 26
16844  03 06 12 13 14 21 30
16845  03 06 12 13 14 21 31
16846  03 06 12 13 14 22 23
16847  03 06 12 13 14 22 24
16848  03 06 12 13 14 22 26
16849  03 06 12 13 14 22 30
16850  03 06 12 13 14 22 31
16851  03 06 12 13 14 23 24
16852  03 06 12 13 14 23 26
16853  03 06 12 13 14 23 30
16854  03 06 12 13 14 23 31
16855  03 06 12 13 14 24 26
16856  03 06 12 13 14 24 30
16857  03 06 12 13 14 24 31
16858  03 06 12 13 14 26 30
16859  03 06 12 13 14 26 31
16860  03 06 12 13 14 30 31
16861  03 06 12 13 16 20 24
16862  03 06 12 13 16 21 24
16863  03 06 12 13 16 22 24
16864  03 06 12 13 16 23 24
16865  03 06 12 13 16 24 26
16866  03 06 12 13 16 24 30
16867  03 06 12 13 16 24 31
16868  03 06 12 13 20 21 24
16869  03 06 12 13 20 22 24
16870  03 06 12 13 20 23 24
16871  03 06 12 13 20 24 26
16872  03 06 12 13 20 24 30
16873  03 06 12 13 20 24 31
16874  03 06 12 13 21 22 24
16875  03 06 12 13 21 23 24
16876  03 06 12 13 21 24 26
16877  03 06 12 13 21 24 30
16878  03 06 12 13 21 24 31
16879  03 06 12 13 22 23 24
16880  03 06 12 13 22 24 26
16881  03 06 12 13 22 24 30
16882  03 06 12 13 22 24 31
16883  03 06 12 13 23 24 26
16884  03 06 12 13 23 24 30
16885  03 06 12 13 23 24 31
16886  03 06 12 13 24 26 30
16887  03 06 12 13 24 26 31
16888  03 06 12 13 24 30 31
16889  03 06 12 14 16 20 21
16890  03 06 12 14 16 20 22
16891  03 06 12 14 16 20 23
16892  03 06 12 14 16 20 24
16893  03 06 12 14 16 20 26
16894  03 06 12 14 16 20 30
16895  03 06 12 14 16 20 31
16896  03 06 12 14 16 21 22
16897  03 06 12 14 16 21 23
16898  03 06 12 14 16 21 24
16899  03 06 12 14 16 21 26
16900  03 06 12 14 16 21 30
16901  03 06 12 14 16 21 31
16902  03 06 12 14 16 22 23
16903  03 06 12 14 16 22 24
16904  03 06 12 14 16 22 26
16905  03 06 12 14 16 22 30
16906  03 06 12 14 16 22 31
16907  03 06 12 14 16 23 24
16908  03 06 12 14 16 23 26
16909  03 06 12 14 16 23 30
16910  03 06 12 14 16 23 31
16911  03 06 12 14 16 24 26
16912  03 06 12 14 16 24 30
16913  03 06 12 14 16 24 31
16914  03 06 12 14 16 26 30
16915  03 06 12 14 16 26 31
16916  03 06 12 14 16 30 31
16917  03 06 12 14 20 21 22
16918  03 06 12 14 20 21 23
16919  03 06 12 14 20 21 24
16920  03 06 12 14 20 21 26
16921  03 06 12 14 20 21 30
16922  03 06 12 14 20 21 31
16923  03 06 12 14 20 22 23
16924  03 06 12 14 20 22 24
16925  03 06 12 14 20 22 26
16926  03 06 12 14 20 22 30
16927  03 06 12 14 20 22 31
16928  03 06 12 14 20 23 24
16929  03 06 12 14 20 23 26
16930  03 06 12 14 20 23 30
16931  03 06 12 14 20 23 31
16932  03 06 12 14 20 24 26
16933  03 06 12 14 20 24 30
16934  03 06 12 14 20 24 31
16935  03 06 12 14 20 26 30
16936  03 06 12 14 20 26 31
16937  03 06 12 14 20 30 31
16938  03 06 12 14 21 22 23
16939  03 06 12 14 21 22 24
16940  03 06 12 14 21 22 26
16941  03 06 12 14 21 22 30
16942  03 06 12 14 21 22 31
16943  03 06 12 14 21 23 24
16944  03 06 12 14 21 23 26
16945  03 06 12 14 21 23 30
16946  03 06 12 14 21 23 31
16947  03 06 12 14 21 24 26
16948  03 06 12 14 21 24 30
16949  03 06 12 14 21 24 31
16950  03 06 12 14 21 26 30
16951  03 06 12 14 21 26 31
16952  03 06 12 14 21 30 31
16953  03 06 12 14 22 23 24
16954  03 06 12 14 22 23 26
16955  03 06 12 14 22 23 30
16956  03 06 12 14 22 23 31
16957  03 06 12 14 22 24 26
16958  03 06 12 14 22 24 30
16959  03 06 12 14 22 24 31
16960  03 06 12 14 22 26 30
16961  03 06 12 14 22 26 31
16962  03 06 12 14 22 30 31
16963  03 06 12 14 23 24 26
16964  03 06 12 14 23 24 30
16965  03 06 12 14 23 24 31
16966  03 06 12 14 23 26 30
16967  03 06 12 14 23 26 31
16968  03 06 12 14 23 30 31
16969  03 06 12 14 24 26 30
16970  03 06 12 14 24 26 31
16971  03 06 12 14 24 30 31
16972  03 06 12 14 26 30 31
16973  03 06 12 16 20 21 24
16974  03 06 12 16 20 22 24
16975  03 06 12 16 20 23 24
16976  03 06 12 16 20 24 26
16977  03 06 12 16 20 24 30
16978  03 06 12 16 20 24 31
16979  03 06 12 16 21 22 24
16980  03 06 12 16 21 23 24
16981  03 06 12 16 21 24 26
16982  03 06 12 16 21 24 30
16983  03 06 12 16 21 24 31
16984  03 06 12 16 22 23 24
16985  03 06 12 16 22 24 26
16986  03 06 12 16 22 24 30
16987  03 06 12 16 22 24 31
16988  03 06 12 16 23 24 26
16989  03 06 12 16 23 24 30
16990  03 06 12 16 23 24 31
16991  03 06 12 16 24 26 30
16992  03 06 12 16 24 26 31
16993  03 06 12 16 24 30 31
16994  03 06 12 20 21 22 24
16995  03 06 12 20 21 23 24
16996  03 06 12 20 21 24 26
16997  03 06 12 20 21 24 30
16998  03 06 12 20 21 24 31
16999  03 06 12 20 22 23 24
17000  03 06 12 20 22 24 26
17001  03 06 12 20 22 24 30
17002  03 06 12 20 22 24 31
17003  03 06 12 20 23 24 26
17004  03 06 12 20 23 24 30
17005  03 06 12 20 23 24 31
17006  03 06 12 20 24 26 30
17007  03 06 12 20 24 26 31
17008  03 06 12 20 24 30 31
17009  03 06 12 21 22 23 24
17010  03 06 12 21 22 24 26
17011  03 06 12 21 22 24 30
17012  03 06 12 21 22 24 31
17013  03 06 12 21 23 24 26
17014  03 06 12 21 23 24 30
17015  03 06 12 21 23 24 31
17016  03 06 12 21 24 26 30
17017  03 06 12 21 24 26 31
17018  03 06 12 21 24 30 31
17019  03 06 12 22 23 24 26
17020  03 06 12 22 23 24 30
17021  03 06 12 22 23 24 31
17022  03 06 12 22 24 26 30
17023  03 06 12 22 24 26 31
17024  03 06 12 22 24 30 31
17025  03 06 12 23 24 26 30
17026  03 06 12 23 24 26 31
17027  03 06 12 23 24 30 31
17028  03 06 12 24 26 30 31
17029  03 06 13 14 16 20 21
17030  03 06 13 14 16 20 22
17031  03 06 13 14 16 20 23
17032  03 06 13 14 16 20 24
17033  03 06 13 14 16 20 26
17034  03 06 13 14 16 20 30
17035  03 06 13 14 16 20 31
17036  03 06 13 14 16 21 22
17037  03 06 13 14 16 21 23
17038  03 06 13 14 16 21 24
17039  03 06 13 14 16 21 26
17040  03 06 13 14 16 21 30
17041  03 06 13 14 16 21 31
17042  03 06 13 14 16 22 23
17043  03 06 13 14 16 22 24
17044  03 06 13 14 16 22 26
17045  03 06 13 14 16 22 30
17046  03 06 13 14 16 22 31
17047  03 06 13 14 16 23 24
17048  03 06 13 14 16 23 26
17049  03 06 13 14 16 23 30
17050  03 06 13 14 16 23 31
17051  03 06 13 14 16 24 26
17052  03 06 13 14 16 24 30
17053  03 06 13 14 16 24 31
17054  03 06 13 14 16 26 30
17055  03 06 13 14 16 26 31
17056  03 06 13 14 20 21 22
17057  03 06 13 14 20 21 23
17058  03 06 13 14 20 21 24
17059  03 06 13 14 20 21 26
17060  03 06 13 14 20 21 30
17061  03 06 13 14 20 21 31
17062  03 06 13 14 20 22 23
17063  03 06 13 14 20 22 24
17064  03 06 13 14 20 22 26
17065  03 06 13 14 20 22 30
17066  03 06 13 14 20 22 31
17067  03 06 13 14 20 23 24
17068  03 06 13 14 20 23 26
17069  03 06 13 14 20 23 30
17070  03 06 13 14 20 23 31
17071  03 06 13 14 20 24 26
17072  03 06 13 14 20 24 30
17073  03 06 13 14 20 24 31
17074  03 06 13 14 20 26 30
17075  03 06 13 14 20 26 31
17076  03 06 13 14 20 30 31
17077  03 06 13 14 21 22 23
17078  03 06 13 14 21 22 24
17079  03 06 13 14 21 22 26
17080  03 06 13 14 21 22 30
17081  03 06 13 14 21 22 31
17082  03 06 13 14 21 23 24
17083  03 06 13 14 21 23 26
17084  03 06 13 14 21 23 30
17085  03 06 13 14 21 23 31
17086  03 06 13 14 21 24 26
17087  03 06 13 14 21 24 30
17088  03 06 13 14 21 24 31
17089  03 06 13 14 21 26 30
17090  03 06 13 14 21 26 31
17091  03 06 13 14 21 30 31
17092  03 06 13 14 22 23 24
17093  03 06 13 14 22 23 26
17094  03 06 13 14 22 23 30
17095  03 06 13 14 22 23 31
17096  03 06 13 14 22 24 26
17097  03 06 13 14 22 24 30
17098  03 06 13 14 22 24 31
17099  03 06 13 14 22 26 30
17100  03 06 13 14 22 26 31
17101  03 06 13 14 22 30 31
17102  03 06 13 14 23 24 26
17103  03 06 13 14 23 24 30
17104  03 06 13 14 23 24 31
17105  03 06 13 14 23 26 30
17106  03 06 13 14 23 26 31
17107  03 06 13 14 23 30 31
17108  03 06 13 14 24 26 30
17109  03 06 13 14 24 26 31
17110  03 06 13 14 24 30 31
17111  03 06 13 14 26 30 31
17112  03 06 13 16 20 21 24
17113  03 06 13 16 20 22 24
17114  03 06 13 16 20 23 24
17115  03 06 13 16 20 24 26
17116  03 06 13 16 20 24 30
17117  03 06 13 16 20 24 31
17118  03 06 13 16 21 22 24
17119  03 06 13 16 21 23 24
17120  03 06 13 16 21 24 26
17121  03 06 13 16 21 24 30
17122  03 06 13 16 21 24 31
17123  03 06 13 16 22 23 24
17124  03 06 13 16 22 24 26
17125  03 06 13 16 22 24 30
17126  03 06 13 16 22 24 31
17127  03 06 13 16 23 24 26
17128  03 06 13 16 23 24 30
17129  03 06 13 16 23 24 31
17130  03 06 13 16 24 26 30
17131  03 06 13 16 24 26 31
17132  03 06 13 16 24 30 31
17133  03 06 13 20 21 22 24
17134  03 06 13 20 21 23 24
17135  03 06 13 20 21 24 26
17136  03 06 13 20 21 24 30
17137  03 06 13 20 21 24 31
17138  03 06 13 20 22 23 24
17139  03 06 13 20 22 24 26
17140  03 06 13 20 22 24 30
17141  03 06 13 20 22 24 31
17142  03 06 13 20 23 24 26
17143  03 06 13 20 23 24 30
17144  03 06 13 20 23 24 31
17145  03 06 13 20 24 26 30
17146  03 06 13 20 24 26 31
17147  03 06 13 20 24 30 31
17148  03 06 13 21 22 23 24
17149  03 06 13 21 22 24 26
17150  03 06 13 21 22 24 30
17151  03 06 13 21 22 24 31
17152  03 06 13 21 23 24 26
17153  03 06 13 21 23 24 30
17154  03 06 13 21 23 24 31
17155  03 06 13 21 24 26 30
17156  03 06 13 21 24 26 31
17157  03 06 13 21 24 30 31
17158  03 06 13 22 23 24 26
17159  03 06 13 22 23 24 30
17160  03 06 13 22 23 24 31
17161  03 06 13 22 24 26 30
17162  03 06 13 22 24 26 31
17163  03 06 13 22 24 30 31
17164  03 06 13 23 24 26 30
17165  03 06 13 23 24 26 31
17166  03 06 13 23 24 30 31
17167  03 06 13 24 26 30 31
17168  03 06 14 16 20 21 22
17169  03 06 14 16 20 21 23
17170  03 06 14 16 20 21 24
17171  03 06 14 16 20 21 26
17172  03 06 14 16 20 21 30
17173  03 06 14 16 20 21 31
17174  03 06 14 16 20 22 23
17175  03 06 14 16 20 22 24
17176  03 06 14 16 20 22 26
17177  03 06 14 16 20 22 30
17178  03 06 14 16 20 22 31
17179  03 06 14 16 20 23 24
17180  03 06 14 16 20 23 26
17181  03 06 14 16 20 23 30
17182  03 06 14 16 20 23 31
17183  03 06 14 16 20 24 26
17184  03 06 14 16 20 24 30
17185  03 06 14 16 20 24 31
17186  03 06 14 16 20 26 30
17187  03 06 14 16 20 26 31
17188  03 06 14 16 20 30 31
17189  03 06 14 16 21 22 23
17190  03 06 14 16 21 22 24
17191  03 06 14 16 21 22 26
17192  03 06 14 16 21 22 30
17193  03 06 14 16 21 22 31
17194  03 06 14 16 21 23 24
17195  03 06 14 16 21 23 26
17196  03 06 14 16 21 23 30
17197  03 06 14 16 21 23 31
17198  03 06 14 16 21 24 26
17199  03 06 14 16 21 24 30
17200  03 06 14 16 21 24 31
17201  03 06 14 16 21 26 30
17202  03 06 14 16 21 26 31
17203  03 06 14 16 21 30 31
17204  03 06 14 16 22 23 24
17205  03 06 14 16 22 23 26
17206  03 06 14 16 22 23 30
17207  03 06 14 16 22 23 31
17208  03 06 14 16 22 24 26
17209  03 06 14 16 22 24 30
17210  03 06 14 16 22 24 31
17211  03 06 14 16 22 26 30
17212  03 06 14 16 22 26 31
17213  03 06 14 16 22 30 31
17214  03 06 14 16 23 24 26
17215  03 06 14 16 23 24 30
17216  03 06 14 16 23 24 31
17217  03 06 14 16 23 26 30
17218  03 06 14 16 23 26 31
17219  03 06 14 16 23 30 31
17220  03 06 14 16 24 26 30
17221  03 06 14 16 24 26 31
17222  03 06 14 16 24 30 31
17223  03 06 14 16 26 30 31
17224  03 06 14 20 21 22 23
17225  03 06 14 20 21 22 24
17226  03 06 14 20 21 22 26
17227  03 06 14 20 21 22 30
17228  03 06 14 20 21 22 31
17229  03 06 14 20 21 23 24
17230  03 06 14 20 21 23 26
17231  03 06 14 20 21 23 30
17232  03 06 14 20 21 23 31
17233  03 06 14 20 21 24 26
17234  03 06 14 20 21 24 30
17235  03 06 14 20 21 24 31
17236  03 06 14 20 21 26 30
17237  03 06 14 20 21 26 31
17238  03 06 14 20 21 30 31
17239  03 06 14 20 22 23 24
17240  03 06 14 20 22 23 26
17241  03 06 14 20 22 23 30
17242  03 06 14 20 22 23 31
17243  03 06 14 20 22 24 26
17244  03 06 14 20 22 24 30
17245  03 06 14 20 22 24 31
17246  03 06 14 20 22 26 30
17247  03 06 14 20 22 26 31
17248  03 06 14 20 22 30 31
17249  03 06 14 20 23 24 26
17250  03 06 14 20 23 24 30
17251  03 06 14 20 23 24 31
17252  03 06 14 20 23 26 30
17253  03 06 14 20 23 26 31
17254  03 06 14 20 23 30 31
17255  03 06 14 20 24 26 30
17256  03 06 14 20 24 26 31
17257  03 06 14 20 24 30 31
17258  03 06 14 20 26 30 31
17259  03 06 14 21 22 23 24
17260  03 06 14 21 22 23 26
17261  03 06 14 21 22 23 30
17262  03 06 14 21 22 23 31
17263  03 06 14 21 22 24 26
17264  03 06 14 21 22 24 30
17265  03 06 14 21 22 24 31
17266  03 06 14 21 22 26 30
17267  03 06 14 21 22 26 31
17268  03 06 14 21 22 30 31
17269  03 06 14 21 23 24 26
17270  03 06 14 21 23 24 30
17271  03 06 14 21 23 24 31
17272  03 06 14 21 23 26 30
17273  03 06 14 21 23 26 31
17274  03 06 14 21 23 30 31
17275  03 06 14 21 24 26 30
17276  03 06 14 21 24 26 31
17277  03 06 14 21 24 30 31
17278  03 06 14 21 26 30 31
17279  03 06 14 22 23 24 26
17280  03 06 14 22 23 24 30
17281  03 06 14 22 23 24 31
17282  03 06 14 22 23 26 30
17283  03 06 14 22 23 26 31
17284  03 06 14 22 23 30 31
17285  03 06 14 22 24 26 30
17286  03 06 14 22 24 26 31
17287  03 06 14 22 24 30 31
17288  03 06 14 22 26 30 31
17289  03 06 14 23 24 26 30
17290  03 06 14 23 24 26 31
17291  03 06 14 23 24 30 31
17292  03 06 14 23 26 30 31
17293  03 06 14 24 26 30 31
17294  03 06 16 20 21 22 24
17295  03 06 16 20 21 23 24
17296  03 06 16 20 21 24 26
17297  03 06 16 20 21 24 30
17298  03 06 16 20 21 24 31
17299  03 06 16 20 22 23 24
17300  03 06 16 20 22 24 26
17301  03 06 16 20 22 24 30
17302  03 06 16 20 22 24 31
17303  03 06 16 20 23 24 26
17304  03 06 16 20 23 24 30
17305  03 06 16 20 23 24 31
17306  03 06 16 20 24 26 30
17307  03 06 16 20 24 26 31
17308  03 06 16 20 24 30 31
17309  03 06 16 21 22 23 24
17310  03 06 16 21 22 24 26
17311  03 06 16 21 22 24 30
17312  03 06 16 21 22 24 31
17313  03 06 16 21 23 24 26
17314  03 06 16 21 23 24 30
17315  03 06 16 21 23 24 31
17316  03 06 16 21 24 26 30
17317  03 06 16 21 24 26 31
17318  03 06 16 21 24 30 31
17319  03 06 16 22 23 24 26
17320  03 06 16 22 23 24 30
17321  03 06 16 22 23 24 31
17322  03 06 16 22 24 26 30
17323  03 06 16 22 24 26 31
17324  03 06 16 22 24 30 31
17325  03 06 16 23 24 26 30
17326  03 06 16 23 24 26 31
17327  03 06 16 23 24 30 31
17328  03 06 16 24 26 30 31
17329  03 06 20 21 22 23 24
17330  03 06 20 21 22 24 26
17331  03 06 20 21 22 24 30
17332  03 06 20 21 22 24 31
17333  03 06 20 21 23 24 26
17334  03 06 20 21 23 24 30
17335  03 06 20 21 23 24 31
17336  03 06 20 21 24 26 30
17337  03 06 20 21 24 26 31
17338  03 06 20 21 24 30 31
17339  03 06 20 22 23 24 31
17340  03 06 20 22 24 26 31
17341  03 06 20 22 24 30 31
17342  03 06 20 23 24 26 31
17343  03 06 20 23 24 30 31
17344  03 06 20 24 26 30 31
17345  03 06 21 22 23 24 26
17346  03 06 21 22 23 24 30
17347  03 06 21 22 23 24 31
17348  03 06 21 22 24 26 30
17349  03 06 21 22 24 26 31
17350  03 06 21 22 24 30 31
17351  03 06 21 23 24 26 30
17352  03 06 21 23 24 26 31
17353  03 06 21 23 24 30 31
17354  03 06 21 24 26 30 31
17355  03 06 22 23 24 26 31
17356  03 06 22 23 24 30 31
17357  03 06 22 24 26 30 31
17358  03 06 23 24 26 30 31
17359  03 10 11 12 13 14 16
17360  03 10 11 12 13 14 26
17361  03 10 11 12 13 16 24
17362  03 10 11 12 13 24 26
17363  03 10 11 12 14 16 20
17364  03 10 11 12 14 16 21
17365  03 10 11 12 14 16 22
17366  03 10 11 12 14 16 23
17367  03 10 11 12 14 16 24
17368  03 10 11 12 14 16 26
17369  03 10 11 12 14 16 30
17370  03 10 11 12 14 16 31
17371  03 10 11 12 14 20 26
17372  03 10 11 12 14 21 26
17373  03 10 11 12 14 22 26
17374  03 10 11 12 14 23 26
17375  03 10 11 12 14 24 26
17376  03 10 11 12 14 26 30
17377  03 10 11 12 14 26 31
17378  03 10 11 12 16 20 24
17379  03 10 11 12 16 21 24
17380  03 10 11 12 16 22 24
17381  03 10 11 12 16 23 24
17382  03 10 11 12 16 24 26
17383  03 10 11 12 16 24 30
17384  03 10 11 12 16 24 31
17385  03 10 11 12 20 24 26
17386  03 10 11 12 21 24 26
17387  03 10 11 12 22 24 26
17388  03 10 11 12 23 24 26
17389  03 10 11 12 24 26 30
17390  03 10 11 12 24 26 31
17391  03 10 11 13 14 16 20
17392  03 10 11 13 14 16 21
17393  03 10 11 13 14 16 22
17394  03 10 11 13 14 16 23
17395  03 10 11 13 14 16 24
17396  03 10 11 13 14 16 26
17397  03 10 11 13 14 20 26
17398  03 10 11 13 14 21 26
17399  03 10 11 13 14 22 26
17400  03 10 11 13 14 23 26
17401  03 10 11 13 14 24 26
17402  03 10 11 13 14 26 30
17403  03 10 11 13 14 26 31
17404  03 10 11 13 16 20 24
17405  03 10 11 13 16 21 24
17406  03 10 11 13 16 22 24
17407  03 10 11 13 16 23 24
17408  03 10 11 13 16 24 26
17409  03 10 11 13 16 24 30
17410  03 10 11 13 16 24 31
17411  03 10 11 13 20 24 26
17412  03 10 11 13 21 24 26
17413  03 10 11 13 22 24 26
17414  03 10 11 13 23 24 26
17415  03 10 11 13 24 26 30
17416  03 10 11 13 24 26 31
17417  03 10 11 14 16 20 21
17418  03 10 11 14 16 20 22
17419  03 10 11 14 16 20 23
17420  03 10 11 14 16 20 24
17421  03 10 11 14 16 20 26
17422  03 10 11 14 16 20 30
17423  03 10 11 14 16 20 31
17424  03 10 11 14 16 21 22
17425  03 10 11 14 16 21 23
17426  03 10 11 14 16 21 24
17427  03 10 11 14 16 21 26
17428  03 10 11 14 16 21 30
17429  03 10 11 14 16 21 31
17430  03 10 11 14 16 22 23
17431  03 10 11 14 16 22 24
17432  03 10 11 14 16 22 26
17433  03 10 11 14 16 22 30
17434  03 10 11 14 16 22 31
17435  03 10 11 14 16 23 24
17436  03 10 11 14 16 23 26
17437  03 10 11 14 16 23 30
17438  03 10 11 14 16 23 31
17439  03 10 11 14 16 24 26
17440  03 10 11 14 16 24 30
17441  03 10 11 14 16 24 31
17442  03 10 11 14 16 26 30
17443  03 10 11 14 16 26 31
17444  03 10 11 14 20 21 26
17445  03 10 11 14 20 22 26
17446  03 10 11 14 20 23 26
17447  03 10 11 14 20 24 26
17448  03 10 11 14 20 26 30
17449  03 10 11 14 20 26 31
17450  03 10 11 14 21 22 26
17451  03 10 11 14 21 23 26
17452  03 10 11 14 21 24 26
17453  03 10 11 14 21 26 30
17454  03 10 11 14 21 26 31
17455  03 10 11 14 22 23 26
17456  03 10 11 14 22 24 26
17457  03 10 11 14 22 26 30
17458  03 10 11 14 22 26 31
17459  03 10 11 14 23 24 26
17460  03 10 11 14 23 26 30
17461  03 10 11 14 23 26 31
17462  03 10 11 14 24 26 30
17463  03 10 11 14 24 26 31
17464  03 10 11 14 26 30 31
17465  03 10 11 16 20 21 24
17466  03 10 11 16 20 22 24
17467  03 10 11 16 20 23 24
17468  03 10 11 16 20 24 26
17469  03 10 11 16 20 24 30
17470  03 10 11 16 20 24 31
17471  03 10 11 16 21 22 24
17472  03 10 11 16 21 23 24
17473  03 10 11 16 21 24 26
17474  03 10 11 16 21 24 30
17475  03 10 11 16 21 24 31
17476  03 10 11 16 22 23 24
17477  03 10 11 16 22 24 26
17478  03 10 11 16 22 24 30
17479  03 10 11 16 22 24 31
17480  03 10 11 16 23 24 26
17481  03 10 11 16 23 24 30
17482  03 10 11 16 23 24 31
17483  03 10 11 16 24 26 30
17484  03 10 11 16 24 26 31
17485  03 10 11 16 24 30 31
17486  03 10 11 20 21 24 26
17487  03 10 11 20 22 24 26
17488  03 10 11 20 23 24 26
17489  03 10 11 20 24 26 30
17490  03 10 11 20 24 26 31
17491  03 10 11 21 22 24 26
17492  03 10 11 21 23 24 26
17493  03 10 11 21 24 26 30
17494  03 10 11 21 24 26 31
17495  03 10 11 22 23 24 26
17496  03 10 11 22 24 26 30
17497  03 10 11 22 24 26 31
17498  03 10 11 23 24 26 30
17499  03 10 11 23 24 26 31
17500  03 10 11 24 26 30 31
17501  03 10 12 13 14 16 20
17502  03 10 12 13 14 16 21
17503  03 10 12 13 14 16 22
17504  03 10 12 13 14 16 23
17505  03 10 12 13 14 16 24
17506  03 10 12 13 14 16 26
17507  03 10 12 13 14 16 30
17508  03 10 12 13 14 16 31
17509  03 10 12 13 14 20 26
17510  03 10 12 13 14 21 26
17511  03 10 12 13 14 22 26
17512  03 10 12 13 14 23 26
17513  03 10 12 13 14 24 26
17514  03 10 12 13 14 26 30
17515  03 10 12 13 14 26 31
17516  03 10 12 13 16 20 24
17517  03 10 12 13 16 21 24
17518  03 10 12 13 16 22 24
17519  03 10 12 13 16 23 24
17520  03 10 12 13 16 24 26
17521  03 10 12 13 16 24 30
17522  03 10 12 13 16 24 31
17523  03 10 12 13 20 24 26
17524  03 10 12 13 21 24 26
17525  03 10 12 13 22 24 26
17526  03 10 12 13 23 24 26
17527  03 10 12 13 24 26 30
17528  03 10 12 13 24 26 31
17529  03 10 12 14 16 20 21
17530  03 10 12 14 16 20 22
17531  03 10 12 14 16 20 23
17532  03 10 12 14 16 20 24
17533  03 10 12 14 16 20 26
17534  03 10 12 14 16 20 30
17535  03 10 12 14 16 20 31
17536  03 10 12 14 16 21 22
17537  03 10 12 14 16 21 23
17538  03 10 12 14 16 21 24
17539  03 10 12 14 16 21 26
17540  03 10 12 14 16 21 30
17541  03 10 12 14 16 21 31
17542  03 10 12 14 16 22 23
17543  03 10 12 14 16 22 24
17544  03 10 12 14 16 22 26
17545  03 10 12 14 16 22 30
17546  03 10 12 14 16 22 31
17547  03 10 12 14 16 23 24
17548  03 10 12 14 16 23 26
17549  03 10 12 14 16 23 30
17550  03 10 12 14 16 23 31
17551  03 10 12 14 16 24 26
17552  03 10 12 14 16 24 30
17553  03 10 12 14 16 24 31
17554  03 10 12 14 16 26 30
17555  03 10 12 14 16 26 31
17556  03 10 12 14 16 30 31
17557  03 10 12 14 20 21 26
17558  03 10 12 14 20 22 26
17559  03 10 12 14 20 23 26
17560  03 10 12 14 20 24 26
17561  03 10 12 14 20 26 30
17562  03 10 12 14 20 26 31
17563  03 10 12 14 21 22 26
17564  03 10 12 14 21 23 26
17565  03 10 12 14 21 24 26
17566  03 10 12 14 21 26 30
17567  03 10 12 14 21 26 31
17568  03 10 12 14 22 23 26
17569  03 10 12 14 22 24 26
17570  03 10 12 14 22 26 30
17571  03 10 12 14 22 26 31
17572  03 10 12 14 23 24 26
17573  03 10 12 14 23 26 30
17574  03 10 12 14 23 26 31
17575  03 10 12 14 24 26 30
17576  03 10 12 14 24 26 31
17577  03 10 12 14 26 30 31
17578  03 10 12 16 20 21 24
17579  03 10 12 16 20 22 24
17580  03 10 12 16 20 23 24
17581  03 10 12 16 20 24 26
17582  03 10 12 16 20 24 30
17583  03 10 12 16 20 24 31
17584  03 10 12 16 21 22 24
17585  03 10 12 16 21 23 24
17586  03 10 12 16 21 24 26
17587  03 10 12 16 21 24 30
17588  03 10 12 16 21 24 31
17589  03 10 12 16 22 23 24
17590  03 10 12 16 22 24 26
17591  03 10 12 16 22 24 30
17592  03 10 12 16 22 24 31
17593  03 10 12 16 23 24 26
17594  03 10 12 16 23 24 30
17595  03 10 12 16 23 24 31
17596  03 10 12 16 24 26 30
17597  03 10 12 16 24 26 31
17598  03 10 12 16 24 30 31
17599  03 10 12 20 21 24 26
17600  03 10 12 20 22 24 26
17601  03 10 12 20 23 24 26
17602  03 10 12 20 24 26 30
17603  03 10 12 20 24 26 31
17604  03 10 12 21 22 24 26
17605  03 10 12 21 23 24 26
17606  03 10 12 21 24 26 30
17607  03 10 12 21 24 26 31
17608  03 10 12 22 23 24 26
17609  03 10 12 22 24 26 30
17610  03 10 12 22 24 26 31
17611  03 10 12 23 24 26 30
17612  03 10 12 23 24 26 31
17613  03 10 12 24 26 30 31
17614  03 10 13 14 16 20 21
17615  03 10 13 14 16 20 22
17616  03 10 13 14 16 20 23
17617  03 10 13 14 16 20 24
17618  03 10 13 14 16 20 26
17619  03 10 13 14 16 20 30
17620  03 10 13 14 16 20 31
17621  03 10 13 14 16 21 22
17622  03 10 13 14 16 21 23
17623  03 10 13 14 16 21 24
17624  03 10 13 14 16 21 26
17625  03 10 13 14 16 21 30
17626  03 10 13 14 16 21 31
17627  03 10 13 14 16 22 23
17628  03 10 13 14 16 22 24
17629  03 10 13 14 16 22 26
17630  03 10 13 14 16 22 30
17631  03 10 13 14 16 22 31
17632  03 10 13 14 16 23 24
17633  03 10 13 14 16 23 26
17634  03 10 13 14 16 23 30
17635  03 10 13 14 16 23 31
17636  03 10 13 14 16 24 26
17637  03 10 13 14 16 24 30
17638  03 10 13 14 16 24 31
17639  03 10 13 14 16 26 30
17640  03 10 13 14 16 26 31
17641  03 10 13 14 20 21 26
17642  03 10 13 14 20 22 26
17643  03 10 13 14 20 23 26
17644  03 10 13 14 20 24 26
17645  03 10 13 14 20 26 30
17646  03 10 13 14 20 26 31
17647  03 10 13 14 21 22 26
17648  03 10 13 14 21 23 26
17649  03 10 13 14 21 24 26
17650  03 10 13 14 21 26 30
17651  03 10 13 14 21 26 31
17652  03 10 13 14 22 23 26
17653  03 10 13 14 22 24 26
17654  03 10 13 14 22 26 30
17655  03 10 13 14 22 26 31
17656  03 10 13 14 23 24 26
17657  03 10 13 14 23 26 30
17658  03 10 13 14 23 26 31
17659  03 10 13 14 24 26 30
17660  03 10 13 14 24 26 31
17661  03 10 13 14 26 30 31
17662  03 10 13 16 20 21 24
17663  03 10 13 16 20 22 24
17664  03 10 13 16 20 23 24
17665  03 10 13 16 20 24 26
17666  03 10 13 16 20 24 30
17667  03 10 13 16 20 24 31
17668  03 10 13 16 21 22 24
17669  03 10 13 16 21 23 24
17670  03 10 13 16 21 24 26
17671  03 10 13 16 21 24 30
17672  03 10 13 16 21 24 31
17673  03 10 13 16 22 23 24
17674  03 10 13 16 22 24 26
17675  03 10 13 16 22 24 30
17676  03 10 13 16 22 24 31
17677  03 10 13 16 23 24 26
17678  03 10 13 16 23 24 30
17679  03 10 13 16 23 24 31
17680  03 10 13 16 24 26 30
17681  03 10 13 16 24 26 31
17682  03 10 13 16 24 30 31
17683  03 10 13 20 21 24 26
17684  03 10 13 20 22 24 26
17685  03 10 13 20 23 24 26
17686  03 10 13 20 24 26 30
17687  03 10 13 20 24 26 31
17688  03 10 13 21 22 24 26
17689  03 10 13 21 23 24 26
17690  03 10 13 21 24 26 30
17691  03 10 13 21 24 26 31
17692  03 10 13 22 23 24 26
17693  03 10 13 22 24 26 30
17694  03 10 13 22 24 26 31
17695  03 10 13 23 24 26 30
17696  03 10 13 23 24 26 31
17697  03 10 13 24 26 30 31
17698  03 10 14 16 20 21 22
17699  03 10 14 16 20 21 23
17700  03 10 14 16 20 21 24
17701  03 10 14 16 20 21 26
17702  03 10 14 16 20 21 30
17703  03 10 14 16 20 21 31
17704  03 10 14 16 20 22 23
17705  03 10 14 16 20 22 24
17706  03 10 14 16 20 22 26
17707  03 10 14 16 20 22 30
17708  03 10 14 16 20 22 31
17709  03 10 14 16 20 23 24
17710  03 10 14 16 20 23 26
17711  03 10 14 16 20 23 30
17712  03 10 14 16 20 23 31
17713  03 10 14 16 20 24 26
17714  03 10 14 16 20 24 30
17715  03 10 14 16 20 24 31
17716  03 10 14 16 20 26 30
17717  03 10 14 16 20 26 31
17718  03 10 14 16 20 30 31
17719  03 10 14 16 21 22 23
17720  03 10 14 16 21 22 24
17721  03 10 14 16 21 22 26
17722  03 10 14 16 21 22 30
17723  03 10 14 16 21 22 31
17724  03 10 14 16 21 23 24
17725  03 10 14 16 21 23 26
17726  03 10 14 16 21 23 30
17727  03 10 14 16 21 23 31
17728  03 10 14 16 21 24 26
17729  03 10 14 16 21 24 30
17730  03 10 14 16 21 24 31
17731  03 10 14 16 21 26 30
17732  03 10 14 16 21 26 31
17733  03 10 14 16 21 30 31
17734  03 10 14 16 22 23 24
17735  03 10 14 16 22 23 26
17736  03 10 14 16 22 23 30
17737  03 10 14 16 22 23 31
17738  03 10 14 16 22 24 26
17739  03 10 14 16 22 24 30
17740  03 10 14 16 22 24 31
17741  03 10 14 16 22 26 30
17742  03 10 14 16 22 26 31
17743  03 10 14 16 22 30 31
17744  03 10 14 16 23 24 26
17745  03 10 14 16 23 24 30
17746  03 10 14 16 23 24 31
17747  03 10 14 16 23 26 30
17748  03 10 14 16 23 26 31
17749  03 10 14 16 23 30 31
17750  03 10 14 16 24 26 30
17751  03 10 14 16 24 26 31
17752  03 10 14 16 24 30 31
17753  03 10 14 16 26 30 31
17754  03 10 14 20 21 22 26
17755  03 10 14 20 21 23 26
17756  03 10 14 20 21 24 26
17757  03 10 14 20 21 26 30
17758  03 10 14 20 21 26 31
17759  03 10 14 20 22 23 26
17760  03 10 14 20 22 24 26
17761  03 10 14 20 22 26 30
17762  03 10 14 20 22 26 31
17763  03 10 14 20 23 24 26
17764  03 10 14 20 23 26 30
17765  03 10 14 20 23 26 31
17766  03 10 14 20 24 26 30
17767  03 10 14 20 24 26 31
17768  03 10 14 20 26 30 31
17769  03 10 14 21 22 23 26
17770  03 10 14 21 22 24 26
17771  03 10 14 21 22 26 30
17772  03 10 14 21 22 26 31
17773  03 10 14 21 23 24 26
17774  03 10 14 21 23 26 30
17775  03 10 14 21 23 26 31
17776  03 10 14 21 24 26 30
17777  03 10 14 21 24 26 31
17778  03 10 14 21 26 30 31
17779  03 10 14 22 23 24 26
17780  03 10 14 22 23 26 30
17781  03 10 14 22 23 26 31
17782  03 10 14 22 24 26 30
17783  03 10 14 22 24 26 31
17784  03 10 14 22 26 30 31
17785  03 10 14 23 24 26 30
17786  03 10 14 23 24 26 31
17787  03 10 14 23 26 30 31
17788  03 10 14 24 26 30 31
17789  03 10 16 20 21 22 24
17790  03 10 16 20 21 23 24
17791  03 10 16 20 21 24 26
17792  03 10 16 20 21 24 30
17793  03 10 16 20 21 24 31
17794  03 10 16 20 22 23 24
17795  03 10 16 20 22 24 26
17796  03 10 16 20 22 24 30
17797  03 10 16 20 22 24 31
17798  03 10 16 20 23 24 26
17799  03 10 16 20 23 24 30
17800  03 10 16 20 23 24 31
17801  03 10 16 20 24 26 30
17802  03 10 16 20 24 26 31
17803  03 10 16 20 24 30 31
17804  03 10 16 21 22 23 24
17805  03 10 16 21 22 24 26
17806  03 10 16 21 22 24 30
17807  03 10 16 21 22 24 31
17808  03 10 16 21 23 24 26
17809  03 10 16 21 23 24 30
17810  03 10 16 21 23 24 31
17811  03 10 16 21 24 26 30
17812  03 10 16 21 24 26 31
17813  03 10 16 21 24 30 31
17814  03 10 16 22 23 24 26
17815  03 10 16 22 23 24 30
17816  03 10 16 22 23 24 31
17817  03 10 16 22 24 26 30
17818  03 10 16 22 24 26 31
17819  03 10 16 22 24 30 31
17820  03 10 16 23 24 26 30
17821  03 10 16 23 24 26 31
17822  03 10 16 23 24 30 31
17823  03 10 16 24 26 30 31
17824  03 10 20 21 22 24 26
17825  03 10 20 21 23 24 26
17826  03 10 20 21 24 26 30
17827  03 10 20 21 24 26 31
17828  03 10 20 22 23 24 26
17829  03 10 20 22 24 26 30
17830  03 10 20 22 24 26 31
17831  03 10 20 23 24 26 30
17832  03 10 20 23 24 26 31
17833  03 10 20 24 26 30 31
17834  03 10 21 22 23 24 26
17835  03 10 21 22 24 26 30
17836  03 10 21 22 24 26 31
17837  03 10 21 23 24 26 30
17838  03 10 21 23 24 26 31
17839  03 10 21 24 26 30 31
17840  03 10 22 23 24 26 30
17841  03 10 22 23 24 26 31
17842  03 10 22 24 26 30 31
17843  03 10 23 24 26 30 31
17844  03 11 12 13 14 16 20
17845  03 11 12 13 14 16 21
17846  03 11 12 13 14 16 22
17847  03 11 12 13 14 16 23
17848  03 11 12 13 14 16 24
17849  03 11 12 13 14 16 26
17850  03 11 12 13 14 16 30
17851  03 11 12 13 14 16 31
17852  03 11 12 13 14 20 26
17853  03 11 12 13 14 21 26
17854  03 11 12 13 14 22 26
17855  03 11 12 13 14 23 26
17856  03 11 12 13 14 24 26
17857  03 11 12 13 14 26 30
17858  03 11 12 13 14 26 31
17859  03 11 12 13 16 20 24
17860  03 11 12 13 16 21 24
17861  03 11 12 13 16 22 24
17862  03 11 12 13 16 23 24
17863  03 11 12 13 16 24 26
17864  03 11 12 13 16 24 30
17865  03 11 12 13 16 24 31
17866  03 11 12 13 20 24 26
17867  03 11 12 13 21 24 26
17868  03 11 12 13 22 24 26
17869  03 11 12 13 23 24 26
17870  03 11 12 13 24 26 30
17871  03 11 12 13 24 26 31
17872  03 11 12 14 16 20 21
17873  03 11 12 14 16 20 22
17874  03 11 12 14 16 20 23
17875  03 11 12 14 16 20 24
17876  03 11 12 14 16 20 26
17877  03 11 12 14 16 20 30
17878  03 11 12 14 16 20 31
17879  03 11 12 14 16 21 22
17880  03 11 12 14 16 21 23
17881  03 11 12 14 16 21 24
17882  03 11 12 14 16 21 26
17883  03 11 12 14 16 21 30
17884  03 11 12 14 16 21 31
17885  03 11 12 14 16 22 23
17886  03 11 12 14 16 22 24
17887  03 11 12 14 16 22 26
17888  03 11 12 14 16 22 30
17889  03 11 12 14 16 22 31
17890  03 11 12 14 16 23 24
17891  03 11 12 14 16 23 26
17892  03 11 12 14 16 23 30
17893  03 11 12 14 16 23 31
17894  03 11 12 14 16 24 26
17895  03 11 12 14 16 24 30
17896  03 11 12 14 16 24 31
17897  03 11 12 14 16 26 30
17898  03 11 12 14 16 26 31
17899  03 11 12 14 16 30 31
17900  03 11 12 14 20 21 26
17901  03 11 12 14 20 22 26
17902  03 11 12 14 20 23 26
17903  03 11 12 14 20 24 26
17904  03 11 12 14 20 26 30
17905  03 11 12 14 20 26 31
17906  03 11 12 14 21 22 26
17907  03 11 12 14 21 23 26
17908  03 11 12 14 21 24 26
17909  03 11 12 14 21 26 30
17910  03 11 12 14 21 26 31
17911  03 11 12 14 22 23 26
17912  03 11 12 14 22 24 26
17913  03 11 12 14 22 26 30
17914  03 11 12 14 22 26 31
17915  03 11 12 14 23 24 26
17916  03 11 12 14 23 26 30
17917  03 11 12 14 23 26 31
17918  03 11 12 14 24 26 30
17919  03 11 12 14 24 26 31
17920  03 11 12 14 26 30 31
17921  03 11 12 16 20 21 24
17922  03 11 12 16 20 22 24
17923  03 11 12 16 20 23 24
17924  03 11 12 16 20 24 26
17925  03 11 12 16 20 24 30
17926  03 11 12 16 20 24 31
17927  03 11 12 16 21 22 24
17928  03 11 12 16 21 23 24
17929  03 11 12 16 21 24 26
17930  03 11 12 16 21 24 30
17931  03 11 12 16 21 24 31
17932  03 11 12 16 22 23 24
17933  03 11 12 16 22 24 26
17934  03 11 12 16 22 24 30
17935  03 11 12 16 22 24 31
17936  03 11 12 16 23 24 26
17937  03 11 12 16 23 24 30
17938  03 11 12 16 23 24 31
17939  03 11 12 16 24 26 30
17940  03 11 12 16 24 26 31
17941  03 11 12 16 24 30 31
17942  03 11 12 20 21 24 26
17943  03 11 12 20 22 24 26
17944  03 11 12 20 23 24 26
17945  03 11 12 20 24 26 30
17946  03 11 12 20 24 26 31
17947  03 11 12 21 22 24 26
17948  03 11 12 21 23 24 26
17949  03 11 12 21 24 26 30
17950  03 11 12 21 24 26 31
17951  03 11 12 22 23 24 26
17952  03 11 12 22 24 26 30
17953  03 11 12 22 24 26 31
17954  03 11 12 23 24 26 30
17955  03 11 12 23 24 26 31
17956  03 11 12 24 26 30 31
17957  03 11 13 14 16 20 21
17958  03 11 13 14 16 20 22
17959  03 11 13 14 16 20 23
17960  03 11 13 14 16 20 24
17961  03 11 13 14 16 20 26
17962  03 11 13 14 16 20 30
17963  03 11 13 14 16 20 31
17964  03 11 13 14 16 21 22
17965  03 11 13 14 16 21 23
17966  03 11 13 14 16 21 24
17967  03 11 13 14 16 21 26
17968  03 11 13 14 16 21 30
17969  03 11 13 14 16 21 31
17970  03 11 13 14 16 22 23
17971  03 11 13 14 16 22 24
17972  03 11 13 14 16 22 26
17973  03 11 13 14 16 22 30
17974  03 11 13 14 16 22 31
17975  03 11 13 14 16 23 24
17976  03 11 13 14 16 23 26
17977  03 11 13 14 16 23 30
17978  03 11 13 14 16 23 31
17979  03 11 13 14 16 24 26
17980  03 11 13 14 16 24 30
17981  03 11 13 14 16 24 31
17982  03 11 13 14 16 26 30
17983  03 11 13 14 16 26 31
17984  03 11 13 14 20 21 26
17985  03 11 13 14 20 22 26
17986  03 11 13 14 20 23 26
17987  03 11 13 14 20 24 26
17988  03 11 13 14 20 26 30
17989  03 11 13 14 20 26 31
17990  03 11 13 14 21 22 26
17991  03 11 13 14 21 23 26
17992  03 11 13 14 21 24 26
17993  03 11 13 14 21 26 30
17994  03 11 13 14 21 26 31
17995  03 11 13 14 22 23 26
17996  03 11 13 14 22 24 26
17997  03 11 13 14 22 26 30
17998  03 11 13 14 22 26 31
17999  03 11 13 14 23 24 26
18000  03 11 13 14 23 26 30
18001  03 11 13 14 23 26 31
18002  03 11 13 14 24 26 30
18003  03 11 13 14 24 26 31
18004  03 11 13 14 26 30 31
18005  03 11 13 16 20 21 24
18006  03 11 13 16 20 22 24
18007  03 11 13 16 20 23 24
18008  03 11 13 16 20 24 26
18009  03 11 13 16 20 24 30
18010  03 11 13 16 20 24 31
18011  03 11 13 16 21 22 24
18012  03 11 13 16 21 23 24
18013  03 11 13 16 21 24 26
18014  03 11 13 16 21 24 30
18015  03 11 13 16 21 24 31
18016  03 11 13 16 22 23 24
18017  03 11 13 16 22 24 26
18018  03 11 13 16 22 24 30
18019  03 11 13 16 22 24 31
18020  03 11 13 16 23 24 26
18021  03 11 13 16 23 24 30
18022  03 11 13 16 23 24 31
18023  03 11 13 16 24 26 30
18024  03 11 13 16 24 26 31
18025  03 11 13 16 24 30 31
18026  03 11 13 20 21 24 26
18027  03 11 13 20 22 24 26
18028  03 11 13 20 23 24 26
18029  03 11 13 20 24 26 30
18030  03 11 13 20 24 26 31
18031  03 11 13 21 22 24 26
18032  03 11 13 21 23 24 26
18033  03 11 13 21 24 26 30
18034  03 11 13 21 24 26 31
18035  03 11 13 22 23 24 26
18036  03 11 13 22 24 26 30
18037  03 11 13 22 24 26 31
18038  03 11 13 23 24 26 30
18039  03 11 13 23 24 26 31
18040  03 11 13 24 26 30 31
18041  03 11 14 16 20 21 22
18042  03 11 14 16 20 21 23
18043  03 11 14 16 20 21 24
18044  03 11 14 16 20 21 26
18045  03 11 14 16 20 21 30
18046  03 11 14 16 20 21 31
18047  03 11 14 16 20 22 23
18048  03 11 14 16 20 22 24
18049  03 11 14 16 20 22 26
18050  03 11 14 16 20 22 30
18051  03 11 14 16 20 22 31
18052  03 11 14 16 20 23 24
18053  03 11 14 16 20 23 26
18054  03 11 14 16 20 23 30
18055  03 11 14 16 20 23 31
18056  03 11 14 16 20 24 26
18057  03 11 14 16 20 24 30
18058  03 11 14 16 20 24 31
18059  03 11 14 16 20 26 30
18060  03 11 14 16 20 26 31
18061  03 11 14 16 20 30 31
18062  03 11 14 16 21 22 23
18063  03 11 14 16 21 22 24
18064  03 11 14 16 21 22 26
18065  03 11 14 16 21 22 30
18066  03 11 14 16 21 22 31
18067  03 11 14 16 21 23 24
18068  03 11 14 16 21 23 26
18069  03 11 14 16 21 23 30
18070  03 11 14 16 21 23 31
18071  03 11 14 16 21 24 26
18072  03 11 14 16 21 24 30
18073  03 11 14 16 21 24 31
18074  03 11 14 16 21 26 30
18075  03 11 14 16 21 26 31
18076  03 11 14 16 21 30 31
18077  03 11 14 16 22 23 24
18078  03 11 14 16 22 23 26
18079  03 11 14 16 22 23 30
18080  03 11 14 16 22 23 31
18081  03 11 14 16 22 24 26
18082  03 11 14 16 22 24 30
18083  03 11 14 16 22 24 31
18084  03 11 14 16 22 26 30
18085  03 11 14 16 22 26 31
18086  03 11 14 16 22 30 31
18087  03 11 14 16 23 24 26
18088  03 11 14 16 23 24 30
18089  03 11 14 16 23 24 31
18090  03 11 14 16 23 26 30
18091  03 11 14 16 23 26 31
18092  03 11 14 16 23 30 31
18093  03 11 14 16 24 26 30
18094  03 11 14 16 24 26 31
18095  03 11 14 16 24 30 31
18096  03 11 14 16 26 30 31
18097  03 11 14 20 21 22 26
18098  03 11 14 20 21 23 26
18099  03 11 14 20 21 24 26
18100  03 11 14 20 21 26 30
18101  03 11 14 20 21 26 31
18102  03 11 14 20 22 23 26
18103  03 11 14 20 22 24 26
18104  03 11 14 20 22 26 30
18105  03 11 14 20 22 26 31
18106  03 11 14 20 23 24 26
18107  03 11 14 20 23 26 30
18108  03 11 14 20 23 26 31
18109  03 11 14 20 24 26 30
18110  03 11 14 20 24 26 31
18111  03 11 14 20 26 30 31
18112  03 11 14 21 22 23 26
18113  03 11 14 21 22 24 26
18114  03 11 14 21 22 26 30
18115  03 11 14 21 22 26 31
18116  03 11 14 21 23 24 26
18117  03 11 14 21 23 26 30
18118  03 11 14 21 23 26 31
18119  03 11 14 21 24 26 30
18120  03 11 14 21 24 26 31
18121  03 11 14 21 26 30 31
18122  03 11 14 22 23 24 26
18123  03 11 14 22 23 26 30
18124  03 11 14 22 23 26 31
18125  03 11 14 22 24 26 30
18126  03 11 14 22 24 26 31
18127  03 11 14 22 26 30 31
18128  03 11 14 23 24 26 30
18129  03 11 14 23 24 26 31
18130  03 11 14 23 26 30 31
18131  03 11 14 24 26 30 31
18132  03 11 16 20 21 22 24
18133  03 11 16 20 21 23 24
18134  03 11 16 20 21 24 26
18135  03 11 16 20 21 24 30
18136  03 11 16 20 21 24 31
18137  03 11 16 20 22 23 24
18138  03 11 16 20 22 24 26
18139  03 11 16 20 22 24 30
18140  03 11 16 20 22 24 31
18141  03 11 16 20 23 24 26
18142  03 11 16 20 23 24 30
18143  03 11 16 20 23 24 31
18144  03 11 16 20 24 26 30
18145  03 11 16 20 24 26 31
18146  03 11 16 20 24 30 31
18147  03 11 16 21 22 23 24
18148  03 11 16 21 22 24 26
18149  03 11 16 21 22 24 30
18150  03 11 16 21 22 24 31
18151  03 11 16 21 23 24 26
18152  03 11 16 21 23 24 30
18153  03 11 16 21 23 24 31
18154  03 11 16 21 24 26 30
18155  03 11 16 21 24 26 31
18156  03 11 16 21 24 30 31
18157  03 11 16 22 23 24 26
18158  03 11 16 22 23 24 30
18159  03 11 16 22 23 24 31
18160  03 11 16 22 24 26 30
18161  03 11 16 22 24 26 31
18162  03 11 16 22 24 30 31
18163  03 11 16 23 24 26 30
18164  03 11 16 23 24 26 31
18165  03 11 16 23 24 30 31
18166  03 11 16 24 26 30 31
18167  03 11 20 21 22 24 26
18168  03 11 20 21 23 24 26
18169  03 11 20 21 24 26 30
18170  03 11 20 21 24 26 31
18171  03 11 20 22 23 24 26
18172  03 11 20 22 24 26 30
18173  03 11 20 22 24 26 31
18174  03 11 20 23 24 26 30
18175  03 11 20 23 24 26 31
18176  03 11 20 24 26 30 31
18177  03 11 21 22 23 24 26
18178  03 11 21 22 24 26 30
18179  03 11 21 22 24 26 31
18180  03 11 21 23 24 26 30
18181  03 11 21 23 24 26 31
18182  03 11 21 24 26 30 31
18183  03 11 22 23 24 26 30
18184  03 11 22 23 24 26 31
18185  03 11 22 24 26 30 31
18186  03 11 23 24 26 30 31
18187  03 12 13 14 16 20 21
18188  03 12 13 14 16 20 22
18189  03 12 13 14 16 20 23
18190  03 12 13 14 16 20 24
18191  03 12 13 14 16 20 26
18192  03 12 13 14 16 20 30
18193  03 12 13 14 16 20 31
18194  03 12 13 14 16 21 22
18195  03 12 13 14 16 21 23
18196  03 12 13 14 16 21 24
18197  03 12 13 14 16 21 26
18198  03 12 13 14 16 21 30
18199  03 12 13 14 16 21 31
18200  03 12 13 14 16 22 23
18201  03 12 13 14 16 22 24
18202  03 12 13 14 16 22 26
18203  03 12 13 14 16 22 30
18204  03 12 13 14 16 22 31
18205  03 12 13 14 16 23 24
18206  03 12 13 14 16 23 26
18207  03 12 13 14 16 23 30
18208  03 12 13 14 16 23 31
18209  03 12 13 14 16 24 26
18210  03 12 13 14 16 24 30
18211  03 12 13 14 16 24 31
18212  03 12 13 14 16 26 30
18213  03 12 13 14 16 26 31
18214  03 12 13 14 16 30 31
18215  03 12 13 14 20 21 26
18216  03 12 13 14 20 22 26
18217  03 12 13 14 20 23 26
18218  03 12 13 14 20 24 26
18219  03 12 13 14 20 26 30
18220  03 12 13 14 20 26 31
18221  03 12 13 14 21 22 26
18222  03 12 13 14 21 23 26
18223  03 12 13 14 21 24 26
18224  03 12 13 14 21 26 30
18225  03 12 13 14 21 26 31
18226  03 12 13 14 22 23 26
18227  03 12 13 14 22 24 26
18228  03 12 13 14 22 26 30
18229  03 12 13 14 22 26 31
18230  03 12 13 14 23 24 26
18231  03 12 13 14 23 26 30
18232  03 12 13 14 23 26 31
18233  03 12 13 14 24 26 30
18234  03 12 13 14 24 26 31
18235  03 12 13 14 26 30 31
18236  03 12 13 16 20 21 24
18237  03 12 13 16 20 22 24
18238  03 12 13 16 20 23 24
18239  03 12 13 16 20 24 26
18240  03 12 13 16 20 24 30
18241  03 12 13 16 20 24 31
18242  03 12 13 16 21 22 24
18243  03 12 13 16 21 23 24
18244  03 12 13 16 21 24 26
18245  03 12 13 16 21 24 30
18246  03 12 13 16 21 24 31
18247  03 12 13 16 22 23 24
18248  03 12 13 16 22 24 26
18249  03 12 13 16 22 24 30
18250  03 12 13 16 22 24 31
18251  03 12 13 16 23 24 26
18252  03 12 13 16 23 24 30
18253  03 12 13 16 23 24 31
18254  03 12 13 16 24 26 30
18255  03 12 13 16 24 26 31
18256  03 12 13 16 24 30 31
18257  03 12 13 20 21 24 26
18258  03 12 13 20 22 24 26
18259  03 12 13 20 23 24 26
18260  03 12 13 20 24 26 30
18261  03 12 13 20 24 26 31
18262  03 12 13 21 22 24 26
18263  03 12 13 21 23 24 26
18264  03 12 13 21 24 26 30
18265  03 12 13 21 24 26 31
18266  03 12 13 22 23 24 26
18267  03 12 13 22 24 26 30
18268  03 12 13 22 24 26 31
18269  03 12 13 23 24 26 30
18270  03 12 13 23 24 26 31
18271  03 12 13 24 26 30 31
18272  03 12 14 16 20 21 22
18273  03 12 14 16 20 21 23
18274  03 12 14 16 20 21 24
18275  03 12 14 16 20 21 26
18276  03 12 14 16 20 21 30
18277  03 12 14 16 20 21 31
18278  03 12 14 16 20 22 23
18279  03 12 14 16 20 22 24
18280  03 12 14 16 20 22 26
18281  03 12 14 16 20 22 30
18282  03 12 14 16 20 22 31
18283  03 12 14 16 20 23 24
18284  03 12 14 16 20 23 26
18285  03 12 14 16 20 23 30
18286  03 12 14 16 20 23 31
18287  03 12 14 16 20 24 26
18288  03 12 14 16 20 24 30
18289  03 12 14 16 20 24 31
18290  03 12 14 16 20 26 30
18291  03 12 14 16 20 26 31
18292  03 12 14 16 20 30 31
18293  03 12 14 16 21 22 23
18294  03 12 14 16 21 22 24
18295  03 12 14 16 21 22 26
18296  03 12 14 16 21 22 30
18297  03 12 14 16 21 22 31
18298  03 12 14 16 21 23 24
18299  03 12 14 16 21 23 26
18300  03 12 14 16 21 23 30
18301  03 12 14 16 21 23 31
18302  03 12 14 16 21 24 26
18303  03 12 14 16 21 24 30
18304  03 12 14 16 21 24 31
18305  03 12 14 16 21 26 30
18306  03 12 14 16 21 26 31
18307  03 12 14 16 21 30 31
18308  03 12 14 16 22 23 24
18309  03 12 14 16 22 23 26
18310  03 12 14 16 22 23 30
18311  03 12 14 16 22 23 31
18312  03 12 14 16 22 24 26
18313  03 12 14 16 22 24 30
18314  03 12 14 16 22 24 31
18315  03 12 14 16 22 26 30
18316  03 12 14 16 22 26 31
18317  03 12 14 16 22 30 31
18318  03 12 14 16 23 24 26
18319  03 12 14 16 23 24 30
18320  03 12 14 16 23 24 31
18321  03 12 14 16 23 26 30
18322  03 12 14 16 23 26 31
18323  03 12 14 16 23 30 31
18324  03 12 14 16 24 26 30
18325  03 12 14 16 24 26 31
18326  03 12 14 16 24 30 31
18327  03 12 14 16 26 30 31
18328  03 12 14 20 21 22 26
18329  03 12 14 20 21 23 26
18330  03 12 14 20 21 24 26
18331  03 12 14 20 21 26 30
18332  03 12 14 20 21 26 31
18333  03 12 14 20 22 23 26
18334  03 12 14 20 22 24 26
18335  03 12 14 20 22 26 30
18336  03 12 14 20 22 26 31
18337  03 12 14 20 23 24 26
18338  03 12 14 20 23 26 30
18339  03 12 14 20 23 26 31
18340  03 12 14 20 24 26 30
18341  03 12 14 20 24 26 31
18342  03 12 14 20 26 30 31
18343  03 12 14 21 22 23 26
18344  03 12 14 21 22 24 26
18345  03 12 14 21 22 26 30
18346  03 12 14 21 22 26 31
18347  03 12 14 21 23 24 26
18348  03 12 14 21 23 26 30
18349  03 12 14 21 23 26 31
18350  03 12 14 21 24 26 30
18351  03 12 14 21 24 26 31
18352  03 12 14 21 26 30 31
18353  03 12 14 22 23 24 26
18354  03 12 14 22 23 26 30
18355  03 12 14 22 23 26 31
18356  03 12 14 22 24 26 30
18357  03 12 14 22 24 26 31
18358  03 12 14 22 26 30 31
18359  03 12 14 23 24 26 30
18360  03 12 14 23 24 26 31
18361  03 12 14 23 26 30 31
18362  03 12 14 24 26 30 31
18363  03 12 16 20 21 22 24
18364  03 12 16 20 21 23 24
18365  03 12 16 20 21 24 26
18366  03 12 16 20 21 24 30
18367  03 12 16 20 21 24 31
18368  03 12 16 20 22 23 24
18369  03 12 16 20 22 24 26
18370  03 12 16 20 22 24 30
18371  03 12 16 20 22 24 31
18372  03 12 16 20 23 24 26
18373  03 12 16 20 23 24 30
18374  03 12 16 20 23 24 31
18375  03 12 16 20 24 26 30
18376  03 12 16 20 24 26 31
18377  03 12 16 20 24 30 31
18378  03 12 16 21 22 23 24
18379  03 12 16 21 22 24 26
18380  03 12 16 21 22 24 30
18381  03 12 16 21 22 24 31
18382  03 12 16 21 23 24 26
18383  03 12 16 21 23 24 30
18384  03 12 16 21 23 24 31
18385  03 12 16 21 24 26 30
18386  03 12 16 21 24 26 31
18387  03 12 16 21 24 30 31
18388  03 12 16 22 23 24 26
18389  03 12 16 22 23 24 30
18390  03 12 16 22 23 24 31
18391  03 12 16 22 24 26 30
18392  03 12 16 22 24 26 31
18393  03 12 16 22 24 30 31
18394  03 12 16 23 24 26 30
18395  03 12 16 23 24 26 31
18396  03 12 16 23 24 30 31
18397  03 12 16 24 26 30 31
18398  03 12 20 21 22 24 26
18399  03 12 20 21 23 24 26
18400  03 12 20 21 24 26 30
18401  03 12 20 21 24 26 31
18402  03 12 20 22 23 24 26
18403  03 12 20 22 24 26 30
18404  03 12 20 22 24 26 31
18405  03 12 20 23 24 26 30
18406  03 12 20 23 24 26 31
18407  03 12 20 24 26 30 31
18408  03 12 21 22 23 24 26
18409  03 12 21 22 24 26 30
18410  03 12 21 22 24 26 31
18411  03 12 21 23 24 26 30
18412  03 12 21 23 24 26 31
18413  03 12 21 24 26 30 31
18414  03 12 22 23 24 26 30
18415  03 12 22 23 24 26 31
18416  03 12 22 24 26 30 31
18417  03 12 23 24 26 30 31
18418  03 13 14 16 20 21 22
18419  03 13 14 16 20 21 23
18420  03 13 14 16 20 21 24
18421  03 13 14 16 20 21 26
18422  03 13 14 16 20 21 30
18423  03 13 14 16 20 21 31
18424  03 13 14 16 20 22 23
18425  03 13 14 16 20 22 24
18426  03 13 14 16 20 22 26
18427  03 13 14 16 20 22 30
18428  03 13 14 16 20 22 31
18429  03 13 14 16 20 23 24
18430  03 13 14 16 20 23 26
18431  03 13 14 16 20 23 30
18432  03 13 14 16 20 23 31
18433  03 13 14 16 20 24 26
18434  03 13 14 16 20 24 30
18435  03 13 14 16 20 24 31
18436  03 13 14 16 20 26 30
18437  03 13 14 16 20 26 31
18438  03 13 14 16 20 30 31
18439  03 13 14 16 21 22 23
18440  03 13 14 16 21 22 24
18441  03 13 14 16 21 22 26
18442  03 13 14 16 21 22 30
18443  03 13 14 16 21 22 31
18444  03 13 14 16 21 23 24
18445  03 13 14 16 21 23 26
18446  03 13 14 16 21 23 30
18447  03 13 14 16 21 23 31
18448  03 13 14 16 21 24 26
18449  03 13 14 16 21 24 30
18450  03 13 14 16 21 24 31
18451  03 13 14 16 21 26 30
18452  03 13 14 16 21 26 31
18453  03 13 14 16 21 30 31
18454  03 13 14 16 22 23 24
18455  03 13 14 16 22 23 26
18456  03 13 14 16 22 23 30
18457  03 13 14 16 22 23 31
18458  03 13 14 16 22 24 26
18459  03 13 14 16 22 24 30
18460  03 13 14 16 22 24 31
18461  03 13 14 16 22 26 30
18462  03 13 14 16 22 26 31
18463  03 13 14 16 22 30 31
18464  03 13 14 16 23 24 26
18465  03 13 14 16 23 24 30
18466  03 13 14 16 23 24 31
18467  03 13 14 16 23 26 30
18468  03 13 14 16 23 26 31
18469  03 13 14 16 23 30 31
18470  03 13 14 16 24 26 30
18471  03 13 14 16 24 26 31
18472  03 13 14 16 24 30 31
18473  03 13 14 16 26 30 31
18474  03 13 14 20 21 22 26
18475  03 13 14 20 21 23 26
18476  03 13 14 20 21 24 26
18477  03 13 14 20 21 26 30
18478  03 13 14 20 21 26 31
18479  03 13 14 20 22 23 26
18480  03 13 14 20 22 24 26
18481  03 13 14 20 22 26 30
18482  03 13 14 20 22 26 31
18483  03 13 14 20 23 24 26
18484  03 13 14 20 23 26 30
18485  03 13 14 20 23 26 31
18486  03 13 14 20 24 26 30
18487  03 13 14 20 24 26 31
18488  03 13 14 20 26 30 31
18489  03 13 14 21 22 23 26
18490  03 13 14 21 22 24 26
18491  03 13 14 21 22 26 30
18492  03 13 14 21 22 26 31
18493  03 13 14 21 23 24 26
18494  03 13 14 21 23 26 30
18495  03 13 14 21 23 26 31
18496  03 13 14 21 24 26 30
18497  03 13 14 21 24 26 31
18498  03 13 14 21 26 30 31
18499  03 13 14 22 23 24 26
18500  03 13 14 22 23 26 30
18501  03 13 14 22 23 26 31
18502  03 13 14 22 24 26 30
18503  03 13 14 22 24 26 31
18504  03 13 14 22 26 30 31
18505  03 13 14 23 24 26 30
18506  03 13 14 23 24 26 31
18507  03 13 14 23 26 30 31
18508  03 13 14 24 26 30 31
18509  03 13 16 20 21 22 24
18510  03 13 16 20 21 23 24
18511  03 13 16 20 21 24 26
18512  03 13 16 20 21 24 30
18513  03 13 16 20 21 24 31
18514  03 13 16 20 22 23 24
18515  03 13 16 20 22 24 26
18516  03 13 16 20 22 24 30
18517  03 13 16 20 22 24 31
18518  03 13 16 20 23 24 26
18519  03 13 16 20 23 24 30
18520  03 13 16 20 23 24 31
18521  03 13 16 20 24 26 30
18522  03 13 16 20 24 26 31
18523  03 13 16 20 24 30 31
18524  03 13 16 21 22 23 24
18525  03 13 16 21 22 24 26
18526  03 13 16 21 22 24 30
18527  03 13 16 21 22 24 31
18528  03 13 16 21 23 24 26
18529  03 13 16 21 23 24 30
18530  03 13 16 21 23 24 31
18531  03 13 16 21 24 26 30
18532  03 13 16 21 24 26 31
18533  03 13 16 21 24 30 31
18534  03 13 16 22 23 24 26
18535  03 13 16 22 23 24 30
18536  03 13 16 22 23 24 31
18537  03 13 16 22 24 26 30
18538  03 13 16 22 24 26 31
18539  03 13 16 22 24 30 31
18540  03 13 16 23 24 26 30
18541  03 13 16 23 24 26 31
18542  03 13 16 23 24 30 31
18543  03 13 16 24 26 30 31
18544  03 13 20 21 22 24 26
18545  03 13 20 21 23 24 26
18546  03 13 20 21 24 26 30
18547  03 13 20 21 24 26 31
18548  03 13 20 22 23 24 26
18549  03 13 20 22 24 26 30
18550  03 13 20 22 24 26 31
18551  03 13 20 23 24 26 30
18552  03 13 20 23 24 26 31
18553  03 13 20 24 26 30 31
18554  03 13 21 22 23 24 26
18555  03 13 21 22 24 26 30
18556  03 13 21 22 24 26 31
18557  03 13 21 23 24 26 30
18558  03 13 21 23 24 26 31
18559  03 13 21 24 26 30 31
18560  03 13 22 23 24 26 30
18561  03 13 22 23 24 26 31
18562  03 13 22 24 26 30 31
18563  03 13 23 24 26 30 31
18564  03 14 16 20 21 22 23
18565  03 14 16 20 21 22 24
18566  03 14 16 20 21 22 26
18567  03 14 16 20 21 22 30
18568  03 14 16 20 21 22 31
18569  03 14 16 20 21 23 24
18570  03 14 16 20 21 23 26
18571  03 14 16 20 21 23 30
18572  03 14 16 20 21 23 31
18573  03 14 16 20 21 24 26
18574  03 14 16 20 21 24 30
18575  03 14 16 20 21 24 31
18576  03 14 16 20 21 26 30
18577  03 14 16 20 21 26 31
18578  03 14 16 20 21 30 31
18579  03 14 16 20 22 23 24
18580  03 14 16 20 22 23 26
18581  03 14 16 20 22 23 30
18582  03 14 16 20 22 23 31
18583  03 14 16 20 22 24 26
18584  03 14 16 20 22 24 30
18585  03 14 16 20 22 24 31
18586  03 14 16 20 22 26 30
18587  03 14 16 20 22 26 31
18588  03 14 16 20 22 30 31
18589  03 14 16 20 23 24 26
18590  03 14 16 20 23 24 30
18591  03 14 16 20 23 24 31
18592  03 14 16 20 23 26 30
18593  03 14 16 20 23 26 31
18594  03 14 16 20 23 30 31
18595  03 14 16 20 24 26 30
18596  03 14 16 20 24 26 31
18597  03 14 16 20 24 30 31
18598  03 14 16 20 26 30 31
18599  03 14 16 21 22 23 24
18600  03 14 16 21 22 23 26
18601  03 14 16 21 22 23 30
18602  03 14 16 21 22 23 31
18603  03 14 16 21 22 24 26
18604  03 14 16 21 22 24 30
18605  03 14 16 21 22 24 31
18606  03 14 16 21 22 26 30
18607  03 14 16 21 22 26 31
18608  03 14 16 21 22 30 31
18609  03 14 16 21 23 24 26
18610  03 14 16 21 23 24 30
18611  03 14 16 21 23 24 31
18612  03 14 16 21 23 26 30
18613  03 14 16 21 23 26 31
18614  03 14 16 21 23 30 31
18615  03 14 16 21 24 26 30
18616  03 14 16 21 24 26 31
18617  03 14 16 21 24 30 31
18618  03 14 16 21 26 30 31
18619  03 14 16 22 23 24 26
18620  03 14 16 22 23 24 30
18621  03 14 16 22 23 24 31
18622  03 14 16 22 23 26 30
18623  03 14 16 22 23 26 31
18624  03 14 16 22 23 30 31
18625  03 14 16 22 24 26 30
18626  03 14 16 22 24 26 31
18627  03 14 16 22 24 30 31
18628  03 14 16 22 26 30 31
18629  03 14 16 23 24 26 30
18630  03 14 16 23 24 26 31
18631  03 14 16 23 24 30 31
18632  03 14 16 23 26 30 31
18633  03 14 16 24 26 30 31
18634  03 14 20 21 22 23 26
18635  03 14 20 21 22 24 26
18636  03 14 20 21 22 26 30
18637  03 14 20 21 22 26 31
18638  03 14 20 21 23 24 26
18639  03 14 20 21 23 26 30
18640  03 14 20 21 23 26 31
18641  03 14 20 21 24 26 30
18642  03 14 20 21 24 26 31
18643  03 14 20 21 26 30 31
18644  03 14 20 22 23 24 26
18645  03 14 20 22 23 26 30
18646  03 14 20 22 23 26 31
18647  03 14 20 22 24 26 30
18648  03 14 20 22 24 26 31
18649  03 14 20 22 26 30 31
18650  03 14 20 23 24 26 30
18651  03 14 20 23 24 26 31
18652  03 14 20 23 26 30 31
18653  03 14 20 24 26 30 31
18654  03 14 21 22 23 24 26
18655  03 14 21 22 23 26 30
18656  03 14 21 22 23 26 31
18657  03 14 21 22 24 26 30
18658  03 14 21 22 24 26 31
18659  03 14 21 22 26 30 31
18660  03 14 21 23 24 26 30
18661  03 14 21 23 24 26 31
18662  03 14 21 23 26 30 31
18663  03 14 21 24 26 30 31
18664  03 14 22 23 24 26 30
18665  03 14 22 23 24 26 31
18666  03 14 22 23 26 30 31
18667  03 14 22 24 26 30 31
18668  03 14 23 24 26 30 31
18669  03 16 20 21 22 23 24
18670  03 16 20 21 22 24 26
18671  03 16 20 21 22 24 30
18672  03 16 20 21 22 24 31
18673  03 16 20 21 23 24 26
18674  03 16 20 21 23 24 30
18675  03 16 20 21 23 24 31
18676  03 16 20 21 24 26 30
18677  03 16 20 21 24 26 31
18678  03 16 20 21 24 30 31
18679  03 16 20 22 23 24 26
18680  03 16 20 22 23 24 30
18681  03 16 20 22 23 24 31
18682  03 16 20 22 24 26 30
18683  03 16 20 22 24 26 31
18684  03 16 20 22 24 30 31
18685  03 16 20 23 24 26 30
18686  03 16 20 23 24 26 31
18687  03 16 20 23 24 30 31
18688  03 16 20 24 26 30 31
18689  03 16 21 22 23 24 26
18690  03 16 21 22 23 24 30
18691  03 16 21 22 23 24 31
18692  03 16 21 22 24 26 30
18693  03 16 21 22 24 26 31
18694  03 16 21 22 24 30 31
18695  03 16 21 23 24 26 30
18696  03 16 21 23 24 26 31
18697  03 16 21 23 24 30 31
18698  03 16 21 24 26 30 31
18699  03 16 22 23 24 26 30
18700  03 16 22 23 24 26 31
18701  03 16 22 23 24 30 31
18702  03 16 22 24 26 30 31
18703  03 16 23 24 26 30 31
18704  03 20 21 22 23 24 26
18705  03 20 21 22 24 26 30
18706  03 20 21 22 24 26 31
18707  03 20 21 23 24 26 30
18708  03 20 21 23 24 26 31
18709  03 20 21 24 26 30 31
18710  03 20 22 23 24 26 31
18711  03 20 22 24 26 30 31
18712  03 20 23 24 26 30 31
18713  03 21 22 23 24 26 30
18714  03 21 22 23 24 26 31
18715  03 21 22 24 26 30 31
18716  03 21 23 24 26 30 31
18717  03 22 23 24 26 30 31
18718  04 06 10 11 12 13 14
18719  04 06 10 11 12 13 16
18720  04 06 10 11 12 13 20
18721  04 06 10 11 12 13 21
18722  04 06 10 11 12 13 22
18723  04 06 10 11 12 13 23
18724  04 06 10 11 12 13 24
18725  04 06 10 11 12 13 26
18726  04 06 10 11 12 13 30
18727  04 06 10 11 12 13 31
18728  04 06 10 11 12 14 23
18729  04 06 10 11 12 14 30
18730  04 06 10 11 12 14 31
18731  04 06 10 11 12 16 23
18732  04 06 10 11 12 16 30
18733  04 06 10 11 12 16 31
18734  04 06 10 11 12 20 23
18735  04 06 10 11 12 20 30
18736  04 06 10 11 12 20 31
18737  04 06 10 11 12 21 23
18738  04 06 10 11 12 21 30
18739  04 06 10 11 12 21 31
18740  04 06 10 11 12 22 23
18741  04 06 10 11 12 22 30
18742  04 06 10 11 12 22 31
18743  04 06 10 11 12 23 24
18744  04 06 10 11 12 23 26
18745  04 06 10 11 12 23 30
18746  04 06 10 11 12 23 31
18747  04 06 10 11 12 24 30
18748  04 06 10 11 12 24 31
18749  04 06 10 11 12 26 30
18750  04 06 10 11 12 26 31
18751  04 06 10 11 12 30 31
18752  04 06 10 11 13 14 20
18753  04 06 10 11 13 14 21
18754  04 06 10 11 13 14 22
18755  04 06 10 11 13 14 23
18756  04 06 10 11 13 14 24
18757  04 06 10 11 13 14 26
18758  04 06 10 11 13 16 20
18759  04 06 10 11 13 16 21
18760  04 06 10 11 13 16 22
18761  04 06 10 11 13 16 23
18762  04 06 10 11 13 16 24
18763  04 06 10 11 13 16 26
18764  04 06 10 11 13 20 21
18765  04 06 10 11 13 20 22
18766  04 06 10 11 13 20 23
18767  04 06 10 11 13 20 24
18768  04 06 10 11 13 20 26
18769  04 06 10 11 13 20 30
18770  04 06 10 11 13 20 31
18771  04 06 10 11 13 21 22
18772  04 06 10 11 13 21 23
18773  04 06 10 11 13 21 24
18774  04 06 10 11 13 21 26
18775  04 06 10 11 13 21 30
18776  04 06 10 11 13 21 31
18777  04 06 10 11 13 22 23
18778  04 06 10 11 13 22 24
18779  04 06 10 11 13 22 26
18780  04 06 10 11 13 22 30
18781  04 06 10 11 13 22 31
18782  04 06 10 11 13 23 24
18783  04 06 10 11 13 23 26
18784  04 06 10 11 13 23 30
18785  04 06 10 11 13 23 31
18786  04 06 10 11 13 24 26
18787  04 06 10 11 13 24 30
18788  04 06 10 11 13 24 31
18789  04 06 10 11 13 26 30
18790  04 06 10 11 13 26 31
18791  04 06 10 11 14 16 23
18792  04 06 10 11 14 20 23
18793  04 06 10 11 14 20 30
18794  04 06 10 11 14 20 31
18795  04 06 10 11 14 21 23
18796  04 06 10 11 14 21 30
18797  04 06 10 11 14 21 31
18798  04 06 10 11 14 22 23
18799  04 06 10 11 14 22 30
18800  04 06 10 11 14 22 31
18801  04 06 10 11 14 23 24
18802  04 06 10 11 14 23 26
18803  04 06 10 11 14 23 30
18804  04 06 10 11 14 23 31
18805  04 06 10 11 14 24 30
18806  04 06 10 11 14 24 31
18807  04 06 10 11 14 26 30
18808  04 06 10 11 14 26 31
18809  04 06 10 11 16 20 23
18810  04 06 10 11 16 20 30
18811  04 06 10 11 16 20 31
18812  04 06 10 11 16 21 23
18813  04 06 10 11 16 21 30
18814  04 06 10 11 16 21 31
18815  04 06 10 11 16 22 23
18816  04 06 10 11 16 22 30
18817  04 06 10 11 16 22 31
18818  04 06 10 11 16 23 24
18819  04 06 10 11 16 23 26
18820  04 06 10 11 16 23 30
18821  04 06 10 11 16 23 31
18822  04 06 10 11 16 24 30
18823  04 06 10 11 16 24 31
18824  04 06 10 11 16 26 30
18825  04 06 10 11 16 26 31
18826  04 06 10 11 20 21 23
18827  04 06 10 11 20 21 30
18828  04 06 10 11 20 21 31
18829  04 06 10 11 20 22 23
18830  04 06 10 11 20 22 30
18831  04 06 10 11 20 22 31
18832  04 06 10 11 20 23 24
18833  04 06 10 11 20 23 26
18834  04 06 10 11 20 23 30
18835  04 06 10 11 20 23 31
18836  04 06 10 11 20 24 30
18837  04 06 10 11 20 24 31
18838  04 06 10 11 20 26 30
18839  04 06 10 11 20 26 31
18840  04 06 10 11 20 30 31
18841  04 06 10 11 21 22 23
18842  04 06 10 11 21 22 30
18843  04 06 10 11 21 22 31
18844  04 06 10 11 21 23 24
18845  04 06 10 11 21 23 26
18846  04 06 10 11 21 23 30
18847  04 06 10 11 21 23 31
18848  04 06 10 11 21 24 30
18849  04 06 10 11 21 24 31
18850  04 06 10 11 21 26 30
18851  04 06 10 11 21 26 31
18852  04 06 10 11 21 30 31
18853  04 06 10 11 22 23 24
18854  04 06 10 11 22 23 26
18855  04 06 10 11 22 23 30
18856  04 06 10 11 22 23 31
18857  04 06 10 11 22 24 30
18858  04 06 10 11 22 24 31
18859  04 06 10 11 22 26 30
18860  04 06 10 11 22 26 31
18861  04 06 10 11 22 30 31
18862  04 06 10 11 23 24 26
18863  04 06 10 11 23 24 30
18864  04 06 10 11 23 24 31
18865  04 06 10 11 23 26 30
18866  04 06 10 11 23 26 31
18867  04 06 10 11 23 30 31
18868  04 06 10 11 24 26 30
18869  04 06 10 11 24 26 31
18870  04 06 10 11 24 30 31
18871  04 06 10 11 26 30 31
18872  04 06 10 12 13 14 16
18873  04 06 10 12 13 14 20
18874  04 06 10 12 13 14 21
18875  04 06 10 12 13 14 22
18876  04 06 10 12 13 14 23
18877  04 06 10 12 13 14 24
18878  04 06 10 12 13 14 26
18879  04 06 10 12 13 14 30
18880  04 06 10 12 13 14 31
18881  04 06 10 12 13 16 20
18882  04 06 10 12 13 16 21
18883  04 06 10 12 13 16 22
18884  04 06 10 12 13 16 23
18885  04 06 10 12 13 16 24
18886  04 06 10 12 13 16 26
18887  04 06 10 12 13 16 30
18888  04 06 10 12 13 16 31
18889  04 06 10 12 13 20 21
18890  04 06 10 12 13 20 22
18891  04 06 10 12 13 20 23
18892  04 06 10 12 13 20 24
18893  04 06 10 12 13 20 26
18894  04 06 10 12 13 20 30
18895  04 06 10 12 13 20 31
18896  04 06 10 12 13 21 22
18897  04 06 10 12 13 21 23
18898  04 06 10 12 13 21 24
18899  04 06 10 12 13 21 26
18900  04 06 10 12 13 21 30
18901  04 06 10 12 13 21 31
18902  04 06 10 12 13 22 23
18903  04 06 10 12 13 22 24
18904  04 06 10 12 13 22 26
18905  04 06 10 12 13 22 30
18906  04 06 10 12 13 22 31
18907  04 06 10 12 13 23 24
18908  04 06 10 12 13 23 26
18909  04 06 10 12 13 23 30
18910  04 06 10 12 13 23 31
18911  04 06 10 12 13 24 26
18912  04 06 10 12 13 24 30
18913  04 06 10 12 13 24 31
18914  04 06 10 12 13 26 30
18915  04 06 10 12 13 26 31
18916  04 06 10 12 13 30 31
18917  04 06 10 12 14 16 23
18918  04 06 10 12 14 16 30
18919  04 06 10 12 14 16 31
18920  04 06 10 12 14 20 23
18921  04 06 10 12 14 20 30
18922  04 06 10 12 14 20 31
18923  04 06 10 12 14 21 23
18924  04 06 10 12 14 21 30
18925  04 06 10 12 14 21 31
18926  04 06 10 12 14 22 23
18927  04 06 10 12 14 22 30
18928  04 06 10 12 14 22 31
18929  04 06 10 12 14 23 24
18930  04 06 10 12 14 23 26
18931  04 06 10 12 14 23 30
18932  04 06 10 12 14 23 31
18933  04 06 10 12 14 24 30
18934  04 06 10 12 14 24 31
18935  04 06 10 12 14 26 30
18936  04 06 10 12 14 26 31
18937  04 06 10 12 14 30 31
18938  04 06 10 12 16 20 23
18939  04 06 10 12 16 20 30
18940  04 06 10 12 16 20 31
18941  04 06 10 12 16 21 23
18942  04 06 10 12 16 21 30
18943  04 06 10 12 16 21 31
18944  04 06 10 12 16 22 23
18945  04 06 10 12 16 22 30
18946  04 06 10 12 16 22 31
18947  04 06 10 12 16 23 24
18948  04 06 10 12 16 23 26
18949  04 06 10 12 16 23 30
18950  04 06 10 12 16 23 31
18951  04 06 10 12 16 24 30
18952  04 06 10 12 16 24 31
18953  04 06 10 12 16 26 30
18954  04 06 10 12 16 26 31
18955  04 06 10 12 16 30 31
18956  04 06 10 12 20 21 23
18957  04 06 10 12 20 21 30
18958  04 06 10 12 20 21 31
18959  04 06 10 12 20 22 23
18960  04 06 10 12 20 22 30
18961  04 06 10 12 20 22 31
18962  04 06 10 12 20 23 24
18963  04 06 10 12 20 23 26
18964  04 06 10 12 20 23 30
18965  04 06 10 12 20 23 31
18966  04 06 10 12 20 24 30
18967  04 06 10 12 20 24 31
18968  04 06 10 12 20 26 30
18969  04 06 10 12 20 26 31
18970  04 06 10 12 20 30 31
18971  04 06 10 12 21 22 23
18972  04 06 10 12 21 22 30
18973  04 06 10 12 21 22 31
18974  04 06 10 12 21 23 24
18975  04 06 10 12 21 23 26
18976  04 06 10 12 21 23 30
18977  04 06 10 12 21 23 31
18978  04 06 10 12 21 24 30
18979  04 06 10 12 21 24 31
18980  04 06 10 12 21 26 30
18981  04 06 10 12 21 26 31
18982  04 06 10 12 21 30 31
18983  04 06 10 12 22 23 24
18984  04 06 10 12 22 23 26
18985  04 06 10 12 22 23 30
18986  04 06 10 12 22 23 31
18987  04 06 10 12 22 24 30
18988  04 06 10 12 22 24 31
18989  04 06 10 12 22 26 30
18990  04 06 10 12 22 26 31
18991  04 06 10 12 22 30 31
18992  04 06 10 12 23 24 26
18993  04 06 10 12 23 24 30
18994  04 06 10 12 23 24 31
18995  04 06 10 12 23 26 30
18996  04 06 10 12 23 26 31
18997  04 06 10 12 23 30 31
18998  04 06 10 12 24 26 30
18999  04 06 10 12 24 26 31
19000  04 06 10 12 24 30 31
19001  04 06 10 12 26 30 31
19002  04 06 10 13 14 16 20
19003  04 06 10 13 14 16 21
19004  04 06 10 13 14 16 22
19005  04 06 10 13 14 16 23
19006  04 06 10 13 14 16 24
19007  04 06 10 13 14 16 26
19008  04 06 10 13 14 20 21
19009  04 06 10 13 14 20 22
19010  04 06 10 13 14 20 23
19011  04 06 10 13 14 20 24
19012  04 06 10 13 14 20 26
19013  04 06 10 13 14 20 30
19014  04 06 10 13 14 20 31
19015  04 06 10 13 14 21 22
19016  04 06 10 13 14 21 23
19017  04 06 10 13 14 21 24
19018  04 06 10 13 14 21 26
19019  04 06 10 13 14 21 30
19020  04 06 10 13 14 21 31
19021  04 06 10 13 14 22 23
19022  04 06 10 13 14 22 24
19023  04 06 10 13 14 22 26
19024  04 06 10 13 14 22 30
19025  04 06 10 13 14 22 31
19026  04 06 10 13 14 23 24
19027  04 06 10 13 14 23 26
19028  04 06 10 13 14 23 30
19029  04 06 10 13 14 23 31
19030  04 06 10 13 14 24 26
19031  04 06 10 13 14 24 30
19032  04 06 10 13 14 24 31
19033  04 06 10 13 14 26 30
19034  04 06 10 13 14 26 31
19035  04 06 10 13 16 20 21
19036  04 06 10 13 16 20 22
19037  04 06 10 13 16 20 23
19038  04 06 10 13 16 20 24
19039  04 06 10 13 16 20 26
19040  04 06 10 13 16 20 30
19041  04 06 10 13 16 20 31
19042  04 06 10 13 16 21 22
19043  04 06 10 13 16 21 23
19044  04 06 10 13 16 21 24
19045  04 06 10 13 16 21 26
19046  04 06 10 13 16 21 30
19047  04 06 10 13 16 21 31
19048  04 06 10 13 16 22 23
19049  04 06 10 13 16 22 24
19050  04 06 10 13 16 22 26
19051  04 06 10 13 16 22 30
19052  04 06 10 13 16 22 31
19053  04 06 10 13 16 23 24
19054  04 06 10 13 16 23 26
19055  04 06 10 13 16 23 30
19056  04 06 10 13 16 23 31
19057  04 06 10 13 16 24 26
19058  04 06 10 13 16 24 30
19059  04 06 10 13 16 24 31
19060  04 06 10 13 16 26 30
19061  04 06 10 13 16 26 31
19062  04 06 10 13 20 21 22
19063  04 06 10 13 20 21 23
19064  04 06 10 13 20 21 24
19065  04 06 10 13 20 21 26
19066  04 06 10 13 20 21 30
19067  04 06 10 13 20 21 31
19068  04 06 10 13 20 22 23
19069  04 06 10 13 20 22 24
19070  04 06 10 13 20 22 26
19071  04 06 10 13 20 22 30
19072  04 06 10 13 20 22 31
19073  04 06 10 13 20 23 24
19074  04 06 10 13 20 23 26
19075  04 06 10 13 20 23 30
19076  04 06 10 13 20 23 31
19077  04 06 10 13 20 24 26
19078  04 06 10 13 20 24 30
19079  04 06 10 13 20 24 31
19080  04 06 10 13 20 26 30
19081  04 06 10 13 20 26 31
19082  04 06 10 13 20 30 31
19083  04 06 10 13 21 22 23
19084  04 06 10 13 21 22 24
19085  04 06 10 13 21 22 26
19086  04 06 10 13 21 22 30
19087  04 06 10 13 21 22 31
19088  04 06 10 13 21 23 24
19089  04 06 10 13 21 23 26
19090  04 06 10 13 21 23 30
19091  04 06 10 13 21 23 31
19092  04 06 10 13 21 24 26
19093  04 06 10 13 21 24 30
19094  04 06 10 13 21 24 31
19095  04 06 10 13 21 26 30
19096  04 06 10 13 21 26 31
19097  04 06 10 13 21 30 31
19098  04 06 10 13 22 23 24
19099  04 06 10 13 22 23 26
19100  04 06 10 13 22 23 30
19101  04 06 10 13 22 23 31
19102  04 06 10 13 22 24 26
19103  04 06 10 13 22 24 30
19104  04 06 10 13 22 24 31
19105  04 06 10 13 22 26 30
19106  04 06 10 13 22 26 31
19107  04 06 10 13 22 30 31
19108  04 06 10 13 23 24 26
19109  04 06 10 13 23 24 30
19110  04 06 10 13 23 24 31
19111  04 06 10 13 23 26 30
19112  04 06 10 13 23 26 31
19113  04 06 10 13 23 30 31
19114  04 06 10 13 24 26 30
19115  04 06 10 13 24 26 31
19116  04 06 10 13 24 30 31
19117  04 06 10 13 26 30 31
19118  04 06 10 14 16 20 23
19119  04 06 10 14 16 20 30
19120  04 06 10 14 16 20 31
19121  04 06 10 14 16 21 23
19122  04 06 10 14 16 21 30
19123  04 06 10 14 16 21 31
19124  04 06 10 14 16 22 23
19125  04 06 10 14 16 22 30
19126  04 06 10 14 16 22 31
19127  04 06 10 14 16 23 24
19128  04 06 10 14 16 23 26
19129  04 06 10 14 16 23 30
19130  04 06 10 14 16 23 31
19131  04 06 10 14 16 24 30
19132  04 06 10 14 16 24 31
19133  04 06 10 14 16 26 30
19134  04 06 10 14 16 26 31
19135  04 06 10 14 20 21 23
19136  04 06 10 14 20 21 30
19137  04 06 10 14 20 21 31
19138  04 06 10 14 20 22 23
19139  04 06 10 14 20 22 30
19140  04 06 10 14 20 22 31
19141  04 06 10 14 20 23 24
19142  04 06 10 14 20 23 26
19143  04 06 10 14 20 23 30
19144  04 06 10 14 20 23 31
19145  04 06 10 14 20 24 30
19146  04 06 10 14 20 24 31
19147  04 06 10 14 20 26 30
19148  04 06 10 14 20 26 31
19149  04 06 10 14 20 30 31
19150  04 06 10 14 21 22 23
19151  04 06 10 14 21 22 30
19152  04 06 10 14 21 22 31
19153  04 06 10 14 21 23 24
19154  04 06 10 14 21 23 26
19155  04 06 10 14 21 23 30
19156  04 06 10 14 21 23 31
19157  04 06 10 14 21 24 30
19158  04 06 10 14 21 24 31
19159  04 06 10 14 21 26 30
19160  04 06 10 14 21 26 31
19161  04 06 10 14 21 30 31
19162  04 06 10 14 22 23 24
19163  04 06 10 14 22 23 26
19164  04 06 10 14 22 23 30
19165  04 06 10 14 22 23 31
19166  04 06 10 14 22 24 30
19167  04 06 10 14 22 24 31
19168  04 06 10 14 22 26 30
19169  04 06 10 14 22 26 31
19170  04 06 10 14 22 30 31
19171  04 06 10 14 23 24 26
19172  04 06 10 14 23 24 30
19173  04 06 10 14 23 24 31
19174  04 06 10 14 23 26 30
19175  04 06 10 14 23 26 31
19176  04 06 10 14 23 30 31
19177  04 06 10 14 24 26 30
19178  04 06 10 14 24 26 31
19179  04 06 10 14 24 30 31
19180  04 06 10 14 26 30 31
19181  04 06 10 16 20 21 23
19182  04 06 10 16 20 21 30
19183  04 06 10 16 20 21 31
19184  04 06 10 16 20 22 23
19185  04 06 10 16 20 22 30
19186  04 06 10 16 20 22 31
19187  04 06 10 16 20 23 24
19188  04 06 10 16 20 23 26
19189  04 06 10 16 20 23 30
19190  04 06 10 16 20 23 31
19191  04 06 10 16 20 24 30
19192  04 06 10 16 20 24 31
19193  04 06 10 16 20 26 30
19194  04 06 10 16 20 26 31
19195  04 06 10 16 20 30 31
19196  04 06 10 16 21 22 23
19197  04 06 10 16 21 22 30
19198  04 06 10 16 21 22 31
19199  04 06 10 16 21 23 24
19200  04 06 10 16 21 23 26
19201  04 06 10 16 21 23 30
19202  04 06 10 16 21 23 31
19203  04 06 10 16 21 24 30
19204  04 06 10 16 21 24 31
19205  04 06 10 16 21 26 30
19206  04 06 10 16 21 26 31
19207  04 06 10 16 21 30 31
19208  04 06 10 16 22 23 24
19209  04 06 10 16 22 23 26
19210  04 06 10 16 22 23 30
19211  04 06 10 16 22 23 31
19212  04 06 10 16 22 24 30
19213  04 06 10 16 22 24 31
19214  04 06 10 16 22 26 30
19215  04 06 10 16 22 26 31
19216  04 06 10 16 22 30 31
19217  04 06 10 16 23 24 26
19218  04 06 10 16 23 24 30
19219  04 06 10 16 23 24 31
19220  04 06 10 16 23 26 30
19221  04 06 10 16 23 26 31
19222  04 06 10 16 23 30 31
19223  04 06 10 16 24 26 30
19224  04 06 10 16 24 26 31
19225  04 06 10 16 24 30 31
19226  04 06 10 16 26 30 31
19227  04 06 10 20 21 22 23
19228  04 06 10 20 21 22 30
19229  04 06 10 20 21 22 31
19230  04 06 10 20 21 23 24
19231  04 06 10 20 21 23 26
19232  04 06 10 20 21 23 30
19233  04 06 10 20 21 23 31
19234  04 06 10 20 21 24 30
19235  04 06 10 20 21 24 31
19236  04 06 10 20 21 26 30
19237  04 06 10 20 21 26 31
19238  04 06 10 20 21 30 31
19239  04 06 10 20 22 23 24
19240  04 06 10 20 22 23 26
19241  04 06 10 20 22 23 30
19242  04 06 10 20 22 23 31
19243  04 06 10 20 22 24 30
19244  04 06 10 20 22 24 31
19245  04 06 10 20 22 26 30
19246  04 06 10 20 22 26 31
19247  04 06 10 20 22 30 31
19248  04 06 10 20 23 24 26
19249  04 06 10 20 23 24 30
19250  04 06 10 20 23 24 31
19251  04 06 10 20 23 26 30
19252  04 06 10 20 23 26 31
19253  04 06 10 20 23 30 31
19254  04 06 10 20 24 26 30
19255  04 06 10 20 24 26 31
19256  04 06 10 20 24 30 31
19257  04 06 10 20 26 30 31
19258  04 06 10 21 22 23 24
19259  04 06 10 21 22 23 26
19260  04 06 10 21 22 23 30
19261  04 06 10 21 22 23 31
19262  04 06 10 21 22 24 30
19263  04 06 10 21 22 24 31
19264  04 06 10 21 22 26 30
19265  04 06 10 21 22 26 31
19266  04 06 10 21 22 30 31
19267  04 06 10 21 23 24 26
19268  04 06 10 21 23 24 30
19269  04 06 10 21 23 24 31
19270  04 06 10 21 23 26 30
19271  04 06 10 21 23 26 31
19272  04 06 10 21 23 30 31
19273  04 06 10 21 24 26 30
19274  04 06 10 21 24 26 31
19275  04 06 10 21 24 30 31
19276  04 06 10 21 26 30 31
19277  04 06 10 22 23 24 26
19278  04 06 10 22 23 24 30
19279  04 06 10 22 23 24 31
19280  04 06 10 22 23 26 30
19281  04 06 10 22 23 26 31
19282  04 06 10 22 23 30 31
19283  04 06 10 22 24 26 30
19284  04 06 10 22 24 26 31
19285  04 06 10 22 24 30 31
19286  04 06 10 22 26 30 31
19287  04 06 10 23 24 26 30
19288  04 06 10 23 24 26 31
19289  04 06 10 23 24 30 31
19290  04 06 10 23 26 30 31
19291  04 06 10 24 26 30 31
19292  04 06 11 12 13 14 16
19293  04 06 11 12 13 14 20
19294  04 06 11 12 13 14 21
19295  04 06 11 12 13 14 22
19296  04 06 11 12 13 14 23
19297  04 06 11 12 13 14 24
19298  04 06 11 12 13 14 26
19299  04 06 11 12 13 14 30
19300  04 06 11 12 13 14 31
19301  04 06 11 12 13 16 20
19302  04 06 11 12 13 16 21
19303  04 06 11 12 13 16 22
19304  04 06 11 12 13 16 23
19305  04 06 11 12 13 16 24
19306  04 06 11 12 13 16 26
19307  04 06 11 12 13 16 30
19308  04 06 11 12 13 16 31
19309  04 06 11 12 13 20 21
19310  04 06 11 12 13 20 22
19311  04 06 11 12 13 20 23
19312  04 06 11 12 13 20 24
19313  04 06 11 12 13 20 26
19314  04 06 11 12 13 20 30
19315  04 06 11 12 13 20 31
19316  04 06 11 12 13 21 22
19317  04 06 11 12 13 21 23
19318  04 06 11 12 13 21 24
19319  04 06 11 12 13 21 26
19320  04 06 11 12 13 21 30
19321  04 06 11 12 13 21 31
19322  04 06 11 12 13 22 23
19323  04 06 11 12 13 22 24
19324  04 06 11 12 13 22 26
19325  04 06 11 12 13 22 30
19326  04 06 11 12 13 22 31
19327  04 06 11 12 13 23 24
19328  04 06 11 12 13 23 26
19329  04 06 11 12 13 23 30
19330  04 06 11 12 13 23 31
19331  04 06 11 12 13 24 26
19332  04 06 11 12 13 24 30
19333  04 06 11 12 13 24 31
19334  04 06 11 12 13 26 30
19335  04 06 11 12 13 26 31
19336  04 06 11 12 13 30 31
19337  04 06 11 12 14 16 23
19338  04 06 11 12 14 16 30
19339  04 06 11 12 14 16 31
19340  04 06 11 12 14 20 23
19341  04 06 11 12 14 20 30
19342  04 06 11 12 14 20 31
19343  04 06 11 12 14 21 23
19344  04 06 11 12 14 21 30
19345  04 06 11 12 14 21 31
19346  04 06 11 12 14 22 23
19347  04 06 11 12 14 22 30
19348  04 06 11 12 14 22 31
19349  04 06 11 12 14 23 24
19350  04 06 11 12 14 23 26
19351  04 06 11 12 14 23 30
19352  04 06 11 12 14 23 31
19353  04 06 11 12 14 24 30
19354  04 06 11 12 14 24 31
19355  04 06 11 12 14 26 30
19356  04 06 11 12 14 26 31
19357  04 06 11 12 14 30 31
19358  04 06 11 12 16 20 23
19359  04 06 11 12 16 20 30
19360  04 06 11 12 16 20 31
19361  04 06 11 12 16 21 23
19362  04 06 11 12 16 21 30
19363  04 06 11 12 16 21 31
19364  04 06 11 12 16 22 23
19365  04 06 11 12 16 22 30
19366  04 06 11 12 16 22 31
19367  04 06 11 12 16 23 24
19368  04 06 11 12 16 23 26
19369  04 06 11 12 16 23 30
19370  04 06 11 12 16 23 31
19371  04 06 11 12 16 24 30
19372  04 06 11 12 16 24 31
19373  04 06 11 12 16 26 30
19374  04 06 11 12 16 26 31
19375  04 06 11 12 16 30 31
19376  04 06 11 12 20 21 23
19377  04 06 11 12 20 21 30
19378  04 06 11 12 20 21 31
19379  04 06 11 12 20 22 23
19380  04 06 11 12 20 22 30
19381  04 06 11 12 20 22 31
19382  04 06 11 12 20 23 24
19383  04 06 11 12 20 23 26
19384  04 06 11 12 20 23 30
19385  04 06 11 12 20 23 31
19386  04 06 11 12 20 24 30
19387  04 06 11 12 20 24 31
19388  04 06 11 12 20 26 30
19389  04 06 11 12 20 26 31
19390  04 06 11 12 20 30 31
19391  04 06 11 12 21 22 23
19392  04 06 11 12 21 22 30
19393  04 06 11 12 21 22 31
19394  04 06 11 12 21 23 24
19395  04 06 11 12 21 23 26
19396  04 06 11 12 21 23 30
19397  04 06 11 12 21 23 31
19398  04 06 11 12 21 24 30
19399  04 06 11 12 21 24 31
19400  04 06 11 12 21 26 30
19401  04 06 11 12 21 26 31
19402  04 06 11 12 21 30 31
19403  04 06 11 12 22 23 24
19404  04 06 11 12 22 23 26
19405  04 06 11 12 22 23 30
19406  04 06 11 12 22 23 31
19407  04 06 11 12 22 24 30
19408  04 06 11 12 22 24 31
19409  04 06 11 12 22 26 30
19410  04 06 11 12 22 26 31
19411  04 06 11 12 22 30 31
19412  04 06 11 12 23 24 26
19413  04 06 11 12 23 24 30
19414  04 06 11 12 23 24 31
19415  04 06 11 12 23 26 30
19416  04 06 11 12 23 26 31
19417  04 06 11 12 23 30 31
19418  04 06 11 12 24 26 30
19419  04 06 11 12 24 26 31
19420  04 06 11 12 24 30 31
19421  04 06 11 12 26 30 31
19422  04 06 11 13 14 16 20
19423  04 06 11 13 14 16 21
19424  04 06 11 13 14 16 22
19425  04 06 11 13 14 16 23
19426  04 06 11 13 14 16 24
19427  04 06 11 13 14 16 26
19428  04 06 11 13 14 20 21
19429  04 06 11 13 14 20 22
19430  04 06 11 13 14 20 23
19431  04 06 11 13 14 20 24
19432  04 06 11 13 14 20 26
19433  04 06 11 13 14 20 30
19434  04 06 11 13 14 20 31
19435  04 06 11 13 14 21 22
19436  04 06 11 13 14 21 23
19437  04 06 11 13 14 21 24
19438  04 06 11 13 14 21 26
19439  04 06 11 13 14 21 30
19440  04 06 11 13 14 21 31
19441  04 06 11 13 14 22 23
19442  04 06 11 13 14 22 24
19443  04 06 11 13 14 22 26
19444  04 06 11 13 14 22 30
19445  04 06 11 13 14 22 31
19446  04 06 11 13 14 23 24
19447  04 06 11 13 14 23 26
19448  04 06 11 13 14 23 30
19449  04 06 11 13 14 23 31
19450  04 06 11 13 14 24 26
19451  04 06 11 13 14 24 30
19452  04 06 11 13 14 24 31
19453  04 06 11 13 14 26 30
19454  04 06 11 13 14 26 31
19455  04 06 11 13 16 20 21
19456  04 06 11 13 16 20 22
19457  04 06 11 13 16 20 23
19458  04 06 11 13 16 20 24
19459  04 06 11 13 16 20 26
19460  04 06 11 13 16 20 30
19461  04 06 11 13 16 20 31
19462  04 06 11 13 16 21 22
19463  04 06 11 13 16 21 23
19464  04 06 11 13 16 21 24
19465  04 06 11 13 16 21 26
19466  04 06 11 13 16 21 30
19467  04 06 11 13 16 21 31
19468  04 06 11 13 16 22 23
19469  04 06 11 13 16 22 24
19470  04 06 11 13 16 22 26
19471  04 06 11 13 16 22 30
19472  04 06 11 13 16 22 31
19473  04 06 11 13 16 23 24
19474  04 06 11 13 16 23 26
19475  04 06 11 13 16 23 30
19476  04 06 11 13 16 23 31
19477  04 06 11 13 16 24 26
19478  04 06 11 13 16 24 30
19479  04 06 11 13 16 24 31
19480  04 06 11 13 16 26 30
19481  04 06 11 13 16 26 31
19482  04 06 11 13 20 21 22
19483  04 06 11 13 20 21 23
19484  04 06 11 13 20 21 24
19485  04 06 11 13 20 21 26
19486  04 06 11 13 20 21 30
19487  04 06 11 13 20 21 31
19488  04 06 11 13 20 22 23
19489  04 06 11 13 20 22 24
19490  04 06 11 13 20 22 26
19491  04 06 11 13 20 22 30
19492  04 06 11 13 20 22 31
19493  04 06 11 13 20 23 24
19494  04 06 11 13 20 23 26
19495  04 06 11 13 20 23 30
19496  04 06 11 13 20 23 31
19497  04 06 11 13 20 24 26
19498  04 06 11 13 20 24 30
19499  04 06 11 13 20 24 31
19500  04 06 11 13 20 26 30
19501  04 06 11 13 20 26 31
19502  04 06 11 13 20 30 31
19503  04 06 11 13 21 22 23
19504  04 06 11 13 21 22 24
19505  04 06 11 13 21 22 26
19506  04 06 11 13 21 22 30
19507  04 06 11 13 21 22 31
19508  04 06 11 13 21 23 24
19509  04 06 11 13 21 23 26
19510  04 06 11 13 21 23 30
19511  04 06 11 13 21 23 31
19512  04 06 11 13 21 24 26
19513  04 06 11 13 21 24 30
19514  04 06 11 13 21 24 31
19515  04 06 11 13 21 26 30
19516  04 06 11 13 21 26 31
19517  04 06 11 13 21 30 31
19518  04 06 11 13 22 23 24
19519  04 06 11 13 22 23 26
19520  04 06 11 13 22 23 30
19521  04 06 11 13 22 23 31
19522  04 06 11 13 22 24 26
19523  04 06 11 13 22 24 30
19524  04 06 11 13 22 24 31
19525  04 06 11 13 22 26 30
19526  04 06 11 13 22 26 31
19527  04 06 11 13 22 30 31
19528  04 06 11 13 23 24 26
19529  04 06 11 13 23 24 30
19530  04 06 11 13 23 24 31
19531  04 06 11 13 23 26 30
19532  04 06 11 13 23 26 31
19533  04 06 11 13 23 30 31
19534  04 06 11 13 24 26 30
19535  04 06 11 13 24 26 31
19536  04 06 11 13 24 30 31
19537  04 06 11 13 26 30 31
19538  04 06 11 14 16 20 23
19539  04 06 11 14 16 20 30
19540  04 06 11 14 16 20 31
19541  04 06 11 14 16 21 23
19542  04 06 11 14 16 21 30
19543  04 06 11 14 16 21 31
19544  04 06 11 14 16 22 23
19545  04 06 11 14 16 22 30
19546  04 06 11 14 16 22 31
19547  04 06 11 14 16 23 24
19548  04 06 11 14 16 23 26
19549  04 06 11 14 16 23 30
19550  04 06 11 14 16 23 31
19551  04 06 11 14 16 24 30
19552  04 06 11 14 16 24 31
19553  04 06 11 14 16 26 30
19554  04 06 11 14 16 26 31
19555  04 06 11 14 20 21 23
19556  04 06 11 14 20 21 30
19557  04 06 11 14 20 21 31
19558  04 06 11 14 20 22 23
19559  04 06 11 14 20 22 30
19560  04 06 11 14 20 22 31
19561  04 06 11 14 20 23 24
19562  04 06 11 14 20 23 26
19563  04 06 11 14 20 23 30
19564  04 06 11 14 20 23 31
19565  04 06 11 14 20 24 30
19566  04 06 11 14 20 24 31
19567  04 06 11 14 20 26 30
19568  04 06 11 14 20 26 31
19569  04 06 11 14 20 30 31
19570  04 06 11 14 21 22 23
19571  04 06 11 14 21 22 30
19572  04 06 11 14 21 22 31
19573  04 06 11 14 21 23 24
19574  04 06 11 14 21 23 26
19575  04 06 11 14 21 23 30
19576  04 06 11 14 21 23 31
19577  04 06 11 14 21 24 30
19578  04 06 11 14 21 24 31
19579  04 06 11 14 21 26 30
19580  04 06 11 14 21 26 31
19581  04 06 11 14 21 30 31
19582  04 06 11 14 22 23 24
19583  04 06 11 14 22 23 26
19584  04 06 11 14 22 23 30
19585  04 06 11 14 22 23 31
19586  04 06 11 14 22 24 30
19587  04 06 11 14 22 24 31
19588  04 06 11 14 22 26 30
19589  04 06 11 14 22 26 31
19590  04 06 11 14 22 30 31
19591  04 06 11 14 23 24 26
19592  04 06 11 14 23 24 30
19593  04 06 11 14 23 24 31
19594  04 06 11 14 23 26 30
19595  04 06 11 14 23 26 31
19596  04 06 11 14 23 30 31
19597  04 06 11 14 24 26 30
19598  04 06 11 14 24 26 31
19599  04 06 11 14 24 30 31
19600  04 06 11 14 26 30 31
19601  04 06 11 16 20 21 23
19602  04 06 11 16 20 21 30
19603  04 06 11 16 20 21 31
19604  04 06 11 16 20 22 23
19605  04 06 11 16 20 22 30
19606  04 06 11 16 20 22 31
19607  04 06 11 16 20 23 24
19608  04 06 11 16 20 23 26
19609  04 06 11 16 20 23 30
19610  04 06 11 16 20 23 31
19611  04 06 11 16 20 24 30
19612  04 06 11 16 20 24 31
19613  04 06 11 16 20 26 30
19614  04 06 11 16 20 26 31
19615  04 06 11 16 20 30 31
19616  04 06 11 16 21 22 23
19617  04 06 11 16 21 22 30
19618  04 06 11 16 21 22 31
19619  04 06 11 16 21 23 24
19620  04 06 11 16 21 23 26
19621  04 06 11 16 21 23 30
19622  04 06 11 16 21 23 31
19623  04 06 11 16 21 24 30
19624  04 06 11 16 21 24 31
19625  04 06 11 16 21 26 30
19626  04 06 11 16 21 26 31
19627  04 06 11 16 21 30 31
19628  04 06 11 16 22 23 24
19629  04 06 11 16 22 23 26
19630  04 06 11 16 22 23 30
19631  04 06 11 16 22 23 31
19632  04 06 11 16 22 24 30
19633  04 06 11 16 22 24 31
19634  04 06 11 16 22 26 30
19635  04 06 11 16 22 26 31
19636  04 06 11 16 22 30 31
19637  04 06 11 16 23 24 26
19638  04 06 11 16 23 24 30
19639  04 06 11 16 23 24 31
19640  04 06 11 16 23 26 30
19641  04 06 11 16 23 26 31
19642  04 06 11 16 23 30 31
19643  04 06 11 16 24 26 30
19644  04 06 11 16 24 26 31
19645  04 06 11 16 24 30 31
19646  04 06 11 16 26 30 31
19647  04 06 11 20 21 22 23
19648  04 06 11 20 21 22 30
19649  04 06 11 20 21 22 31
19650  04 06 11 20 21 23 24
19651  04 06 11 20 21 23 26
19652  04 06 11 20 21 23 30
19653  04 06 11 20 21 23 31
19654  04 06 11 20 21 24 30
19655  04 06 11 20 21 24 31
19656  04 06 11 20 21 26 30
19657  04 06 11 20 21 26 31
19658  04 06 11 20 21 30 31
19659  04 06 11 20 22 23 24
19660  04 06 11 20 22 23 26
19661  04 06 11 20 22 23 30
19662  04 06 11 20 22 23 31
19663  04 06 11 20 22 24 30
19664  04 06 11 20 22 24 31
19665  04 06 11 20 22 26 30
19666  04 06 11 20 22 26 31
19667  04 06 11 20 22 30 31
19668  04 06 11 20 23 24 26
19669  04 06 11 20 23 24 30
19670  04 06 11 20 23 24 31
19671  04 06 11 20 23 26 30
19672  04 06 11 20 23 26 31
19673  04 06 11 20 23 30 31
19674  04 06 11 20 24 26 30
19675  04 06 11 20 24 26 31
19676  04 06 11 20 24 30 31
19677  04 06 11 20 26 30 31
19678  04 06 11 21 22 23 24
19679  04 06 11 21 22 23 26
19680  04 06 11 21 22 23 30
19681  04 06 11 21 22 23 31
19682  04 06 11 21 22 24 30
19683  04 06 11 21 22 24 31
19684  04 06 11 21 22 26 30
19685  04 06 11 21 22 26 31
19686  04 06 11 21 22 30 31
19687  04 06 11 21 23 24 26
19688  04 06 11 21 23 24 30
19689  04 06 11 21 23 24 31
19690  04 06 11 21 23 26 30
19691  04 06 11 21 23 26 31
19692  04 06 11 21 23 30 31
19693  04 06 11 21 24 26 30
19694  04 06 11 21 24 26 31
19695  04 06 11 21 24 30 31
19696  04 06 11 21 26 30 31
19697  04 06 11 22 23 24 26
19698  04 06 11 22 23 24 30
19699  04 06 11 22 23 24 31
19700  04 06 11 22 23 26 30
19701  04 06 11 22 23 26 31
19702  04 06 11 22 23 30 31
19703  04 06 11 22 24 26 30
19704  04 06 11 22 24 26 31
19705  04 06 11 22 24 30 31
19706  04 06 11 22 26 30 31
19707  04 06 11 23 24 26 30
19708  04 06 11 23 24 26 31
19709  04 06 11 23 24 30 31
19710  04 06 11 23 26 30 31
19711  04 06 11 24 26 30 31
19712  04 06 12 13 14 16 20
19713  04 06 12 13 14 16 21
19714  04 06 12 13 14 16 22
19715  04 06 12 13 14 16 23
19716  04 06 12 13 14 16 24
19717  04 06 12 13 14 16 26
19718  04 06 12 13 14 16 30
19719  04 06 12 13 14 16 31
19720  04 06 12 13 14 20 21
19721  04 06 12 13 14 20 22
19722  04 06 12 13 14 20 23
19723  04 06 12 13 14 20 24
19724  04 06 12 13 14 20 26
19725  04 06 12 13 14 20 30
19726  04 06 12 13 14 20 31
19727  04 06 12 13 14 21 22
19728  04 06 12 13 14 21 23
19729  04 06 12 13 14 21 24
19730  04 06 12 13 14 21 26
19731  04 06 12 13 14 21 30
19732  04 06 12 13 14 21 31
19733  04 06 12 13 14 22 23
19734  04 06 12 13 14 22 24
19735  04 06 12 13 14 22 26
19736  04 06 12 13 14 22 30
19737  04 06 12 13 14 22 31
19738  04 06 12 13 14 23 24
19739  04 06 12 13 14 23 26
19740  04 06 12 13 14 23 30
19741  04 06 12 13 14 23 31
19742  04 06 12 13 14 24 26
19743  04 06 12 13 14 24 30
19744  04 06 12 13 14 24 31
19745  04 06 12 13 14 26 30
19746  04 06 12 13 14 26 31
19747  04 06 12 13 14 30 31
19748  04 06 12 13 16 20 21
19749  04 06 12 13 16 20 22
19750  04 06 12 13 16 20 23
19751  04 06 12 13 16 20 24
19752  04 06 12 13 16 20 26
19753  04 06 12 13 16 20 30
19754  04 06 12 13 16 20 31
19755  04 06 12 13 16 21 22
19756  04 06 12 13 16 21 23
19757  04 06 12 13 16 21 24
19758  04 06 12 13 16 21 26
19759  04 06 12 13 16 21 30
19760  04 06 12 13 16 21 31
19761  04 06 12 13 16 22 23
19762  04 06 12 13 16 22 24
19763  04 06 12 13 16 22 26
19764  04 06 12 13 16 22 30
19765  04 06 12 13 16 22 31
19766  04 06 12 13 16 23 24
19767  04 06 12 13 16 23 26
19768  04 06 12 13 16 23 30
19769  04 06 12 13 16 23 31
19770  04 06 12 13 16 24 26
19771  04 06 12 13 16 24 30
19772  04 06 12 13 16 24 31
19773  04 06 12 13 16 26 30
19774  04 06 12 13 16 26 31
19775  04 06 12 13 16 30 31
19776  04 06 12 13 20 21 22
19777  04 06 12 13 20 21 23
19778  04 06 12 13 20 21 24
19779  04 06 12 13 20 21 26
19780  04 06 12 13 20 21 30
19781  04 06 12 13 20 21 31
19782  04 06 12 13 20 22 23
19783  04 06 12 13 20 22 24
19784  04 06 12 13 20 22 26
19785  04 06 12 13 20 22 30
19786  04 06 12 13 20 22 31
19787  04 06 12 13 20 23 24
19788  04 06 12 13 20 23 26
19789  04 06 12 13 20 23 30
19790  04 06 12 13 20 23 31
19791  04 06 12 13 20 24 26
19792  04 06 12 13 20 24 30
19793  04 06 12 13 20 24 31
19794  04 06 12 13 20 26 30
19795  04 06 12 13 20 26 31
19796  04 06 12 13 20 30 31
19797  04 06 12 13 21 22 23
19798  04 06 12 13 21 22 24
19799  04 06 12 13 21 22 26
19800  04 06 12 13 21 22 30
19801  04 06 12 13 21 22 31
19802  04 06 12 13 21 23 24
19803  04 06 12 13 21 23 26
19804  04 06 12 13 21 23 30
19805  04 06 12 13 21 23 31
19806  04 06 12 13 21 24 26
19807  04 06 12 13 21 24 30
19808  04 06 12 13 21 24 31
19809  04 06 12 13 21 26 30
19810  04 06 12 13 21 26 31
19811  04 06 12 13 21 30 31
19812  04 06 12 13 22 23 24
19813  04 06 12 13 22 23 26
19814  04 06 12 13 22 23 30
19815  04 06 12 13 22 23 31
19816  04 06 12 13 22 24 26
19817  04 06 12 13 22 24 30
19818  04 06 12 13 22 24 31
19819  04 06 12 13 22 26 30
19820  04 06 12 13 22 26 31
19821  04 06 12 13 22 30 31
19822  04 06 12 13 23 24 26
19823  04 06 12 13 23 24 30
19824  04 06 12 13 23 24 31
19825  04 06 12 13 23 26 30
19826  04 06 12 13 23 26 31
19827  04 06 12 13 23 30 31
19828  04 06 12 13 24 26 30
19829  04 06 12 13 24 26 31
19830  04 06 12 13 24 30 31
19831  04 06 12 13 26 30 31
19832  04 06 12 14 16 20 23
19833  04 06 12 14 16 20 30
19834  04 06 12 14 16 20 31
19835  04 06 12 14 16 21 23
19836  04 06 12 14 16 21 30
19837  04 06 12 14 16 21 31
19838  04 06 12 14 16 22 23
19839  04 06 12 14 16 22 30
19840  04 06 12 14 16 22 31
19841  04 06 12 14 16 23 24
19842  04 06 12 14 16 23 26
19843  04 06 12 14 16 23 30
19844  04 06 12 14 16 23 31
19845  04 06 12 14 16 24 30
19846  04 06 12 14 16 24 31
19847  04 06 12 14 16 26 30
19848  04 06 12 14 16 26 31
19849  04 06 12 14 16 30 31
19850  04 06 12 14 20 21 23
19851  04 06 12 14 20 21 30
19852  04 06 12 14 20 21 31
19853  04 06 12 14 20 22 23
19854  04 06 12 14 20 22 30
19855  04 06 12 14 20 22 31
19856  04 06 12 14 20 23 24
19857  04 06 12 14 20 23 26
19858  04 06 12 14 20 23 30
19859  04 06 12 14 20 23 31
19860  04 06 12 14 20 24 30
19861  04 06 12 14 20 24 31
19862  04 06 12 14 20 26 30
19863  04 06 12 14 20 26 31
19864  04 06 12 14 20 30 31
19865  04 06 12 14 21 22 23
19866  04 06 12 14 21 22 30
19867  04 06 12 14 21 22 31
19868  04 06 12 14 21 23 24
19869  04 06 12 14 21 23 26
19870  04 06 12 14 21 23 30
19871  04 06 12 14 21 23 31
19872  04 06 12 14 21 24 30
19873  04 06 12 14 21 24 31
19874  04 06 12 14 21 26 30
19875  04 06 12 14 21 26 31
19876  04 06 12 14 21 30 31
19877  04 06 12 14 22 23 24
19878  04 06 12 14 22 23 26
19879  04 06 12 14 22 23 30
19880  04 06 12 14 22 23 31
19881  04 06 12 14 22 24 30
19882  04 06 12 14 22 24 31
19883  04 06 12 14 22 26 30
19884  04 06 12 14 22 26 31
19885  04 06 12 14 22 30 31
19886  04 06 12 14 23 24 26
19887  04 06 12 14 23 24 30
19888  04 06 12 14 23 24 31
19889  04 06 12 14 23 26 30
19890  04 06 12 14 23 26 31
19891  04 06 12 14 23 30 31
19892  04 06 12 14 24 26 30
19893  04 06 12 14 24 26 31
19894  04 06 12 14 24 30 31
19895  04 06 12 14 26 30 31
19896  04 06 12 16 20 21 23
19897  04 06 12 16 20 21 30
19898  04 06 12 16 20 21 31
19899  04 06 12 16 20 22 23
19900  04 06 12 16 20 22 30
19901  04 06 12 16 20 22 31
19902  04 06 12 16 20 23 24
19903  04 06 12 16 20 23 26
19904  04 06 12 16 20 23 30
19905  04 06 12 16 20 23 31
19906  04 06 12 16 20 24 30
19907  04 06 12 16 20 24 31
19908  04 06 12 16 20 26 30
19909  04 06 12 16 20 26 31
19910  04 06 12 16 20 30 31
19911  04 06 12 16 21 22 23
19912  04 06 12 16 21 22 30
19913  04 06 12 16 21 22 31
19914  04 06 12 16 21 23 24
19915  04 06 12 16 21 23 26
19916  04 06 12 16 21 23 30
19917  04 06 12 16 21 23 31
19918  04 06 12 16 21 24 30
19919  04 06 12 16 21 24 31
19920  04 06 12 16 21 26 30
19921  04 06 12 16 21 26 31
19922  04 06 12 16 21 30 31
19923  04 06 12 16 22 23 24
19924  04 06 12 16 22 23 26
19925  04 06 12 16 22 23 30
19926  04 06 12 16 22 23 31
19927  04 06 12 16 22 24 30
19928  04 06 12 16 22 24 31
19929  04 06 12 16 22 26 30
19930  04 06 12 16 22 26 31
19931  04 06 12 16 22 30 31
19932  04 06 12 16 23 24 26
19933  04 06 12 16 23 24 30
19934  04 06 12 16 23 24 31
19935  04 06 12 16 23 26 30
19936  04 06 12 16 23 26 31
19937  04 06 12 16 23 30 31
19938  04 06 12 16 24 26 30
19939  04 06 12 16 24 26 31
19940  04 06 12 16 24 30 31
19941  04 06 12 16 26 30 31
19942  04 06 12 20 21 22 23
19943  04 06 12 20 21 22 30
19944  04 06 12 20 21 22 31
19945  04 06 12 20 21 23 24
19946  04 06 12 20 21 23 26
19947  04 06 12 20 21 23 30
19948  04 06 12 20 21 23 31
19949  04 06 12 20 21 24 30
19950  04 06 12 20 21 24 31
19951  04 06 12 20 21 26 30
19952  04 06 12 20 21 26 31
19953  04 06 12 20 21 30 31
19954  04 06 12 20 22 23 24
19955  04 06 12 20 22 23 26
19956  04 06 12 20 22 23 30
19957  04 06 12 20 22 23 31
19958  04 06 12 20 22 24 30
19959  04 06 12 20 22 24 31
19960  04 06 12 20 22 26 30
19961  04 06 12 20 22 26 31
19962  04 06 12 20 22 30 31
19963  04 06 12 20 23 24 26
19964  04 06 12 20 23 24 30
19965  04 06 12 20 23 24 31
19966  04 06 12 20 23 26 30
19967  04 06 12 20 23 26 31
19968  04 06 12 20 23 30 31
19969  04 06 12 20 24 26 30
19970  04 06 12 20 24 26 31
19971  04 06 12 20 24 30 31
19972  04 06 12 20 26 30 31
19973  04 06 12 21 22 23 24
19974  04 06 12 21 22 23 26
19975  04 06 12 21 22 23 30
19976  04 06 12 21 22 23 31
19977  04 06 12 21 22 24 30
19978  04 06 12 21 22 24 31
19979  04 06 12 21 22 26 30
19980  04 06 12 21 22 26 31
19981  04 06 12 21 22 30 31
19982  04 06 12 21 23 24 26
19983  04 06 12 21 23 24 30
19984  04 06 12 21 23 24 31
19985  04 06 12 21 23 26 30
19986  04 06 12 21 23 26 31
19987  04 06 12 21 23 30 31
19988  04 06 12 21 24 26 30
19989  04 06 12 21 24 26 31
19990  04 06 12 21 24 30 31
19991  04 06 12 21 26 30 31
19992  04 06 12 22 23 24 26
19993  04 06 12 22 23 24 30
19994  04 06 12 22 23 24 31
19995  04 06 12 22 23 26 30
19996  04 06 12 22 23 26 31
19997  04 06 12 22 23 30 31
19998  04 06 12 22 24 26 30
19999  04 06 12 22 24 26 31
20000  04 06 12 22 24 30 31
20001  04 06 12 22 26 30 31
20002  04 06 12 23 24 26 30
20003  04 06 12 23 24 26 31
20004  04 06 12 23 24 30 31
20005  04 06 12 23 26 30 31
20006  04 06 12 24 26 30 31
20007  04 06 13 14 16 20 21
20008  04 06 13 14 16 20 22
20009  04 06 13 14 16 20 23
20010  04 06 13 14 16 20 24
20011  04 06 13 14 16 20 26
20012  04 06 13 14 16 20 30
20013  04 06 13 14 16 20 31
20014  04 06 13 14 16 21 22
20015  04 06 13 14 16 21 23
20016  04 06 13 14 16 21 24
20017  04 06 13 14 16 21 26
20018  04 06 13 14 16 21 30
20019  04 06 13 14 16 21 31
20020  04 06 13 14 16 22 23
20021  04 06 13 14 16 22 24
20022  04 06 13 14 16 22 26
20023  04 06 13 14 16 22 30
20024  04 06 13 14 16 22 31
20025  04 06 13 14 16 23 24
20026  04 06 13 14 16 23 26
20027  04 06 13 14 16 23 30
20028  04 06 13 14 16 23 31
20029  04 06 13 14 16 24 26
20030  04 06 13 14 16 24 30
20031  04 06 13 14 16 24 31
20032  04 06 13 14 16 26 30
20033  04 06 13 14 16 26 31
20034  04 06 13 14 20 21 22
20035  04 06 13 14 20 21 23
20036  04 06 13 14 20 21 24
20037  04 06 13 14 20 21 26
20038  04 06 13 14 20 21 30
20039  04 06 13 14 20 21 31
20040  04 06 13 14 20 22 23
20041  04 06 13 14 20 22 24
20042  04 06 13 14 20 22 26
20043  04 06 13 14 20 22 30
20044  04 06 13 14 20 22 31
20045  04 06 13 14 20 23 24
20046  04 06 13 14 20 23 26
20047  04 06 13 14 20 23 30
20048  04 06 13 14 20 23 31
20049  04 06 13 14 20 24 26
20050  04 06 13 14 20 24 30
20051  04 06 13 14 20 24 31
20052  04 06 13 14 20 26 30
20053  04 06 13 14 20 26 31
20054  04 06 13 14 20 30 31
20055  04 06 13 14 21 22 23
20056  04 06 13 14 21 22 24
20057  04 06 13 14 21 22 26
20058  04 06 13 14 21 22 30
20059  04 06 13 14 21 22 31
20060  04 06 13 14 21 23 24
20061  04 06 13 14 21 23 26
20062  04 06 13 14 21 23 30
20063  04 06 13 14 21 23 31
20064  04 06 13 14 21 24 26
20065  04 06 13 14 21 24 30
20066  04 06 13 14 21 24 31
20067  04 06 13 14 21 26 30
20068  04 06 13 14 21 26 31
20069  04 06 13 14 21 30 31
20070  04 06 13 14 22 23 24
20071  04 06 13 14 22 23 26
20072  04 06 13 14 22 23 30
20073  04 06 13 14 22 23 31
20074  04 06 13 14 22 24 26
20075  04 06 13 14 22 24 30
20076  04 06 13 14 22 24 31
20077  04 06 13 14 22 26 30
20078  04 06 13 14 22 26 31
20079  04 06 13 14 22 30 31
20080  04 06 13 14 23 24 26
20081  04 06 13 14 23 24 30
20082  04 06 13 14 23 24 31
20083  04 06 13 14 23 26 30
20084  04 06 13 14 23 26 31
20085  04 06 13 14 23 30 31
20086  04 06 13 14 24 26 30
20087  04 06 13 14 24 26 31
20088  04 06 13 14 24 30 31
20089  04 06 13 14 26 30 31
20090  04 06 13 16 20 21 22
20091  04 06 13 16 20 21 23
20092  04 06 13 16 20 21 24
20093  04 06 13 16 20 21 26
20094  04 06 13 16 20 21 30
20095  04 06 13 16 20 21 31
20096  04 06 13 16 20 22 23
20097  04 06 13 16 20 22 24
20098  04 06 13 16 20 22 26
20099  04 06 13 16 20 22 30
20100  04 06 13 16 20 22 31
20101  04 06 13 16 20 23 24
20102  04 06 13 16 20 23 26
20103  04 06 13 16 20 23 30
20104  04 06 13 16 20 23 31
20105  04 06 13 16 20 24 26
20106  04 06 13 16 20 24 30
20107  04 06 13 16 20 24 31
20108  04 06 13 16 20 26 30
20109  04 06 13 16 20 26 31
20110  04 06 13 16 20 30 31
20111  04 06 13 16 21 22 23
20112  04 06 13 16 21 22 24
20113  04 06 13 16 21 22 26
20114  04 06 13 16 21 22 30
20115  04 06 13 16 21 22 31
20116  04 06 13 16 21 23 24
20117  04 06 13 16 21 23 26
20118  04 06 13 16 21 23 30
20119  04 06 13 16 21 23 31
20120  04 06 13 16 21 24 26
20121  04 06 13 16 21 24 30
20122  04 06 13 16 21 24 31
20123  04 06 13 16 21 26 30
20124  04 06 13 16 21 26 31
20125  04 06 13 16 21 30 31
20126  04 06 13 16 22 23 24
20127  04 06 13 16 22 23 26
20128  04 06 13 16 22 23 30
20129  04 06 13 16 22 23 31
20130  04 06 13 16 22 24 26
20131  04 06 13 16 22 24 30
20132  04 06 13 16 22 24 31
20133  04 06 13 16 22 26 30
20134  04 06 13 16 22 26 31
20135  04 06 13 16 22 30 31
20136  04 06 13 16 23 24 26
20137  04 06 13 16 23 24 30
20138  04 06 13 16 23 24 31
20139  04 06 13 16 23 26 30
20140  04 06 13 16 23 26 31
20141  04 06 13 16 23 30 31
20142  04 06 13 16 24 26 30
20143  04 06 13 16 24 26 31
20144  04 06 13 16 24 30 31
20145  04 06 13 16 26 30 31
20146  04 06 13 20 21 22 23
20147  04 06 13 20 21 22 24
20148  04 06 13 20 21 22 26
20149  04 06 13 20 21 22 30
20150  04 06 13 20 21 22 31
20151  04 06 13 20 21 23 24
20152  04 06 13 20 21 23 26
20153  04 06 13 20 21 23 30
20154  04 06 13 20 21 23 31
20155  04 06 13 20 21 24 26
20156  04 06 13 20 21 24 30
20157  04 06 13 20 21 24 31
20158  04 06 13 20 21 26 30
20159  04 06 13 20 21 26 31
20160  04 06 13 20 21 30 31
20161  04 06 13 20 22 23 24
20162  04 06 13 20 22 23 26
20163  04 06 13 20 22 23 30
20164  04 06 13 20 22 23 31
20165  04 06 13 20 22 24 26
20166  04 06 13 20 22 24 30
20167  04 06 13 20 22 24 31
20168  04 06 13 20 22 26 30
20169  04 06 13 20 22 26 31
20170  04 06 13 20 22 30 31
20171  04 06 13 20 23 24 26
20172  04 06 13 20 23 24 30
20173  04 06 13 20 23 24 31
20174  04 06 13 20 23 26 30
20175  04 06 13 20 23 26 31
20176  04 06 13 20 23 30 31
20177  04 06 13 20 24 26 30
20178  04 06 13 20 24 26 31
20179  04 06 13 20 24 30 31
20180  04 06 13 20 26 30 31
20181  04 06 13 21 22 23 24
20182  04 06 13 21 22 23 26
20183  04 06 13 21 22 23 30
20184  04 06 13 21 22 23 31
20185  04 06 13 21 22 24 26
20186  04 06 13 21 22 24 30
20187  04 06 13 21 22 24 31
20188  04 06 13 21 22 26 30
20189  04 06 13 21 22 26 31
20190  04 06 13 21 22 30 31
20191  04 06 13 21 23 24 26
20192  04 06 13 21 23 24 30
20193  04 06 13 21 23 24 31
20194  04 06 13 21 23 26 30
20195  04 06 13 21 23 26 31
20196  04 06 13 21 23 30 31
20197  04 06 13 21 24 26 30
20198  04 06 13 21 24 26 31
20199  04 06 13 21 24 30 31
20200  04 06 13 21 26 30 31
20201  04 06 13 22 23 24 26
20202  04 06 13 22 23 24 30
20203  04 06 13 22 23 24 31
20204  04 06 13 22 23 26 30
20205  04 06 13 22 23 26 31
20206  04 06 13 22 23 30 31
20207  04 06 13 22 24 26 30
20208  04 06 13 22 24 26 31
20209  04 06 13 22 24 30 31
20210  04 06 13 22 26 30 31
20211  04 06 13 23 24 26 30
20212  04 06 13 23 24 26 31
20213  04 06 13 23 24 30 31
20214  04 06 13 23 26 30 31
20215  04 06 13 24 26 30 31
20216  04 06 14 16 20 21 23
20217  04 06 14 16 20 21 30
20218  04 06 14 16 20 21 31
20219  04 06 14 16 20 22 23
20220  04 06 14 16 20 22 30
20221  04 06 14 16 20 22 31
20222  04 06 14 16 20 23 24
20223  04 06 14 16 20 23 26
20224  04 06 14 16 20 23 30
20225  04 06 14 16 20 23 31
20226  04 06 14 16 20 24 30
20227  04 06 14 16 20 24 31
20228  04 06 14 16 20 26 30
20229  04 06 14 16 20 26 31
20230  04 06 14 16 20 30 31
20231  04 06 14 16 21 22 23
20232  04 06 14 16 21 22 30
20233  04 06 14 16 21 22 31
20234  04 06 14 16 21 23 24
20235  04 06 14 16 21 23 26
20236  04 06 14 16 21 23 30
20237  04 06 14 16 21 23 31
20238  04 06 14 16 21 24 30
20239  04 06 14 16 21 24 31
20240  04 06 14 16 21 26 30
20241  04 06 14 16 21 26 31
20242  04 06 14 16 21 30 31
20243  04 06 14 16 22 23 24
20244  04 06 14 16 22 23 26
20245  04 06 14 16 22 23 30
20246  04 06 14 16 22 23 31
20247  04 06 14 16 22 24 30
20248  04 06 14 16 22 24 31
20249  04 06 14 16 22 26 30
20250  04 06 14 16 22 26 31
20251  04 06 14 16 22 30 31
20252  04 06 14 16 23 24 26
20253  04 06 14 16 23 24 30
20254  04 06 14 16 23 24 31
20255  04 06 14 16 23 26 30
20256  04 06 14 16 23 26 31
20257  04 06 14 16 23 30 31
20258  04 06 14 16 24 26 30
20259  04 06 14 16 24 26 31
20260  04 06 14 16 24 30 31
20261  04 06 14 16 26 30 31
20262  04 06 14 20 21 22 23
20263  04 06 14 20 21 22 30
20264  04 06 14 20 21 22 31
20265  04 06 14 20 21 23 24
20266  04 06 14 20 21 23 26
20267  04 06 14 20 21 23 30
20268  04 06 14 20 21 23 31
20269  04 06 14 20 21 24 30
20270  04 06 14 20 21 24 31
20271  04 06 14 20 21 26 30
20272  04 06 14 20 21 26 31
20273  04 06 14 20 21 30 31
20274  04 06 14 20 22 23 24
20275  04 06 14 20 22 23 26
20276  04 06 14 20 22 23 30
20277  04 06 14 20 22 23 31
20278  04 06 14 20 22 24 30
20279  04 06 14 20 22 24 31
20280  04 06 14 20 22 26 30
20281  04 06 14 20 22 26 31
20282  04 06 14 20 22 30 31
20283  04 06 14 20 23 24 26
20284  04 06 14 20 23 24 30
20285  04 06 14 20 23 24 31
20286  04 06 14 20 23 26 30
20287  04 06 14 20 23 26 31
20288  04 06 14 20 23 30 31
20289  04 06 14 20 24 26 30
20290  04 06 14 20 24 26 31
20291  04 06 14 20 24 30 31
20292  04 06 14 20 26 30 31
20293  04 06 14 21 22 23 24
20294  04 06 14 21 22 23 26
20295  04 06 14 21 22 23 30
20296  04 06 14 21 22 23 31
20297  04 06 14 21 22 24 30
20298  04 06 14 21 22 24 31
20299  04 06 14 21 22 26 30
20300  04 06 14 21 22 26 31
20301  04 06 14 21 22 30 31
20302  04 06 14 21 23 24 26
20303  04 06 14 21 23 24 30
20304  04 06 14 21 23 24 31
20305  04 06 14 21 23 26 30
20306  04 06 14 21 23 26 31
20307  04 06 14 21 23 30 31
20308  04 06 14 21 24 26 30
20309  04 06 14 21 24 26 31
20310  04 06 14 21 24 30 31
20311  04 06 14 21 26 30 31
20312  04 06 14 22 23 24 26
20313  04 06 14 22 23 24 30
20314  04 06 14 22 23 24 31
20315  04 06 14 22 23 26 30
20316  04 06 14 22 23 26 31
20317  04 06 14 22 23 30 31
20318  04 06 14 22 24 26 30
20319  04 06 14 22 24 26 31
20320  04 06 14 22 24 30 31
20321  04 06 14 22 26 30 31
20322  04 06 14 23 24 26 30
20323  04 06 14 23 24 26 31
20324  04 06 14 23 24 30 31
20325  04 06 14 23 26 30 31
20326  04 06 14 24 26 30 31
20327  04 06 16 20 21 22 23
20328  04 06 16 20 21 22 30
20329  04 06 16 20 21 22 31
20330  04 06 16 20 21 23 24
20331  04 06 16 20 21 23 26
20332  04 06 16 20 21 23 30
20333  04 06 16 20 21 23 31
20334  04 06 16 20 21 24 30
20335  04 06 16 20 21 24 31
20336  04 06 16 20 21 26 30
20337  04 06 16 20 21 26 31
20338  04 06 16 20 21 30 31
20339  04 06 16 20 22 23 24
20340  04 06 16 20 22 23 26
20341  04 06 16 20 22 23 30
20342  04 06 16 20 22 23 31
20343  04 06 16 20 22 24 30
20344  04 06 16 20 22 24 31
20345  04 06 16 20 22 26 30
20346  04 06 16 20 22 26 31
20347  04 06 16 20 22 30 31
20348  04 06 16 20 23 24 26
20349  04 06 16 20 23 24 30
20350  04 06 16 20 23 24 31
20351  04 06 16 20 23 26 30
20352  04 06 16 20 23 26 31
20353  04 06 16 20 23 30 31
20354  04 06 16 20 24 26 30
20355  04 06 16 20 24 26 31
20356  04 06 16 20 24 30 31
20357  04 06 16 20 26 30 31
20358  04 06 16 21 22 23 24
20359  04 06 16 21 22 23 26
20360  04 06 16 21 22 23 30
20361  04 06 16 21 22 23 31
20362  04 06 16 21 22 24 30
20363  04 06 16 21 22 24 31
20364  04 06 16 21 22 26 30
20365  04 06 16 21 22 26 31
20366  04 06 16 21 22 30 31
20367  04 06 16 21 23 24 26
20368  04 06 16 21 23 24 30
20369  04 06 16 21 23 24 31
20370  04 06 16 21 23 26 30
20371  04 06 16 21 23 26 31
20372  04 06 16 21 23 30 31
20373  04 06 16 21 24 26 30
20374  04 06 16 21 24 26 31
20375  04 06 16 21 24 30 31
20376  04 06 16 21 26 30 31
20377  04 06 16 22 23 24 26
20378  04 06 16 22 23 24 30
20379  04 06 16 22 23 24 31
20380  04 06 16 22 23 26 30
20381  04 06 16 22 23 26 31
20382  04 06 16 22 23 30 31
20383  04 06 16 22 24 26 30
20384  04 06 16 22 24 26 31
20385  04 06 16 22 24 30 31
20386  04 06 16 22 26 30 31
20387  04 06 16 23 24 26 30
20388  04 06 16 23 24 26 31
20389  04 06 16 23 24 30 31
20390  04 06 16 23 26 30 31
20391  04 06 16 24 26 30 31
20392  04 06 20 21 22 23 24
20393  04 06 20 21 22 23 26
20394  04 06 20 21 22 23 30
20395  04 06 20 21 22 23 31
20396  04 06 20 21 22 24 30
20397  04 06 20 21 22 24 31
20398  04 06 20 21 22 26 30
20399  04 06 20 21 22 26 31
20400  04 06 20 21 22 30 31
20401  04 06 20 21 23 24 26
20402  04 06 20 21 23 24 30
20403  04 06 20 21 23 24 31
20404  04 06 20 21 23 26 30
20405  04 06 20 21 23 26 31
20406  04 06 20 21 23 30 31
20407  04 06 20 21 24 26 30
20408  04 06 20 21 24 26 31
20409  04 06 20 21 24 30 31
20410  04 06 20 21 26 30 31
20411  04 06 20 22 23 24 31
20412  04 06 20 22 23 26 31
20413  04 06 20 22 23 30 31
20414  04 06 20 22 24 26 31
20415  04 06 20 22 24 30 31
20416  04 06 20 22 26 30 31
20417  04 06 20 23 24 26 31
20418  04 06 20 23 24 30 31
20419  04 06 20 23 26 30 31
20420  04 06 20 24 26 30 31
20421  04 06 21 22 23 24 26
20422  04 06 21 22 23 24 30
20423  04 06 21 22 23 24 31
20424  04 06 21 22 23 26 30
20425  04 06 21 22 23 26 31
20426  04 06 21 22 23 30 31
20427  04 06 21 22 24 26 30
20428  04 06 21 22 24 26 31
20429  04 06 21 22 24 30 31
20430  04 06 21 22 26 30 31
20431  04 06 21 23 24 26 30
20432  04 06 21 23 24 26 31
20433  04 06 21 23 24 30 31
20434  04 06 21 23 26 30 31
20435  04 06 21 24 26 30 31
20436  04 06 22 23 24 26 31
20437  04 06 22 23 24 30 31
20438  04 06 22 23 26 30 31
20439  04 06 22 24 26 30 31
20440  04 06 23 24 26 30 31
20441  04 10 11 12 13 14 16
20442  04 10 11 12 13 14 26
20443  04 10 11 12 13 16 20
20444  04 10 11 12 13 16 21
20445  04 10 11 12 13 16 22
20446  04 10 11 12 13 16 23
20447  04 10 11 12 13 16 24
20448  04 10 11 12 13 16 26
20449  04 10 11 12 13 16 30
20450  04 10 11 12 13 16 31
20451  04 10 11 12 13 20 26
20452  04 10 11 12 13 21 26
20453  04 10 11 12 13 22 26
20454  04 10 11 12 13 23 26
20455  04 10 11 12 13 24 26
20456  04 10 11 12 13 26 30
20457  04 10 11 12 13 26 31
20458  04 10 11 12 14 16 23
20459  04 10 11 12 14 16 30
20460  04 10 11 12 14 16 31
20461  04 10 11 12 14 23 26
20462  04 10 11 12 14 26 30
20463  04 10 11 12 14 26 31
20464  04 10 11 12 16 20 23
20465  04 10 11 12 16 20 30
20466  04 10 11 12 16 20 31
20467  04 10 11 12 16 21 23
20468  04 10 11 12 16 21 30
20469  04 10 11 12 16 21 31
20470  04 10 11 12 16 22 23
20471  04 10 11 12 16 22 30
20472  04 10 11 12 16 22 31
20473  04 10 11 12 16 23 24
20474  04 10 11 12 16 23 26
20475  04 10 11 12 16 23 30
20476  04 10 11 12 16 23 31
20477  04 10 11 12 16 24 30
20478  04 10 11 12 16 24 31
20479  04 10 11 12 16 26 30
20480  04 10 11 12 16 26 31
20481  04 10 11 12 16 30 31
20482  04 10 11 12 20 23 26
20483  04 10 11 12 20 26 30
20484  04 10 11 12 20 26 31
20485  04 10 11 12 21 23 26
20486  04 10 11 12 21 26 30
20487  04 10 11 12 21 26 31
20488  04 10 11 12 22 23 26
20489  04 10 11 12 22 26 30
20490  04 10 11 12 22 26 31
20491  04 10 11 12 23 24 26
20492  04 10 11 12 23 26 30
20493  04 10 11 12 23 26 31
20494  04 10 11 12 24 26 30
20495  04 10 11 12 24 26 31
20496  04 10 11 12 26 30 31
20497  04 10 11 13 14 16 20
20498  04 10 11 13 14 16 21
20499  04 10 11 13 14 16 22
20500  04 10 11 13 14 16 23
20501  04 10 11 13 14 16 24
20502  04 10 11 13 14 16 26
20503  04 10 11 13 14 20 26
20504  04 10 11 13 14 21 26
20505  04 10 11 13 14 22 26
20506  04 10 11 13 14 23 26
20507  04 10 11 13 14 24 26
20508  04 10 11 13 14 26 30
20509  04 10 11 13 14 26 31
20510  04 10 11 13 16 20 21
20511  04 10 11 13 16 20 22
20512  04 10 11 13 16 20 23
20513  04 10 11 13 16 20 24
20514  04 10 11 13 16 20 26
20515  04 10 11 13 16 20 30
20516  04 10 11 13 16 20 31
20517  04 10 11 13 16 21 22
20518  04 10 11 13 16 21 23
20519  04 10 11 13 16 21 24
20520  04 10 11 13 16 21 26
20521  04 10 11 13 16 21 30
20522  04 10 11 13 16 21 31
20523  04 10 11 13 16 22 23
20524  04 10 11 13 16 22 24
20525  04 10 11 13 16 22 26
20526  04 10 11 13 16 22 30
20527  04 10 11 13 16 22 31
20528  04 10 11 13 16 23 24
20529  04 10 11 13 16 23 26
20530  04 10 11 13 16 23 30
20531  04 10 11 13 16 23 31
20532  04 10 11 13 16 24 26
20533  04 10 11 13 16 24 30
20534  04 10 11 13 16 24 31
20535  04 10 11 13 16 26 30
20536  04 10 11 13 16 26 31
20537  04 10 11 13 20 21 26
20538  04 10 11 13 20 22 26
20539  04 10 11 13 20 23 26
20540  04 10 11 13 20 24 26
20541  04 10 11 13 20 26 30
20542  04 10 11 13 20 26 31
20543  04 10 11 13 21 22 26
20544  04 10 11 13 21 23 26
20545  04 10 11 13 21 24 26
20546  04 10 11 13 21 26 30
20547  04 10 11 13 21 26 31
20548  04 10 11 13 22 23 26
20549  04 10 11 13 22 24 26
20550  04 10 11 13 22 26 30
20551  04 10 11 13 22 26 31
20552  04 10 11 13 23 24 26
20553  04 10 11 13 23 26 30
20554  04 10 11 13 23 26 31
20555  04 10 11 13 24 26 30
20556  04 10 11 13 24 26 31
20557  04 10 11 13 26 30 31
20558  04 10 11 14 16 20 23
20559  04 10 11 14 16 20 30
20560  04 10 11 14 16 20 31
20561  04 10 11 14 16 21 23
20562  04 10 11 14 16 21 30
20563  04 10 11 14 16 21 31
20564  04 10 11 14 16 22 23
20565  04 10 11 14 16 22 30
20566  04 10 11 14 16 22 31
20567  04 10 11 14 16 23 24
20568  04 10 11 14 16 23 26
20569  04 10 11 14 16 23 30
20570  04 10 11 14 16 23 31
20571  04 10 11 14 16 24 30
20572  04 10 11 14 16 24 31
20573  04 10 11 14 16 26 30
20574  04 10 11 14 16 26 31
20575  04 10 11 14 20 23 26
20576  04 10 11 14 20 26 30
20577  04 10 11 14 20 26 31
20578  04 10 11 14 21 23 26
20579  04 10 11 14 21 26 30
20580  04 10 11 14 21 26 31
20581  04 10 11 14 22 23 26
20582  04 10 11 14 22 26 30
20583  04 10 11 14 22 26 31
20584  04 10 11 14 23 24 26
20585  04 10 11 14 23 26 30
20586  04 10 11 14 23 26 31
20587  04 10 11 14 24 26 30
20588  04 10 11 14 24 26 31
20589  04 10 11 14 26 30 31
20590  04 10 11 16 20 21 23
20591  04 10 11 16 20 21 30
20592  04 10 11 16 20 21 31
20593  04 10 11 16 20 22 23
20594  04 10 11 16 20 22 30
20595  04 10 11 16 20 22 31
20596  04 10 11 16 20 23 24
20597  04 10 11 16 20 23 26
20598  04 10 11 16 20 23 30
20599  04 10 11 16 20 23 31
20600  04 10 11 16 20 24 30
20601  04 10 11 16 20 24 31
20602  04 10 11 16 20 26 30
20603  04 10 11 16 20 26 31
20604  04 10 11 16 20 30 31
20605  04 10 11 16 21 22 23
20606  04 10 11 16 21 22 30
20607  04 10 11 16 21 22 31
20608  04 10 11 16 21 23 24
20609  04 10 11 16 21 23 26
20610  04 10 11 16 21 23 30
20611  04 10 11 16 21 23 31
20612  04 10 11 16 21 24 30
20613  04 10 11 16 21 24 31
20614  04 10 11 16 21 26 30
20615  04 10 11 16 21 26 31
20616  04 10 11 16 21 30 31
20617  04 10 11 16 22 23 24
20618  04 10 11 16 22 23 26
20619  04 10 11 16 22 23 30
20620  04 10 11 16 22 23 31
20621  04 10 11 16 22 24 30
20622  04 10 11 16 22 24 31
20623  04 10 11 16 22 26 30
20624  04 10 11 16 22 26 31
20625  04 10 11 16 22 30 31
20626  04 10 11 16 23 24 26
20627  04 10 11 16 23 24 30
20628  04 10 11 16 23 24 31
20629  04 10 11 16 23 26 30
20630  04 10 11 16 23 26 31
20631  04 10 11 16 23 30 31
20632  04 10 11 16 24 26 30
20633  04 10 11 16 24 26 31
20634  04 10 11 16 24 30 31
20635  04 10 11 16 26 30 31
20636  04 10 11 20 21 23 26
20637  04 10 11 20 21 26 30
20638  04 10 11 20 21 26 31
20639  04 10 11 20 22 23 26
20640  04 10 11 20 22 26 30
20641  04 10 11 20 22 26 31
20642  04 10 11 20 23 24 26
20643  04 10 11 20 23 26 30
20644  04 10 11 20 23 26 31
20645  04 10 11 20 24 26 30
20646  04 10 11 20 24 26 31
20647  04 10 11 20 26 30 31
20648  04 10 11 21 22 23 26
20649  04 10 11 21 22 26 30
20650  04 10 11 21 22 26 31
20651  04 10 11 21 23 24 26
20652  04 10 11 21 23 26 30
20653  04 10 11 21 23 26 31
20654  04 10 11 21 24 26 30
20655  04 10 11 21 24 26 31
20656  04 10 11 21 26 30 31
20657  04 10 11 22 23 24 26
20658  04 10 11 22 23 26 30
20659  04 10 11 22 23 26 31
20660  04 10 11 22 24 26 30
20661  04 10 11 22 24 26 31
20662  04 10 11 22 26 30 31
20663  04 10 11 23 24 26 30
20664  04 10 11 23 24 26 31
20665  04 10 11 23 26 30 31
20666  04 10 11 24 26 30 31
20667  04 10 12 13 14 16 20
20668  04 10 12 13 14 16 21
20669  04 10 12 13 14 16 22
20670  04 10 12 13 14 16 23
20671  04 10 12 13 14 16 24
20672  04 10 12 13 14 16 26
20673  04 10 12 13 14 16 30
20674  04 10 12 13 14 16 31
20675  04 10 12 13 14 20 26
20676  04 10 12 13 14 21 26
20677  04 10 12 13 14 22 26
20678  04 10 12 13 14 23 26
20679  04 10 12 13 14 24 26
20680  04 10 12 13 14 26 30
20681  04 10 12 13 14 26 31
20682  04 10 12 13 16 20 21
20683  04 10 12 13 16 20 22
20684  04 10 12 13 16 20 23
20685  04 10 12 13 16 20 24
20686  04 10 12 13 16 20 26
20687  04 10 12 13 16 20 30
20688  04 10 12 13 16 20 31
20689  04 10 12 13 16 21 22
20690  04 10 12 13 16 21 23
20691  04 10 12 13 16 21 24
20692  04 10 12 13 16 21 26
20693  04 10 12 13 16 21 30
20694  04 10 12 13 16 21 31
20695  04 10 12 13 16 22 23
20696  04 10 12 13 16 22 24
20697  04 10 12 13 16 22 26
20698  04 10 12 13 16 22 30
20699  04 10 12 13 16 22 31
20700  04 10 12 13 16 23 24
20701  04 10 12 13 16 23 26
20702  04 10 12 13 16 23 30
20703  04 10 12 13 16 23 31
20704  04 10 12 13 16 24 26
20705  04 10 12 13 16 24 30
20706  04 10 12 13 16 24 31
20707  04 10 12 13 16 26 30
20708  04 10 12 13 16 26 31
20709  04 10 12 13 16 30 31
20710  04 10 12 13 20 21 26
20711  04 10 12 13 20 22 26
20712  04 10 12 13 20 23 26
20713  04 10 12 13 20 24 26
20714  04 10 12 13 20 26 30
20715  04 10 12 13 20 26 31
20716  04 10 12 13 21 22 26
20717  04 10 12 13 21 23 26
20718  04 10 12 13 21 24 26
20719  04 10 12 13 21 26 30
20720  04 10 12 13 21 26 31
20721  04 10 12 13 22 23 26
20722  04 10 12 13 22 24 26
20723  04 10 12 13 22 26 30
20724  04 10 12 13 22 26 31
20725  04 10 12 13 23 24 26
20726  04 10 12 13 23 26 30
20727  04 10 12 13 23 26 31
20728  04 10 12 13 24 26 30
20729  04 10 12 13 24 26 31
20730  04 10 12 13 26 30 31
20731  04 10 12 14 16 20 23
20732  04 10 12 14 16 20 30
20733  04 10 12 14 16 20 31
20734  04 10 12 14 16 21 23
20735  04 10 12 14 16 21 30
20736  04 10 12 14 16 21 31
20737  04 10 12 14 16 22 23
20738  04 10 12 14 16 22 30
20739  04 10 12 14 16 22 31
20740  04 10 12 14 16 23 24
20741  04 10 12 14 16 23 26
20742  04 10 12 14 16 23 30
20743  04 10 12 14 16 23 31
20744  04 10 12 14 16 24 30
20745  04 10 12 14 16 24 31
20746  04 10 12 14 16 26 30
20747  04 10 12 14 16 26 31
20748  04 10 12 14 16 30 31
20749  04 10 12 14 20 23 26
20750  04 10 12 14 20 26 30
20751  04 10 12 14 20 26 31
20752  04 10 12 14 21 23 26
20753  04 10 12 14 21 26 30
20754  04 10 12 14 21 26 31
20755  04 10 12 14 22 23 26
20756  04 10 12 14 22 26 30
20757  04 10 12 14 22 26 31
20758  04 10 12 14 23 24 26
20759  04 10 12 14 23 26 30
20760  04 10 12 14 23 26 31
20761  04 10 12 14 24 26 30
20762  04 10 12 14 24 26 31
20763  04 10 12 14 26 30 31
20764  04 10 12 16 20 21 23
20765  04 10 12 16 20 21 30
20766  04 10 12 16 20 21 31
20767  04 10 12 16 20 22 23
20768  04 10 12 16 20 22 30
20769  04 10 12 16 20 22 31
20770  04 10 12 16 20 23 24
20771  04 10 12 16 20 23 26
20772  04 10 12 16 20 23 30
20773  04 10 12 16 20 23 31
20774  04 10 12 16 20 24 30
20775  04 10 12 16 20 24 31
20776  04 10 12 16 20 26 30
20777  04 10 12 16 20 26 31
20778  04 10 12 16 20 30 31
20779  04 10 12 16 21 22 23
20780  04 10 12 16 21 22 30
20781  04 10 12 16 21 22 31
20782  04 10 12 16 21 23 24
20783  04 10 12 16 21 23 26
20784  04 10 12 16 21 23 30
20785  04 10 12 16 21 23 31
20786  04 10 12 16 21 24 30
20787  04 10 12 16 21 24 31
20788  04 10 12 16 21 26 30
20789  04 10 12 16 21 26 31
20790  04 10 12 16 21 30 31
20791  04 10 12 16 22 23 24
20792  04 10 12 16 22 23 26
20793  04 10 12 16 22 23 30
20794  04 10 12 16 22 23 31
20795  04 10 12 16 22 24 30
20796  04 10 12 16 22 24 31
20797  04 10 12 16 22 26 30
20798  04 10 12 16 22 26 31
20799  04 10 12 16 22 30 31
20800  04 10 12 16 23 24 26
20801  04 10 12 16 23 24 30
20802  04 10 12 16 23 24 31
20803  04 10 12 16 23 26 30
20804  04 10 12 16 23 26 31
20805  04 10 12 16 23 30 31
20806  04 10 12 16 24 26 30
20807  04 10 12 16 24 26 31
20808  04 10 12 16 24 30 31
20809  04 10 12 16 26 30 31
20810  04 10 12 20 21 23 26
20811  04 10 12 20 21 26 30
20812  04 10 12 20 21 26 31
20813  04 10 12 20 22 23 26
20814  04 10 12 20 22 26 30
20815  04 10 12 20 22 26 31
20816  04 10 12 20 23 24 26
20817  04 10 12 20 23 26 30
20818  04 10 12 20 23 26 31
20819  04 10 12 20 24 26 30
20820  04 10 12 20 24 26 31
20821  04 10 12 20 26 30 31
20822  04 10 12 21 22 23 26
20823  04 10 12 21 22 26 30
20824  04 10 12 21 22 26 31
20825  04 10 12 21 23 24 26
20826  04 10 12 21 23 26 30
20827  04 10 12 21 23 26 31
20828  04 10 12 21 24 26 30
20829  04 10 12 21 24 26 31
20830  04 10 12 21 26 30 31
20831  04 10 12 22 23 24 26
20832  04 10 12 22 23 26 30
20833  04 10 12 22 23 26 31
20834  04 10 12 22 24 26 30
20835  04 10 12 22 24 26 31
20836  04 10 12 22 26 30 31
20837  04 10 12 23 24 26 30
20838  04 10 12 23 24 26 31
20839  04 10 12 23 26 30 31
20840  04 10 12 24 26 30 31
20841  04 10 13 14 16 20 21
20842  04 10 13 14 16 20 22
20843  04 10 13 14 16 20 23
20844  04 10 13 14 16 20 24
20845  04 10 13 14 16 20 26
20846  04 10 13 14 16 20 30
20847  04 10 13 14 16 20 31
20848  04 10 13 14 16 21 22
20849  04 10 13 14 16 21 23
20850  04 10 13 14 16 21 24
20851  04 10 13 14 16 21 26
20852  04 10 13 14 16 21 30
20853  04 10 13 14 16 21 31
20854  04 10 13 14 16 22 23
20855  04 10 13 14 16 22 24
20856  04 10 13 14 16 22 26
20857  04 10 13 14 16 22 30
20858  04 10 13 14 16 22 31
20859  04 10 13 14 16 23 24
20860  04 10 13 14 16 23 26
20861  04 10 13 14 16 23 30
20862  04 10 13 14 16 23 31
20863  04 10 13 14 16 24 26
20864  04 10 13 14 16 24 30
20865  04 10 13 14 16 24 31
20866  04 10 13 14 16 26 30
20867  04 10 13 14 16 26 31
20868  04 10 13 14 20 21 26
20869  04 10 13 14 20 22 26
20870  04 10 13 14 20 23 26
20871  04 10 13 14 20 24 26
20872  04 10 13 14 20 26 30
20873  04 10 13 14 20 26 31
20874  04 10 13 14 21 22 26
20875  04 10 13 14 21 23 26
20876  04 10 13 14 21 24 26
20877  04 10 13 14 21 26 30
20878  04 10 13 14 21 26 31
20879  04 10 13 14 22 23 26
20880  04 10 13 14 22 24 26
20881  04 10 13 14 22 26 30
20882  04 10 13 14 22 26 31
20883  04 10 13 14 23 24 26
20884  04 10 13 14 23 26 30
20885  04 10 13 14 23 26 31
20886  04 10 13 14 24 26 30
20887  04 10 13 14 24 26 31
20888  04 10 13 14 26 30 31
20889  04 10 13 16 20 21 22
20890  04 10 13 16 20 21 23
20891  04 10 13 16 20 21 24
20892  04 10 13 16 20 21 26
20893  04 10 13 16 20 21 30
20894  04 10 13 16 20 21 31
20895  04 10 13 16 20 22 23
20896  04 10 13 16 20 22 24
20897  04 10 13 16 20 22 26
20898  04 10 13 16 20 22 30
20899  04 10 13 16 20 22 31
20900  04 10 13 16 20 23 24
20901  04 10 13 16 20 23 26
20902  04 10 13 16 20 23 30
20903  04 10 13 16 20 23 31
20904  04 10 13 16 20 24 26
20905  04 10 13 16 20 24 30
20906  04 10 13 16 20 24 31
20907  04 10 13 16 20 26 30
20908  04 10 13 16 20 26 31
20909  04 10 13 16 20 30 31
20910  04 10 13 16 21 22 23
20911  04 10 13 16 21 22 24
20912  04 10 13 16 21 22 26
20913  04 10 13 16 21 22 30
20914  04 10 13 16 21 22 31
20915  04 10 13 16 21 23 24
20916  04 10 13 16 21 23 26
20917  04 10 13 16 21 23 30
20918  04 10 13 16 21 23 31
20919  04 10 13 16 21 24 26
20920  04 10 13 16 21 24 30
20921  04 10 13 16 21 24 31
20922  04 10 13 16 21 26 30
20923  04 10 13 16 21 26 31
20924  04 10 13 16 21 30 31
20925  04 10 13 16 22 23 24
20926  04 10 13 16 22 23 26
20927  04 10 13 16 22 23 30
20928  04 10 13 16 22 23 31
20929  04 10 13 16 22 24 26
20930  04 10 13 16 22 24 30
20931  04 10 13 16 22 24 31
20932  04 10 13 16 22 26 30
20933  04 10 13 16 22 26 31
20934  04 10 13 16 22 30 31
20935  04 10 13 16 23 24 26
20936  04 10 13 16 23 24 30
20937  04 10 13 16 23 24 31
20938  04 10 13 16 23 26 30
20939  04 10 13 16 23 26 31
20940  04 10 13 16 23 30 31
20941  04 10 13 16 24 26 30
20942  04 10 13 16 24 26 31
20943  04 10 13 16 24 30 31
20944  04 10 13 16 26 30 31
20945  04 10 13 20 21 22 26
20946  04 10 13 20 21 23 26
20947  04 10 13 20 21 24 26
20948  04 10 13 20 21 26 30
20949  04 10 13 20 21 26 31
20950  04 10 13 20 22 23 26
20951  04 10 13 20 22 24 26
20952  04 10 13 20 22 26 30
20953  04 10 13 20 22 26 31
20954  04 10 13 20 23 24 26
20955  04 10 13 20 23 26 30
20956  04 10 13 20 23 26 31
20957  04 10 13 20 24 26 30
20958  04 10 13 20 24 26 31
20959  04 10 13 20 26 30 31
20960  04 10 13 21 22 23 26
20961  04 10 13 21 22 24 26
20962  04 10 13 21 22 26 30
20963  04 10 13 21 22 26 31
20964  04 10 13 21 23 24 26
20965  04 10 13 21 23 26 30
20966  04 10 13 21 23 26 31
20967  04 10 13 21 24 26 30
20968  04 10 13 21 24 26 31
20969  04 10 13 21 26 30 31
20970  04 10 13 22 23 24 26
20971  04 10 13 22 23 26 30
20972  04 10 13 22 23 26 31
20973  04 10 13 22 24 26 30
20974  04 10 13 22 24 26 31
20975  04 10 13 22 26 30 31
20976  04 10 13 23 24 26 30
20977  04 10 13 23 24 26 31
20978  04 10 13 23 26 30 31
20979  04 10 13 24 26 30 31
20980  04 10 14 16 20 21 23
20981  04 10 14 16 20 21 30
20982  04 10 14 16 20 21 31
20983  04 10 14 16 20 22 23
20984  04 10 14 16 20 22 30
20985  04 10 14 16 20 22 31
20986  04 10 14 16 20 23 24
20987  04 10 14 16 20 23 26
20988  04 10 14 16 20 23 30
20989  04 10 14 16 20 23 31
20990  04 10 14 16 20 24 30
20991  04 10 14 16 20 24 31
20992  04 10 14 16 20 26 30
20993  04 10 14 16 20 26 31
20994  04 10 14 16 20 30 31
20995  04 10 14 16 21 22 23
20996  04 10 14 16 21 22 30
20997  04 10 14 16 21 22 31
20998  04 10 14 16 21 23 24
20999  04 10 14 16 21 23 26
21000  04 10 14 16 21 23 30
21001  04 10 14 16 21 23 31
21002  04 10 14 16 21 24 30
21003  04 10 14 16 21 24 31
21004  04 10 14 16 21 26 30
21005  04 10 14 16 21 26 31
21006  04 10 14 16 21 30 31
21007  04 10 14 16 22 23 24
21008  04 10 14 16 22 23 26
21009  04 10 14 16 22 23 30
21010  04 10 14 16 22 23 31
21011  04 10 14 16 22 24 30
21012  04 10 14 16 22 24 31
21013  04 10 14 16 22 26 30
21014  04 10 14 16 22 26 31
21015  04 10 14 16 22 30 31
21016  04 10 14 16 23 24 26
21017  04 10 14 16 23 24 30
21018  04 10 14 16 23 24 31
21019  04 10 14 16 23 26 30
21020  04 10 14 16 23 26 31
21021  04 10 14 16 23 30 31
21022  04 10 14 16 24 26 30
21023  04 10 14 16 24 26 31
21024  04 10 14 16 24 30 31
21025  04 10 14 16 26 30 31
21026  04 10 14 20 21 23 26
21027  04 10 14 20 21 26 30
21028  04 10 14 20 21 26 31
21029  04 10 14 20 22 23 26
21030  04 10 14 20 22 26 30
21031  04 10 14 20 22 26 31
21032  04 10 14 20 23 24 26
21033  04 10 14 20 23 26 30
21034  04 10 14 20 23 26 31
21035  04 10 14 20 24 26 30
21036  04 10 14 20 24 26 31
21037  04 10 14 20 26 30 31
21038  04 10 14 21 22 23 26
21039  04 10 14 21 22 26 30
21040  04 10 14 21 22 26 31
21041  04 10 14 21 23 24 26
21042  04 10 14 21 23 26 30
21043  04 10 14 21 23 26 31
21044  04 10 14 21 24 26 30
21045  04 10 14 21 24 26 31
21046  04 10 14 21 26 30 31
21047  04 10 14 22 23 24 26
21048  04 10 14 22 23 26 30
21049  04 10 14 22 23 26 31
21050  04 10 14 22 24 26 30
21051  04 10 14 22 24 26 31
21052  04 10 14 22 26 30 31
21053  04 10 14 23 24 26 30
21054  04 10 14 23 24 26 31
21055  04 10 14 23 26 30 31
21056  04 10 14 24 26 30 31
21057  04 10 16 20 21 22 23
21058  04 10 16 20 21 22 30
21059  04 10 16 20 21 22 31
21060  04 10 16 20 21 23 24
21061  04 10 16 20 21 23 26
21062  04 10 16 20 21 23 30
21063  04 10 16 20 21 23 31
21064  04 10 16 20 21 24 30
21065  04 10 16 20 21 24 31
21066  04 10 16 20 21 26 30
21067  04 10 16 20 21 26 31
21068  04 10 16 20 21 30 31
21069  04 10 16 20 22 23 24
21070  04 10 16 20 22 23 26
21071  04 10 16 20 22 23 30
21072  04 10 16 20 22 23 31
21073  04 10 16 20 22 24 30
21074  04 10 16 20 22 24 31
21075  04 10 16 20 22 26 30
21076  04 10 16 20 22 26 31
21077  04 10 16 20 22 30 31
21078  04 10 16 20 23 24 26
21079  04 10 16 20 23 24 30
21080  04 10 16 20 23 24 31
21081  04 10 16 20 23 26 30
21082  04 10 16 20 23 26 31
21083  04 10 16 20 23 30 31
21084  04 10 16 20 24 26 30
21085  04 10 16 20 24 26 31
21086  04 10 16 20 24 30 31
21087  04 10 16 20 26 30 31
21088  04 10 16 21 22 23 24
21089  04 10 16 21 22 23 26
21090  04 10 16 21 22 23 30
21091  04 10 16 21 22 23 31
21092  04 10 16 21 22 24 30
21093  04 10 16 21 22 24 31
21094  04 10 16 21 22 26 30
21095  04 10 16 21 22 26 31
21096  04 10 16 21 22 30 31
21097  04 10 16 21 23 24 26
21098  04 10 16 21 23 24 30
21099  04 10 16 21 23 24 31
21100  04 10 16 21 23 26 30
21101  04 10 16 21 23 26 31
21102  04 10 16 21 23 30 31
21103  04 10 16 21 24 26 30
21104  04 10 16 21 24 26 31
21105  04 10 16 21 24 30 31
21106  04 10 16 21 26 30 31
21107  04 10 16 22 23 24 26
21108  04 10 16 22 23 24 30
21109  04 10 16 22 23 24 31
21110  04 10 16 22 23 26 30
21111  04 10 16 22 23 26 31
21112  04 10 16 22 23 30 31
21113  04 10 16 22 24 26 30
21114  04 10 16 22 24 26 31
21115  04 10 16 22 24 30 31
21116  04 10 16 22 26 30 31
21117  04 10 16 23 24 26 30
21118  04 10 16 23 24 26 31
21119  04 10 16 23 24 30 31
21120  04 10 16 23 26 30 31
21121  04 10 16 24 26 30 31
21122  04 10 20 21 22 23 26
21123  04 10 20 21 22 26 30
21124  04 10 20 21 22 26 31
21125  04 10 20 21 23 24 26
21126  04 10 20 21 23 26 30
21127  04 10 20 21 23 26 31
21128  04 10 20 21 24 26 30
21129  04 10 20 21 24 26 31
21130  04 10 20 21 26 30 31
21131  04 10 20 22 23 24 26
21132  04 10 20 22 23 26 30
21133  04 10 20 22 23 26 31
21134  04 10 20 22 24 26 30
21135  04 10 20 22 24 26 31
21136  04 10 20 22 26 30 31
21137  04 10 20 23 24 26 30
21138  04 10 20 23 24 26 31
21139  04 10 20 23 26 30 31
21140  04 10 20 24 26 30 31
21141  04 10 21 22 23 24 26
21142  04 10 21 22 23 26 30
21143  04 10 21 22 23 26 31
21144  04 10 21 22 24 26 30
21145  04 10 21 22 24 26 31
21146  04 10 21 22 26 30 31
21147  04 10 21 23 24 26 30
21148  04 10 21 23 24 26 31
21149  04 10 21 23 26 30 31
21150  04 10 21 24 26 30 31
21151  04 10 22 23 24 26 30
21152  04 10 22 23 24 26 31
21153  04 10 22 23 26 30 31
21154  04 10 22 24 26 30 31
21155  04 10 23 24 26 30 31
21156  04 11 12 13 14 16 20
21157  04 11 12 13 14 16 21
21158  04 11 12 13 14 16 22
21159  04 11 12 13 14 16 23
21160  04 11 12 13 14 16 24
21161  04 11 12 13 14 16 26
21162  04 11 12 13 14 16 30
21163  04 11 12 13 14 16 31
21164  04 11 12 13 14 20 26
21165  04 11 12 13 14 21 26
21166  04 11 12 13 14 22 26
21167  04 11 12 13 14 23 26
21168  04 11 12 13 14 24 26
21169  04 11 12 13 14 26 30
21170  04 11 12 13 14 26 31
21171  04 11 12 13 16 20 21
21172  04 11 12 13 16 20 22
21173  04 11 12 13 16 20 23
21174  04 11 12 13 16 20 24
21175  04 11 12 13 16 20 26
21176  04 11 12 13 16 20 30
21177  04 11 12 13 16 20 31
21178  04 11 12 13 16 21 22
21179  04 11 12 13 16 21 23
21180  04 11 12 13 16 21 24
21181  04 11 12 13 16 21 26
21182  04 11 12 13 16 21 30
21183  04 11 12 13 16 21 31
21184  04 11 12 13 16 22 23
21185  04 11 12 13 16 22 24
21186  04 11 12 13 16 22 26
21187  04 11 12 13 16 22 30
21188  04 11 12 13 16 22 31
21189  04 11 12 13 16 23 24
21190  04 11 12 13 16 23 26
21191  04 11 12 13 16 23 30
21192  04 11 12 13 16 23 31
21193  04 11 12 13 16 24 26
21194  04 11 12 13 16 24 30
21195  04 11 12 13 16 24 31
21196  04 11 12 13 16 26 30
21197  04 11 12 13 16 26 31
21198  04 11 12 13 16 30 31
21199  04 11 12 13 20 21 26
21200  04 11 12 13 20 22 26
21201  04 11 12 13 20 23 26
21202  04 11 12 13 20 24 26
21203  04 11 12 13 20 26 30
21204  04 11 12 13 20 26 31
21205  04 11 12 13 21 22 26
21206  04 11 12 13 21 23 26
21207  04 11 12 13 21 24 26
21208  04 11 12 13 21 26 30
21209  04 11 12 13 21 26 31
21210  04 11 12 13 22 23 26
21211  04 11 12 13 22 24 26
21212  04 11 12 13 22 26 30
21213  04 11 12 13 22 26 31
21214  04 11 12 13 23 24 26
21215  04 11 12 13 23 26 30
21216  04 11 12 13 23 26 31
21217  04 11 12 13 24 26 30
21218  04 11 12 13 24 26 31
21219  04 11 12 13 26 30 31
21220  04 11 12 14 16 20 23
21221  04 11 12 14 16 20 30
21222  04 11 12 14 16 20 31
21223  04 11 12 14 16 21 23
21224  04 11 12 14 16 21 30
21225  04 11 12 14 16 21 31
21226  04 11 12 14 16 22 23
21227  04 11 12 14 16 22 30
21228  04 11 12 14 16 22 31
21229  04 11 12 14 16 23 24
21230  04 11 12 14 16 23 26
21231  04 11 12 14 16 23 30
21232  04 11 12 14 16 23 31
21233  04 11 12 14 16 24 30
21234  04 11 12 14 16 24 31
21235  04 11 12 14 16 26 30
21236  04 11 12 14 16 26 31
21237  04 11 12 14 16 30 31
21238  04 11 12 14 20 23 26
21239  04 11 12 14 20 26 30
21240  04 11 12 14 20 26 31
21241  04 11 12 14 21 23 26
21242  04 11 12 14 21 26 30
21243  04 11 12 14 21 26 31
21244  04 11 12 14 22 23 26
21245  04 11 12 14 22 26 30
21246  04 11 12 14 22 26 31
21247  04 11 12 14 23 24 26
21248  04 11 12 14 23 26 30
21249  04 11 12 14 23 26 31
21250  04 11 12 14 24 26 30
21251  04 11 12 14 24 26 31
21252  04 11 12 14 26 30 31
21253  04 11 12 16 20 21 23
21254  04 11 12 16 20 21 30
21255  04 11 12 16 20 21 31
21256  04 11 12 16 20 22 23
21257  04 11 12 16 20 22 30
21258  04 11 12 16 20 22 31
21259  04 11 12 16 20 23 24
21260  04 11 12 16 20 23 26
21261  04 11 12 16 20 23 30
21262  04 11 12 16 20 23 31
21263  04 11 12 16 20 24 30
21264  04 11 12 16 20 24 31
21265  04 11 12 16 20 26 30
21266  04 11 12 16 20 26 31
21267  04 11 12 16 20 30 31
21268  04 11 12 16 21 22 23
21269  04 11 12 16 21 22 30
21270  04 11 12 16 21 22 31
21271  04 11 12 16 21 23 24
21272  04 11 12 16 21 23 26
21273  04 11 12 16 21 23 30
21274  04 11 12 16 21 23 31
21275  04 11 12 16 21 24 30
21276  04 11 12 16 21 24 31
21277  04 11 12 16 21 26 30
21278  04 11 12 16 21 26 31
21279  04 11 12 16 21 30 31
21280  04 11 12 16 22 23 24
21281  04 11 12 16 22 23 26
21282  04 11 12 16 22 23 30
21283  04 11 12 16 22 23 31
21284  04 11 12 16 22 24 30
21285  04 11 12 16 22 24 31
21286  04 11 12 16 22 26 30
21287  04 11 12 16 22 26 31
21288  04 11 12 16 22 30 31
21289  04 11 12 16 23 24 26
21290  04 11 12 16 23 24 30
21291  04 11 12 16 23 24 31
21292  04 11 12 16 23 26 30
21293  04 11 12 16 23 26 31
21294  04 11 12 16 23 30 31
21295  04 11 12 16 24 26 30
21296  04 11 12 16 24 26 31
21297  04 11 12 16 24 30 31
21298  04 11 12 16 26 30 31
21299  04 11 12 20 21 23 26
21300  04 11 12 20 21 26 30
21301  04 11 12 20 21 26 31
21302  04 11 12 20 22 23 26
21303  04 11 12 20 22 26 30
21304  04 11 12 20 22 26 31
21305  04 11 12 20 23 24 26
21306  04 11 12 20 23 26 30
21307  04 11 12 20 23 26 31
21308  04 11 12 20 24 26 30
21309  04 11 12 20 24 26 31
21310  04 11 12 20 26 30 31
21311  04 11 12 21 22 23 26
21312  04 11 12 21 22 26 30
21313  04 11 12 21 22 26 31
21314  04 11 12 21 23 24 26
21315  04 11 12 21 23 26 30
21316  04 11 12 21 23 26 31
21317  04 11 12 21 24 26 30
21318  04 11 12 21 24 26 31
21319  04 11 12 21 26 30 31
21320  04 11 12 22 23 24 26
21321  04 11 12 22 23 26 30
21322  04 11 12 22 23 26 31
21323  04 11 12 22 24 26 30
21324  04 11 12 22 24 26 31
21325  04 11 12 22 26 30 31
21326  04 11 12 23 24 26 30
21327  04 11 12 23 24 26 31
21328  04 11 12 23 26 30 31
21329  04 11 12 24 26 30 31
21330  04 11 13 14 16 20 21
21331  04 11 13 14 16 20 22
21332  04 11 13 14 16 20 23
21333  04 11 13 14 16 20 24
21334  04 11 13 14 16 20 26
21335  04 11 13 14 16 20 30
21336  04 11 13 14 16 20 31
21337  04 11 13 14 16 21 22
21338  04 11 13 14 16 21 23
21339  04 11 13 14 16 21 24
21340  04 11 13 14 16 21 26
21341  04 11 13 14 16 21 30
21342  04 11 13 14 16 21 31
21343  04 11 13 14 16 22 23
21344  04 11 13 14 16 22 24
21345  04 11 13 14 16 22 26
21346  04 11 13 14 16 22 30
21347  04 11 13 14 16 22 31
21348  04 11 13 14 16 23 24
21349  04 11 13 14 16 23 26
21350  04 11 13 14 16 23 30
21351  04 11 13 14 16 23 31
21352  04 11 13 14 16 24 26
21353  04 11 13 14 16 24 30
21354  04 11 13 14 16 24 31
21355  04 11 13 14 16 26 30
21356  04 11 13 14 16 26 31
21357  04 11 13 14 20 21 26
21358  04 11 13 14 20 22 26
21359  04 11 13 14 20 23 26
21360  04 11 13 14 20 24 26
21361  04 11 13 14 20 26 30
21362  04 11 13 14 20 26 31
21363  04 11 13 14 21 22 26
21364  04 11 13 14 21 23 26
21365  04 11 13 14 21 24 26
21366  04 11 13 14 21 26 30
21367  04 11 13 14 21 26 31
21368  04 11 13 14 22 23 26
21369  04 11 13 14 22 24 26
21370  04 11 13 14 22 26 30
21371  04 11 13 14 22 26 31
21372  04 11 13 14 23 24 26
21373  04 11 13 14 23 26 30
21374  04 11 13 14 23 26 31
21375  04 11 13 14 24 26 30
21376  04 11 13 14 24 26 31
21377  04 11 13 14 26 30 31
21378  04 11 13 16 20 21 22
21379  04 11 13 16 20 21 23
21380  04 11 13 16 20 21 24
21381  04 11 13 16 20 21 26
21382  04 11 13 16 20 21 30
21383  04 11 13 16 20 21 31
21384  04 11 13 16 20 22 23
21385  04 11 13 16 20 22 24
21386  04 11 13 16 20 22 26
21387  04 11 13 16 20 22 30
21388  04 11 13 16 20 22 31
21389  04 11 13 16 20 23 24
21390  04 11 13 16 20 23 26
21391  04 11 13 16 20 23 30
21392  04 11 13 16 20 23 31
21393  04 11 13 16 20 24 26
21394  04 11 13 16 20 24 30
21395  04 11 13 16 20 24 31
21396  04 11 13 16 20 26 30
21397  04 11 13 16 20 26 31
21398  04 11 13 16 20 30 31
21399  04 11 13 16 21 22 23
21400  04 11 13 16 21 22 24
21401  04 11 13 16 21 22 26
21402  04 11 13 16 21 22 30
21403  04 11 13 16 21 22 31
21404  04 11 13 16 21 23 24
21405  04 11 13 16 21 23 26
21406  04 11 13 16 21 23 30
21407  04 11 13 16 21 23 31
21408  04 11 13 16 21 24 26
21409  04 11 13 16 21 24 30
21410  04 11 13 16 21 24 31
21411  04 11 13 16 21 26 30
21412  04 11 13 16 21 26 31
21413  04 11 13 16 21 30 31
21414  04 11 13 16 22 23 24
21415  04 11 13 16 22 23 26
21416  04 11 13 16 22 23 30
21417  04 11 13 16 22 23 31
21418  04 11 13 16 22 24 26
21419  04 11 13 16 22 24 30
21420  04 11 13 16 22 24 31
21421  04 11 13 16 22 26 30
21422  04 11 13 16 22 26 31
21423  04 11 13 16 22 30 31
21424  04 11 13 16 23 24 26
21425  04 11 13 16 23 24 30
21426  04 11 13 16 23 24 31
21427  04 11 13 16 23 26 30
21428  04 11 13 16 23 26 31
21429  04 11 13 16 23 30 31
21430  04 11 13 16 24 26 30
21431  04 11 13 16 24 26 31
21432  04 11 13 16 24 30 31
21433  04 11 13 16 26 30 31
21434  04 11 13 20 21 22 26
21435  04 11 13 20 21 23 26
21436  04 11 13 20 21 24 26
21437  04 11 13 20 21 26 30
21438  04 11 13 20 21 26 31
21439  04 11 13 20 22 23 26
21440  04 11 13 20 22 24 26
21441  04 11 13 20 22 26 30
21442  04 11 13 20 22 26 31
21443  04 11 13 20 23 24 26
21444  04 11 13 20 23 26 30
21445  04 11 13 20 23 26 31
21446  04 11 13 20 24 26 30
21447  04 11 13 20 24 26 31
21448  04 11 13 20 26 30 31
21449  04 11 13 21 22 23 26
21450  04 11 13 21 22 24 26
21451  04 11 13 21 22 26 30
21452  04 11 13 21 22 26 31
21453  04 11 13 21 23 24 26
21454  04 11 13 21 23 26 30
21455  04 11 13 21 23 26 31
21456  04 11 13 21 24 26 30
21457  04 11 13 21 24 26 31
21458  04 11 13 21 26 30 31
21459  04 11 13 22 23 24 26
21460  04 11 13 22 23 26 30
21461  04 11 13 22 23 26 31
21462  04 11 13 22 24 26 30
21463  04 11 13 22 24 26 31
21464  04 11 13 22 26 30 31
21465  04 11 13 23 24 26 30
21466  04 11 13 23 24 26 31
21467  04 11 13 23 26 30 31
21468  04 11 13 24 26 30 31
21469  04 11 14 16 20 21 23
21470  04 11 14 16 20 21 30
21471  04 11 14 16 20 21 31
21472  04 11 14 16 20 22 23
21473  04 11 14 16 20 22 30
21474  04 11 14 16 20 22 31
21475  04 11 14 16 20 23 24
21476  04 11 14 16 20 23 26
21477  04 11 14 16 20 23 30
21478  04 11 14 16 20 23 31
21479  04 11 14 16 20 24 30
21480  04 11 14 16 20 24 31
21481  04 11 14 16 20 26 30
21482  04 11 14 16 20 26 31
21483  04 11 14 16 20 30 31
21484  04 11 14 16 21 22 23
21485  04 11 14 16 21 22 30
21486  04 11 14 16 21 22 31
21487  04 11 14 16 21 23 24
21488  04 11 14 16 21 23 26
21489  04 11 14 16 21 23 30
21490  04 11 14 16 21 23 31
21491  04 11 14 16 21 24 30
21492  04 11 14 16 21 24 31
21493  04 11 14 16 21 26 30
21494  04 11 14 16 21 26 31
21495  04 11 14 16 21 30 31
21496  04 11 14 16 22 23 24
21497  04 11 14 16 22 23 26
21498  04 11 14 16 22 23 30
21499  04 11 14 16 22 23 31
21500  04 11 14 16 22 24 30
21501  04 11 14 16 22 24 31
21502  04 11 14 16 22 26 30
21503  04 11 14 16 22 26 31
21504  04 11 14 16 22 30 31
21505  04 11 14 16 23 24 26
21506  04 11 14 16 23 24 30
21507  04 11 14 16 23 24 31
21508  04 11 14 16 23 26 30
21509  04 11 14 16 23 26 31
21510  04 11 14 16 23 30 31
21511  04 11 14 16 24 26 30
21512  04 11 14 16 24 26 31
21513  04 11 14 16 24 30 31
21514  04 11 14 16 26 30 31
21515  04 11 14 20 21 23 26
21516  04 11 14 20 21 26 30
21517  04 11 14 20 21 26 31
21518  04 11 14 20 22 23 26
21519  04 11 14 20 22 26 30
21520  04 11 14 20 22 26 31
21521  04 11 14 20 23 24 26
21522  04 11 14 20 23 26 30
21523  04 11 14 20 23 26 31
21524  04 11 14 20 24 26 30
21525  04 11 14 20 24 26 31
21526  04 11 14 20 26 30 31
21527  04 11 14 21 22 23 26
21528  04 11 14 21 22 26 30
21529  04 11 14 21 22 26 31
21530  04 11 14 21 23 24 26
21531  04 11 14 21 23 26 30
21532  04 11 14 21 23 26 31
21533  04 11 14 21 24 26 30
21534  04 11 14 21 24 26 31
21535  04 11 14 21 26 30 31
21536  04 11 14 22 23 24 26
21537  04 11 14 22 23 26 30
21538  04 11 14 22 23 26 31
21539  04 11 14 22 24 26 30
21540  04 11 14 22 24 26 31
21541  04 11 14 22 26 30 31
21542  04 11 14 23 24 26 30
21543  04 11 14 23 24 26 31
21544  04 11 14 23 26 30 31
21545  04 11 14 24 26 30 31
21546  04 11 16 20 21 22 23
21547  04 11 16 20 21 22 30
21548  04 11 16 20 21 22 31
21549  04 11 16 20 21 23 24
21550  04 11 16 20 21 23 26
21551  04 11 16 20 21 23 30
21552  04 11 16 20 21 23 31
21553  04 11 16 20 21 24 30
21554  04 11 16 20 21 24 31
21555  04 11 16 20 21 26 30
21556  04 11 16 20 21 26 31
21557  04 11 16 20 21 30 31
21558  04 11 16 20 22 23 24
21559  04 11 16 20 22 23 26
21560  04 11 16 20 22 23 30
21561  04 11 16 20 22 23 31
21562  04 11 16 20 22 24 30
21563  04 11 16 20 22 24 31
21564  04 11 16 20 22 26 30
21565  04 11 16 20 22 26 31
21566  04 11 16 20 22 30 31
21567  04 11 16 20 23 24 26
21568  04 11 16 20 23 24 30
21569  04 11 16 20 23 24 31
21570  04 11 16 20 23 26 30
21571  04 11 16 20 23 26 31
21572  04 11 16 20 23 30 31
21573  04 11 16 20 24 26 30
21574  04 11 16 20 24 26 31
21575  04 11 16 20 24 30 31
21576  04 11 16 20 26 30 31
21577  04 11 16 21 22 23 24
21578  04 11 16 21 22 23 26
21579  04 11 16 21 22 23 30
21580  04 11 16 21 22 23 31
21581  04 11 16 21 22 24 30
21582  04 11 16 21 22 24 31
21583  04 11 16 21 22 26 30
21584  04 11 16 21 22 26 31
21585  04 11 16 21 22 30 31
21586  04 11 16 21 23 24 26
21587  04 11 16 21 23 24 30
21588  04 11 16 21 23 24 31
21589  04 11 16 21 23 26 30
21590  04 11 16 21 23 26 31
21591  04 11 16 21 23 30 31
21592  04 11 16 21 24 26 30
21593  04 11 16 21 24 26 31
21594  04 11 16 21 24 30 31
21595  04 11 16 21 26 30 31
21596  04 11 16 22 23 24 26
21597  04 11 16 22 23 24 30
21598  04 11 16 22 23 24 31
21599  04 11 16 22 23 26 30
21600  04 11 16 22 23 26 31
21601  04 11 16 22 23 30 31
21602  04 11 16 22 24 26 30
21603  04 11 16 22 24 26 31
21604  04 11 16 22 24 30 31
21605  04 11 16 22 26 30 31
21606  04 11 16 23 24 26 30
21607  04 11 16 23 24 26 31
21608  04 11 16 23 24 30 31
21609  04 11 16 23 26 30 31
21610  04 11 16 24 26 30 31
21611  04 11 20 21 22 23 26
21612  04 11 20 21 22 26 30
21613  04 11 20 21 22 26 31
21614  04 11 20 21 23 24 26
21615  04 11 20 21 23 26 30
21616  04 11 20 21 23 26 31
21617  04 11 20 21 24 26 30
21618  04 11 20 21 24 26 31
21619  04 11 20 21 26 30 31
21620  04 11 20 22 23 24 26
21621  04 11 20 22 23 26 30
21622  04 11 20 22 23 26 31
21623  04 11 20 22 24 26 30
21624  04 11 20 22 24 26 31
21625  04 11 20 22 26 30 31
21626  04 11 20 23 24 26 30
21627  04 11 20 23 24 26 31
21628  04 11 20 23 26 30 31
21629  04 11 20 24 26 30 31
21630  04 11 21 22 23 24 26
21631  04 11 21 22 23 26 30
21632  04 11 21 22 23 26 31
21633  04 11 21 22 24 26 30
21634  04 11 21 22 24 26 31
21635  04 11 21 22 26 30 31
21636  04 11 21 23 24 26 30
21637  04 11 21 23 24 26 31
21638  04 11 21 23 26 30 31
21639  04 11 21 24 26 30 31
21640  04 11 22 23 24 26 30
21641  04 11 22 23 24 26 31
21642  04 11 22 23 26 30 31
21643  04 11 22 24 26 30 31
21644  04 11 23 24 26 30 31
21645  04 12 13 14 16 20 21
21646  04 12 13 14 16 20 22
21647  04 12 13 14 16 20 23
21648  04 12 13 14 16 20 24
21649  04 12 13 14 16 20 26
21650  04 12 13 14 16 20 30
21651  04 12 13 14 16 20 31
21652  04 12 13 14 16 21 22
21653  04 12 13 14 16 21 23
21654  04 12 13 14 16 21 24
21655  04 12 13 14 16 21 26
21656  04 12 13 14 16 21 30
21657  04 12 13 14 16 21 31
21658  04 12 13 14 16 22 23
21659  04 12 13 14 16 22 24
21660  04 12 13 14 16 22 26
21661  04 12 13 14 16 22 30
21662  04 12 13 14 16 22 31
21663  04 12 13 14 16 23 24
21664  04 12 13 14 16 23 26
21665  04 12 13 14 16 23 30
21666  04 12 13 14 16 23 31
21667  04 12 13 14 16 24 26
21668  04 12 13 14 16 24 30
21669  04 12 13 14 16 24 31
21670  04 12 13 14 16 26 30
21671  04 12 13 14 16 26 31
21672  04 12 13 14 16 30 31
21673  04 12 13 14 20 21 26
21674  04 12 13 14 20 22 26
21675  04 12 13 14 20 23 26
21676  04 12 13 14 20 24 26
21677  04 12 13 14 20 26 30
21678  04 12 13 14 20 26 31
21679  04 12 13 14 21 22 26
21680  04 12 13 14 21 23 26
21681  04 12 13 14 21 24 26
21682  04 12 13 14 21 26 30
21683  04 12 13 14 21 26 31
21684  04 12 13 14 22 23 26
21685  04 12 13 14 22 24 26
21686  04 12 13 14 22 26 30
21687  04 12 13 14 22 26 31
21688  04 12 13 14 23 24 26
21689  04 12 13 14 23 26 30
21690  04 12 13 14 23 26 31
21691  04 12 13 14 24 26 30
21692  04 12 13 14 24 26 31
21693  04 12 13 14 26 30 31
21694  04 12 13 16 20 21 22
21695  04 12 13 16 20 21 23
21696  04 12 13 16 20 21 24
21697  04 12 13 16 20 21 26
21698  04 12 13 16 20 21 30
21699  04 12 13 16 20 21 31
21700  04 12 13 16 20 22 23
21701  04 12 13 16 20 22 24
21702  04 12 13 16 20 22 26
21703  04 12 13 16 20 22 30
21704  04 12 13 16 20 22 31
21705  04 12 13 16 20 23 24
21706  04 12 13 16 20 23 26
21707  04 12 13 16 20 23 30
21708  04 12 13 16 20 23 31
21709  04 12 13 16 20 24 26
21710  04 12 13 16 20 24 30
21711  04 12 13 16 20 24 31
21712  04 12 13 16 20 26 30
21713  04 12 13 16 20 26 31
21714  04 12 13 16 20 30 31
21715  04 12 13 16 21 22 23
21716  04 12 13 16 21 22 24
21717  04 12 13 16 21 22 26
21718  04 12 13 16 21 22 30
21719  04 12 13 16 21 22 31
21720  04 12 13 16 21 23 24
21721  04 12 13 16 21 23 26
21722  04 12 13 16 21 23 30
21723  04 12 13 16 21 23 31
21724  04 12 13 16 21 24 26
21725  04 12 13 16 21 24 30
21726  04 12 13 16 21 24 31
21727  04 12 13 16 21 26 30
21728  04 12 13 16 21 26 31
21729  04 12 13 16 21 30 31
21730  04 12 13 16 22 23 24
21731  04 12 13 16 22 23 26
21732  04 12 13 16 22 23 30
21733  04 12 13 16 22 23 31
21734  04 12 13 16 22 24 26
21735  04 12 13 16 22 24 30
21736  04 12 13 16 22 24 31
21737  04 12 13 16 22 26 30
21738  04 12 13 16 22 26 31
21739  04 12 13 16 22 30 31
21740  04 12 13 16 23 24 26
21741  04 12 13 16 23 24 30
21742  04 12 13 16 23 24 31
21743  04 12 13 16 23 26 30
21744  04 12 13 16 23 26 31
21745  04 12 13 16 23 30 31
21746  04 12 13 16 24 26 30
21747  04 12 13 16 24 26 31
21748  04 12 13 16 24 30 31
21749  04 12 13 16 26 30 31
21750  04 12 13 20 21 22 26
21751  04 12 13 20 21 23 26
21752  04 12 13 20 21 24 26
21753  04 12 13 20 21 26 30
21754  04 12 13 20 21 26 31
21755  04 12 13 20 22 23 26
21756  04 12 13 20 22 24 26
21757  04 12 13 20 22 26 30
21758  04 12 13 20 22 26 31
21759  04 12 13 20 23 24 26
21760  04 12 13 20 23 26 30
21761  04 12 13 20 23 26 31
21762  04 12 13 20 24 26 30
21763  04 12 13 20 24 26 31
21764  04 12 13 20 26 30 31
21765  04 12 13 21 22 23 26
21766  04 12 13 21 22 24 26
21767  04 12 13 21 22 26 30
21768  04 12 13 21 22 26 31
21769  04 12 13 21 23 24 26
21770  04 12 13 21 23 26 30
21771  04 12 13 21 23 26 31
21772  04 12 13 21 24 26 30
21773  04 12 13 21 24 26 31
21774  04 12 13 21 26 30 31
21775  04 12 13 22 23 24 26
21776  04 12 13 22 23 26 30
21777  04 12 13 22 23 26 31
21778  04 12 13 22 24 26 30
21779  04 12 13 22 24 26 31
21780  04 12 13 22 26 30 31
21781  04 12 13 23 24 26 30
21782  04 12 13 23 24 26 31
21783  04 12 13 23 26 30 31
21784  04 12 13 24 26 30 31
21785  04 12 14 16 20 21 23
21786  04 12 14 16 20 21 30
21787  04 12 14 16 20 21 31
21788  04 12 14 16 20 22 23
21789  04 12 14 16 20 22 30
21790  04 12 14 16 20 22 31
21791  04 12 14 16 20 23 24
21792  04 12 14 16 20 23 26
21793  04 12 14 16 20 23 30
21794  04 12 14 16 20 23 31
21795  04 12 14 16 20 24 30
21796  04 12 14 16 20 24 31
21797  04 12 14 16 20 26 30
21798  04 12 14 16 20 26 31
21799  04 12 14 16 20 30 31
21800  04 12 14 16 21 22 23
21801  04 12 14 16 21 22 30
21802  04 12 14 16 21 22 31
21803  04 12 14 16 21 23 24
21804  04 12 14 16 21 23 26
21805  04 12 14 16 21 23 30
21806  04 12 14 16 21 23 31
21807  04 12 14 16 21 24 30
21808  04 12 14 16 21 24 31
21809  04 12 14 16 21 26 30
21810  04 12 14 16 21 26 31
21811  04 12 14 16 21 30 31
21812  04 12 14 16 22 23 24
21813  04 12 14 16 22 23 26
21814  04 12 14 16 22 23 30
21815  04 12 14 16 22 23 31
21816  04 12 14 16 22 24 30
21817  04 12 14 16 22 24 31
21818  04 12 14 16 22 26 30
21819  04 12 14 16 22 26 31
21820  04 12 14 16 22 30 31
21821  04 12 14 16 23 24 26
21822  04 12 14 16 23 24 30
21823  04 12 14 16 23 24 31
21824  04 12 14 16 23 26 30
21825  04 12 14 16 23 26 31
21826  04 12 14 16 23 30 31
21827  04 12 14 16 24 26 30
21828  04 12 14 16 24 26 31
21829  04 12 14 16 24 30 31
21830  04 12 14 16 26 30 31
21831  04 12 14 20 21 23 26
21832  04 12 14 20 21 26 30
21833  04 12 14 20 21 26 31
21834  04 12 14 20 22 23 26
21835  04 12 14 20 22 26 30
21836  04 12 14 20 22 26 31
21837  04 12 14 20 23 24 26
21838  04 12 14 20 23 26 30
21839  04 12 14 20 23 26 31
21840  04 12 14 20 24 26 30
21841  04 12 14 20 24 26 31
21842  04 12 14 20 26 30 31
21843  04 12 14 21 22 23 26
21844  04 12 14 21 22 26 30
21845  04 12 14 21 22 26 31
21846  04 12 14 21 23 24 26
21847  04 12 14 21 23 26 30
21848  04 12 14 21 23 26 31
21849  04 12 14 21 24 26 30
21850  04 12 14 21 24 26 31
21851  04 12 14 21 26 30 31
21852  04 12 14 22 23 24 26
21853  04 12 14 22 23 26 30
21854  04 12 14 22 23 26 31
21855  04 12 14 22 24 26 30
21856  04 12 14 22 24 26 31
21857  04 12 14 22 26 30 31
21858  04 12 14 23 24 26 30
21859  04 12 14 23 24 26 31
21860  04 12 14 23 26 30 31
21861  04 12 14 24 26 30 31
21862  04 12 16 20 21 22 23
21863  04 12 16 20 21 22 30
21864  04 12 16 20 21 22 31
21865  04 12 16 20 21 23 24
21866  04 12 16 20 21 23 26
21867  04 12 16 20 21 23 30
21868  04 12 16 20 21 23 31
21869  04 12 16 20 21 24 30
21870  04 12 16 20 21 24 31
21871  04 12 16 20 21 26 30
21872  04 12 16 20 21 26 31
21873  04 12 16 20 21 30 31
21874  04 12 16 20 22 23 24
21875  04 12 16 20 22 23 26
21876  04 12 16 20 22 23 30
21877  04 12 16 20 22 23 31
21878  04 12 16 20 22 24 30
21879  04 12 16 20 22 24 31
21880  04 12 16 20 22 26 30
21881  04 12 16 20 22 26 31
21882  04 12 16 20 22 30 31
21883  04 12 16 20 23 24 26
21884  04 12 16 20 23 24 30
21885  04 12 16 20 23 24 31
21886  04 12 16 20 23 26 30
21887  04 12 16 20 23 26 31
21888  04 12 16 20 23 30 31
21889  04 12 16 20 24 26 30
21890  04 12 16 20 24 26 31
21891  04 12 16 20 24 30 31
21892  04 12 16 20 26 30 31
21893  04 12 16 21 22 23 24
21894  04 12 16 21 22 23 26
21895  04 12 16 21 22 23 30
21896  04 12 16 21 22 23 31
21897  04 12 16 21 22 24 30
21898  04 12 16 21 22 24 31
21899  04 12 16 21 22 26 30
21900  04 12 16 21 22 26 31
21901  04 12 16 21 22 30 31
21902  04 12 16 21 23 24 26
21903  04 12 16 21 23 24 30
21904  04 12 16 21 23 24 31
21905  04 12 16 21 23 26 30
21906  04 12 16 21 23 26 31
21907  04 12 16 21 23 30 31
21908  04 12 16 21 24 26 30
21909  04 12 16 21 24 26 31
21910  04 12 16 21 24 30 31
21911  04 12 16 21 26 30 31
21912  04 12 16 22 23 24 26
21913  04 12 16 22 23 24 30
21914  04 12 16 22 23 24 31
21915  04 12 16 22 23 26 30
21916  04 12 16 22 23 26 31
21917  04 12 16 22 23 30 31
21918  04 12 16 22 24 26 30
21919  04 12 16 22 24 26 31
21920  04 12 16 22 24 30 31
21921  04 12 16 22 26 30 31
21922  04 12 16 23 24 26 30
21923  04 12 16 23 24 26 31
21924  04 12 16 23 24 30 31
21925  04 12 16 23 26 30 31
21926  04 12 16 24 26 30 31
21927  04 12 20 21 22 23 26
21928  04 12 20 21 22 26 30
21929  04 12 20 21 22 26 31
21930  04 12 20 21 23 24 26
21931  04 12 20 21 23 26 30
21932  04 12 20 21 23 26 31
21933  04 12 20 21 24 26 30
21934  04 12 20 21 24 26 31
21935  04 12 20 21 26 30 31
21936  04 12 20 22 23 24 26
21937  04 12 20 22 23 26 30
21938  04 12 20 22 23 26 31
21939  04 12 20 22 24 26 30
21940  04 12 20 22 24 26 31
21941  04 12 20 22 26 30 31
21942  04 12 20 23 24 26 30
21943  04 12 20 23 24 26 31
21944  04 12 20 23 26 30 31
21945  04 12 20 24 26 30 31
21946  04 12 21 22 23 24 26
21947  04 12 21 22 23 26 30
21948  04 12 21 22 23 26 31
21949  04 12 21 22 24 26 30
21950  04 12 21 22 24 26 31
21951  04 12 21 22 26 30 31
21952  04 12 21 23 24 26 30
21953  04 12 21 23 24 26 31
21954  04 12 21 23 26 30 31
21955  04 12 21 24 26 30 31
21956  04 12 22 23 24 26 30
21957  04 12 22 23 24 26 31
21958  04 12 22 23 26 30 31
21959  04 12 22 24 26 30 31
21960  04 12 23 24 26 30 31
21961  04 13 14 16 20 21 22
21962  04 13 14 16 20 21 23
21963  04 13 14 16 20 21 24
21964  04 13 14 16 20 21 26
21965  04 13 14 16 20 21 30
21966  04 13 14 16 20 21 31
21967  04 13 14 16 20 22 23
21968  04 13 14 16 20 22 24
21969  04 13 14 16 20 22 26
21970  04 13 14 16 20 22 30
21971  04 13 14 16 20 22 31
21972  04 13 14 16 20 23 24
21973  04 13 14 16 20 23 26
21974  04 13 14 16 20 23 30
21975  04 13 14 16 20 23 31
21976  04 13 14 16 20 24 26
21977  04 13 14 16 20 24 30
21978  04 13 14 16 20 24 31
21979  04 13 14 16 20 26 30
21980  04 13 14 16 20 26 31
21981  04 13 14 16 20 30 31
21982  04 13 14 16 21 22 23
21983  04 13 14 16 21 22 24
21984  04 13 14 16 21 22 26
21985  04 13 14 16 21 22 30
21986  04 13 14 16 21 22 31
21987  04 13 14 16 21 23 24
21988  04 13 14 16 21 23 26
21989  04 13 14 16 21 23 30
21990  04 13 14 16 21 23 31
21991  04 13 14 16 21 24 26
21992  04 13 14 16 21 24 30
21993  04 13 14 16 21 24 31
21994  04 13 14 16 21 26 30
21995  04 13 14 16 21 26 31
21996  04 13 14 16 21 30 31
21997  04 13 14 16 22 23 24
21998  04 13 14 16 22 23 26
21999  04 13 14 16 22 23 30
22000  04 13 14 16 22 23 31
22001  04 13 14 16 22 24 26
22002  04 13 14 16 22 24 30
22003  04 13 14 16 22 24 31
22004  04 13 14 16 22 26 30
22005  04 13 14 16 22 26 31
22006  04 13 14 16 22 30 31
22007  04 13 14 16 23 24 26
22008  04 13 14 16 23 24 30
22009  04 13 14 16 23 24 31
22010  04 13 14 16 23 26 30
22011  04 13 14 16 23 26 31
22012  04 13 14 16 23 30 31
22013  04 13 14 16 24 26 30
22014  04 13 14 16 24 26 31
22015  04 13 14 16 24 30 31
22016  04 13 14 16 26 30 31
22017  04 13 14 20 21 22 26
22018  04 13 14 20 21 23 26
22019  04 13 14 20 21 24 26
22020  04 13 14 20 21 26 30
22021  04 13 14 20 21 26 31
22022  04 13 14 20 22 23 26
22023  04 13 14 20 22 24 26
22024  04 13 14 20 22 26 30
22025  04 13 14 20 22 26 31
22026  04 13 14 20 23 24 26
22027  04 13 14 20 23 26 30
22028  04 13 14 20 23 26 31
22029  04 13 14 20 24 26 30
22030  04 13 14 20 24 26 31
22031  04 13 14 20 26 30 31
22032  04 13 14 21 22 23 26
22033  04 13 14 21 22 24 26
22034  04 13 14 21 22 26 30
22035  04 13 14 21 22 26 31
22036  04 13 14 21 23 24 26
22037  04 13 14 21 23 26 30
22038  04 13 14 21 23 26 31
22039  04 13 14 21 24 26 30
22040  04 13 14 21 24 26 31
22041  04 13 14 21 26 30 31
22042  04 13 14 22 23 24 26
22043  04 13 14 22 23 26 30
22044  04 13 14 22 23 26 31
22045  04 13 14 22 24 26 30
22046  04 13 14 22 24 26 31
22047  04 13 14 22 26 30 31
22048  04 13 14 23 24 26 30
22049  04 13 14 23 24 26 31
22050  04 13 14 23 26 30 31
22051  04 13 14 24 26 30 31
22052  04 13 16 20 21 22 23
22053  04 13 16 20 21 22 24
22054  04 13 16 20 21 22 26
22055  04 13 16 20 21 22 30
22056  04 13 16 20 21 22 31
22057  04 13 16 20 21 23 24
22058  04 13 16 20 21 23 26
22059  04 13 16 20 21 23 30
22060  04 13 16 20 21 23 31
22061  04 13 16 20 21 24 26
22062  04 13 16 20 21 24 30
22063  04 13 16 20 21 24 31
22064  04 13 16 20 21 26 30
22065  04 13 16 20 21 26 31
22066  04 13 16 20 21 30 31
22067  04 13 16 20 22 23 24
22068  04 13 16 20 22 23 26
22069  04 13 16 20 22 23 30
22070  04 13 16 20 22 23 31
22071  04 13 16 20 22 24 26
22072  04 13 16 20 22 24 30
22073  04 13 16 20 22 24 31
22074  04 13 16 20 22 26 30
22075  04 13 16 20 22 26 31
22076  04 13 16 20 22 30 31
22077  04 13 16 20 23 24 26
22078  04 13 16 20 23 24 30
22079  04 13 16 20 23 24 31
22080  04 13 16 20 23 26 30
22081  04 13 16 20 23 26 31
22082  04 13 16 20 23 30 31
22083  04 13 16 20 24 26 30
22084  04 13 16 20 24 26 31
22085  04 13 16 20 24 30 31
22086  04 13 16 20 26 30 31
22087  04 13 16 21 22 23 24
22088  04 13 16 21 22 23 26
22089  04 13 16 21 22 23 30
22090  04 13 16 21 22 23 31
22091  04 13 16 21 22 24 26
22092  04 13 16 21 22 24 30
22093  04 13 16 21 22 24 31
22094  04 13 16 21 22 26 30
22095  04 13 16 21 22 26 31
22096  04 13 16 21 22 30 31
22097  04 13 16 21 23 24 26
22098  04 13 16 21 23 24 30
22099  04 13 16 21 23 24 31
22100  04 13 16 21 23 26 30
22101  04 13 16 21 23 26 31
22102  04 13 16 21 23 30 31
22103  04 13 16 21 24 26 30
22104  04 13 16 21 24 26 31
22105  04 13 16 21 24 30 31
22106  04 13 16 21 26 30 31
22107  04 13 16 22 23 24 26
22108  04 13 16 22 23 24 30
22109  04 13 16 22 23 24 31
22110  04 13 16 22 23 26 30
22111  04 13 16 22 23 26 31
22112  04 13 16 22 23 30 31
22113  04 13 16 22 24 26 30
22114  04 13 16 22 24 26 31
22115  04 13 16 22 24 30 31
22116  04 13 16 22 26 30 31
22117  04 13 16 23 24 26 30
22118  04 13 16 23 24 26 31
22119  04 13 16 23 24 30 31
22120  04 13 16 23 26 30 31
22121  04 13 16 24 26 30 31
22122  04 13 20 21 22 23 26
22123  04 13 20 21 22 24 26
22124  04 13 20 21 22 26 30
22125  04 13 20 21 22 26 31
22126  04 13 20 21 23 24 26
22127  04 13 20 21 23 26 30
22128  04 13 20 21 23 26 31
22129  04 13 20 21 24 26 30
22130  04 13 20 21 24 26 31
22131  04 13 20 21 26 30 31
22132  04 13 20 22 23 24 26
22133  04 13 20 22 23 26 30
22134  04 13 20 22 23 26 31
22135  04 13 20 22 24 26 30
22136  04 13 20 22 24 26 31
22137  04 13 20 22 26 30 31
22138  04 13 20 23 24 26 30
22139  04 13 20 23 24 26 31
22140  04 13 20 23 26 30 31
22141  04 13 20 24 26 30 31
22142  04 13 21 22 23 24 26
22143  04 13 21 22 23 26 30
22144  04 13 21 22 23 26 31
22145  04 13 21 22 24 26 30
22146  04 13 21 22 24 26 31
22147  04 13 21 22 26 30 31
22148  04 13 21 23 24 26 30
22149  04 13 21 23 24 26 31
22150  04 13 21 23 26 30 31
22151  04 13 21 24 26 30 31
22152  04 13 22 23 24 26 30
22153  04 13 22 23 24 26 31
22154  04 13 22 23 26 30 31
22155  04 13 22 24 26 30 31
22156  04 13 23 24 26 30 31
22157  04 14 16 20 21 22 23
22158  04 14 16 20 21 22 30
22159  04 14 16 20 21 22 31
22160  04 14 16 20 21 23 24
22161  04 14 16 20 21 23 26
22162  04 14 16 20 21 23 30
22163  04 14 16 20 21 23 31
22164  04 14 16 20 21 24 30
22165  04 14 16 20 21 24 31
22166  04 14 16 20 21 26 30
22167  04 14 16 20 21 26 31
22168  04 14 16 20 21 30 31
22169  04 14 16 20 22 23 24
22170  04 14 16 20 22 23 26
22171  04 14 16 20 22 23 30
22172  04 14 16 20 22 23 31
22173  04 14 16 20 22 24 30
22174  04 14 16 20 22 24 31
22175  04 14 16 20 22 26 30
22176  04 14 16 20 22 26 31
22177  04 14 16 20 22 30 31
22178  04 14 16 20 23 24 26
22179  04 14 16 20 23 24 30
22180  04 14 16 20 23 24 31
22181  04 14 16 20 23 26 30
22182  04 14 16 20 23 26 31
22183  04 14 16 20 23 30 31
22184  04 14 16 20 24 26 30
22185  04 14 16 20 24 26 31
22186  04 14 16 20 24 30 31
22187  04 14 16 20 26 30 31
22188  04 14 16 21 22 23 24
22189  04 14 16 21 22 23 26
22190  04 14 16 21 22 23 30
22191  04 14 16 21 22 23 31
22192  04 14 16 21 22 24 30
22193  04 14 16 21 22 24 31
22194  04 14 16 21 22 26 30
22195  04 14 16 21 22 26 31
22196  04 14 16 21 22 30 31
22197  04 14 16 21 23 24 26
22198  04 14 16 21 23 24 30
22199  04 14 16 21 23 24 31
22200  04 14 16 21 23 26 30
22201  04 14 16 21 23 26 31
22202  04 14 16 21 23 30 31
22203  04 14 16 21 24 26 30
22204  04 14 16 21 24 26 31
22205  04 14 16 21 24 30 31
22206  04 14 16 21 26 30 31
22207  04 14 16 22 23 24 26
22208  04 14 16 22 23 24 30
22209  04 14 16 22 23 24 31
22210  04 14 16 22 23 26 30
22211  04 14 16 22 23 26 31
22212  04 14 16 22 23 30 31
22213  04 14 16 22 24 26 30
22214  04 14 16 22 24 26 31
22215  04 14 16 22 24 30 31
22216  04 14 16 22 26 30 31
22217  04 14 16 23 24 26 30
22218  04 14 16 23 24 26 31
22219  04 14 16 23 24 30 31
22220  04 14 16 23 26 30 31
22221  04 14 16 24 26 30 31
22222  04 14 20 21 22 23 26
22223  04 14 20 21 22 26 30
22224  04 14 20 21 22 26 31
22225  04 14 20 21 23 24 26
22226  04 14 20 21 23 26 30
22227  04 14 20 21 23 26 31
22228  04 14 20 21 24 26 30
22229  04 14 20 21 24 26 31
22230  04 14 20 21 26 30 31
22231  04 14 20 22 23 24 26
22232  04 14 20 22 23 26 30
22233  04 14 20 22 23 26 31
22234  04 14 20 22 24 26 30
22235  04 14 20 22 24 26 31
22236  04 14 20 22 26 30 31
22237  04 14 20 23 24 26 30
22238  04 14 20 23 24 26 31
22239  04 14 20 23 26 30 31
22240  04 14 20 24 26 30 31
22241  04 14 21 22 23 24 26
22242  04 14 21 22 23 26 30
22243  04 14 21 22 23 26 31
22244  04 14 21 22 24 26 30
22245  04 14 21 22 24 26 31
22246  04 14 21 22 26 30 31
22247  04 14 21 23 24 26 30
22248  04 14 21 23 24 26 31
22249  04 14 21 23 26 30 31
22250  04 14 21 24 26 30 31
22251  04 14 22 23 24 26 30
22252  04 14 22 23 24 26 31
22253  04 14 22 23 26 30 31
22254  04 14 22 24 26 30 31
22255  04 14 23 24 26 30 31
22256  04 16 20 21 22 23 24
22257  04 16 20 21 22 23 26
22258  04 16 20 21 22 23 30
22259  04 16 20 21 22 23 31
22260  04 16 20 21 22 24 30
22261  04 16 20 21 22 24 31
22262  04 16 20 21 22 26 30
22263  04 16 20 21 22 26 31
22264  04 16 20 21 22 30 31
22265  04 16 20 21 23 24 26
22266  04 16 20 21 23 24 30
22267  04 16 20 21 23 24 31
22268  04 16 20 21 23 26 30
22269  04 16 20 21 23 26 31
22270  04 16 20 21 23 30 31
22271  04 16 20 21 24 26 30
22272  04 16 20 21 24 26 31
22273  04 16 20 21 24 30 31
22274  04 16 20 21 26 30 31
22275  04 16 20 22 23 24 26
22276  04 16 20 22 23 24 30
22277  04 16 20 22 23 24 31
22278  04 16 20 22 23 26 30
22279  04 16 20 22 23 26 31
22280  04 16 20 22 23 30 31
22281  04 16 20 22 24 26 30
22282  04 16 20 22 24 26 31
22283  04 16 20 22 24 30 31
22284  04 16 20 22 26 30 31
22285  04 16 20 23 24 26 30
22286  04 16 20 23 24 26 31
22287  04 16 20 23 24 30 31
22288  04 16 20 23 26 30 31
22289  04 16 20 24 26 30 31
22290  04 16 21 22 23 24 26
22291  04 16 21 22 23 24 30
22292  04 16 21 22 23 24 31
22293  04 16 21 22 23 26 30
22294  04 16 21 22 23 26 31
22295  04 16 21 22 23 30 31
22296  04 16 21 22 24 26 30
22297  04 16 21 22 24 26 31
22298  04 16 21 22 24 30 31
22299  04 16 21 22 26 30 31
22300  04 16 21 23 24 26 30
22301  04 16 21 23 24 26 31
22302  04 16 21 23 24 30 31
22303  04 16 21 23 26 30 31
22304  04 16 21 24 26 30 31
22305  04 16 22 23 24 26 30
22306  04 16 22 23 24 26 31
22307  04 16 22 23 24 30 31
22308  04 16 22 23 26 30 31
22309  04 16 22 24 26 30 31
22310  04 16 23 24 26 30 31
22311  04 20 21 22 23 24 26
22312  04 20 21 22 23 26 30
22313  04 20 21 22 23 26 31
22314  04 20 21 22 24 26 30
22315  04 20 21 22 24 26 31
22316  04 20 21 22 26 30 31
22317  04 20 21 23 24 26 30
22318  04 20 21 23 24 26 31
22319  04 20 21 23 26 30 31
22320  04 20 21 24 26 30 31
22321  04 20 22 23 24 26 31
22322  04 20 22 23 26 30 31
22323  04 20 22 24 26 30 31
22324  04 20 23 24 26 30 31
22325  04 21 22 23 24 26 30
22326  04 21 22 23 24 26 31
22327  04 21 22 23 26 30 31
22328  04 21 22 24 26 30 31
22329  04 21 23 24 26 30 31
22330  04 22 23 24 26 30 31
22331  06 10 11 12 13 14 16
22332  06 10 11 12 13 14 20
22333  06 10 11 12 13 14 21
22334  06 10 11 12 13 14 22
22335  06 10 11 12 13 14 23
22336  06 10 11 12 13 14 24
22337  06 10 11 12 13 14 26
22338  06 10 11 12 13 14 30
22339  06 10 11 12 13 14 31
22340  06 10 11 12 13 16 24
22341  06 10 11 12 13 20 24
22342  06 10 11 12 13 21 24
22343  06 10 11 12 13 22 24
22344  06 10 11 12 13 23 24
22345  06 10 11 12 13 24 26
22346  06 10 11 12 13 24 30
22347  06 10 11 12 13 24 31
22348  06 10 11 12 14 16 23
22349  06 10 11 12 14 16 30
22350  06 10 11 12 14 16 31
22351  06 10 11 12 14 20 23
22352  06 10 11 12 14 20 30
22353  06 10 11 12 14 20 31
22354  06 10 11 12 14 21 23
22355  06 10 11 12 14 21 30
22356  06 10 11 12 14 21 31
22357  06 10 11 12 14 22 23
22358  06 10 11 12 14 22 30
22359  06 10 11 12 14 22 31
22360  06 10 11 12 14 23 24
22361  06 10 11 12 14 23 26
22362  06 10 11 12 14 23 30
22363  06 10 11 12 14 23 31
22364  06 10 11 12 14 24 30
22365  06 10 11 12 14 24 31
22366  06 10 11 12 14 26 30
22367  06 10 11 12 14 26 31
22368  06 10 11 12 14 30 31
22369  06 10 11 12 16 23 24
22370  06 10 11 12 16 24 30
22371  06 10 11 12 16 24 31
22372  06 10 11 12 20 23 24
22373  06 10 11 12 20 24 30
22374  06 10 11 12 20 24 31
22375  06 10 11 12 21 23 24
22376  06 10 11 12 21 24 30
22377  06 10 11 12 21 24 31
22378  06 10 11 12 22 23 24
22379  06 10 11 12 22 24 30
22380  06 10 11 12 22 24 31
22381  06 10 11 12 23 24 26
22382  06 10 11 12 23 24 30
22383  06 10 11 12 23 24 31
22384  06 10 11 12 24 26 30
22385  06 10 11 12 24 26 31
22386  06 10 11 12 24 30 31
22387  06 10 11 13 14 16 20
22388  06 10 11 13 14 16 21
22389  06 10 11 13 14 16 22
22390  06 10 11 13 14 16 23
22391  06 10 11 13 14 16 24
22392  06 10 11 13 14 16 26
22393  06 10 11 13 14 20 21
22394  06 10 11 13 14 20 22
22395  06 10 11 13 14 20 23
22396  06 10 11 13 14 20 24
22397  06 10 11 13 14 20 26
22398  06 10 11 13 14 20 30
22399  06 10 11 13 14 20 31
22400  06 10 11 13 14 21 22
22401  06 10 11 13 14 21 23
22402  06 10 11 13 14 21 24
22403  06 10 11 13 14 21 26
22404  06 10 11 13 14 21 30
22405  06 10 11 13 14 21 31
22406  06 10 11 13 14 22 23
22407  06 10 11 13 14 22 24
22408  06 10 11 13 14 22 26
22409  06 10 11 13 14 22 30
22410  06 10 11 13 14 22 31
22411  06 10 11 13 14 23 24
22412  06 10 11 13 14 23 26
22413  06 10 11 13 14 23 30
22414  06 10 11 13 14 23 31
22415  06 10 11 13 14 24 26
22416  06 10 11 13 14 24 30
22417  06 10 11 13 14 24 31
22418  06 10 11 13 14 26 30
22419  06 10 11 13 14 26 31
22420  06 10 11 13 16 20 24
22421  06 10 11 13 16 21 24
22422  06 10 11 13 16 22 24
22423  06 10 11 13 16 23 24
22424  06 10 11 13 16 24 26
22425  06 10 11 13 16 24 30
22426  06 10 11 13 16 24 31
22427  06 10 11 13 20 21 24
22428  06 10 11 13 20 22 24
22429  06 10 11 13 20 23 24
22430  06 10 11 13 20 24 26
22431  06 10 11 13 20 24 30
22432  06 10 11 13 20 24 31
22433  06 10 11 13 21 22 24
22434  06 10 11 13 21 23 24
22435  06 10 11 13 21 24 26
22436  06 10 11 13 21 24 30
22437  06 10 11 13 21 24 31
22438  06 10 11 13 22 23 24
22439  06 10 11 13 22 24 26
22440  06 10 11 13 22 24 30
22441  06 10 11 13 22 24 31
22442  06 10 11 13 23 24 26
22443  06 10 11 13 23 24 30
22444  06 10 11 13 23 24 31
22445  06 10 11 13 24 26 30
22446  06 10 11 13 24 26 31
22447  06 10 11 13 24 30 31
22448  06 10 11 14 16 20 23
22449  06 10 11 14 16 20 30
22450  06 10 11 14 16 20 31
22451  06 10 11 14 16 21 23
22452  06 10 11 14 16 21 30
22453  06 10 11 14 16 21 31
22454  06 10 11 14 16 22 23
22455  06 10 11 14 16 22 30
22456  06 10 11 14 16 22 31
22457  06 10 11 14 16 23 24
22458  06 10 11 14 16 23 26
22459  06 10 11 14 16 23 30
22460  06 10 11 14 16 23 31
22461  06 10 11 14 16 24 30
22462  06 10 11 14 16 24 31
22463  06 10 11 14 16 26 30
22464  06 10 11 14 16 26 31
22465  06 10 11 14 20 21 23
22466  06 10 11 14 20 21 30
22467  06 10 11 14 20 21 31
22468  06 10 11 14 20 22 23
22469  06 10 11 14 20 22 30
22470  06 10 11 14 20 22 31
22471  06 10 11 14 20 23 24
22472  06 10 11 14 20 23 26
22473  06 10 11 14 20 23 30
22474  06 10 11 14 20 23 31
22475  06 10 11 14 20 24 30
22476  06 10 11 14 20 24 31
22477  06 10 11 14 20 26 30
22478  06 10 11 14 20 26 31
22479  06 10 11 14 20 30 31
22480  06 10 11 14 21 22 23
22481  06 10 11 14 21 22 30
22482  06 10 11 14 21 22 31
22483  06 10 11 14 21 23 24
22484  06 10 11 14 21 23 26
22485  06 10 11 14 21 23 30
22486  06 10 11 14 21 23 31
22487  06 10 11 14 21 24 30
22488  06 10 11 14 21 24 31
22489  06 10 11 14 21 26 30
22490  06 10 11 14 21 26 31
22491  06 10 11 14 21 30 31
22492  06 10 11 14 22 23 24
22493  06 10 11 14 22 23 26
22494  06 10 11 14 22 23 30
22495  06 10 11 14 22 23 31
22496  06 10 11 14 22 24 30
22497  06 10 11 14 22 24 31
22498  06 10 11 14 22 26 30
22499  06 10 11 14 22 26 31
22500  06 10 11 14 22 30 31
22501  06 10 11 14 23 24 26
22502  06 10 11 14 23 24 30
22503  06 10 11 14 23 24 31
22504  06 10 11 14 23 26 30
22505  06 10 11 14 23 26 31
22506  06 10 11 14 23 30 31
22507  06 10 11 14 24 26 30
22508  06 10 11 14 24 26 31
22509  06 10 11 14 24 30 31
22510  06 10 11 14 26 30 31
22511  06 10 11 16 20 23 24
22512  06 10 11 16 20 24 30
22513  06 10 11 16 20 24 31
22514  06 10 11 16 21 23 24
22515  06 10 11 16 21 24 30
22516  06 10 11 16 21 24 31
22517  06 10 11 16 22 23 24
22518  06 10 11 16 22 24 30
22519  06 10 11 16 22 24 31
22520  06 10 11 16 23 24 26
22521  06 10 11 16 23 24 30
22522  06 10 11 16 23 24 31
22523  06 10 11 16 24 26 30
22524  06 10 11 16 24 26 31
22525  06 10 11 16 24 30 31
22526  06 10 11 20 21 23 24
22527  06 10 11 20 21 24 30
22528  06 10 11 20 21 24 31
22529  06 10 11 20 22 23 24
22530  06 10 11 20 22 24 30
22531  06 10 11 20 22 24 31
22532  06 10 11 20 23 24 26
22533  06 10 11 20 23 24 30
22534  06 10 11 20 23 24 31
22535  06 10 11 20 24 26 30
22536  06 10 11 20 24 26 31
22537  06 10 11 20 24 30 31
22538  06 10 11 21 22 23 24
22539  06 10 11 21 22 24 30
22540  06 10 11 21 22 24 31
22541  06 10 11 21 23 24 26
22542  06 10 11 21 23 24 30
22543  06 10 11 21 23 24 31
22544  06 10 11 21 24 26 30
22545  06 10 11 21 24 26 31
22546  06 10 11 21 24 30 31
22547  06 10 11 22 23 24 26
22548  06 10 11 22 23 24 30
22549  06 10 11 22 23 24 31
22550  06 10 11 22 24 26 30
22551  06 10 11 22 24 26 31
22552  06 10 11 22 24 30 31
22553  06 10 11 23 24 26 30
22554  06 10 11 23 24 26 31
22555  06 10 11 23 24 30 31
22556  06 10 11 24 26 30 31
22557  06 10 12 13 14 16 20
22558  06 10 12 13 14 16 21
22559  06 10 12 13 14 16 22
22560  06 10 12 13 14 16 23
22561  06 10 12 13 14 16 24
22562  06 10 12 13 14 16 26
22563  06 10 12 13 14 16 30
22564  06 10 12 13 14 16 31
22565  06 10 12 13 14 20 21
22566  06 10 12 13 14 20 22
22567  06 10 12 13 14 20 23
22568  06 10 12 13 14 20 24
22569  06 10 12 13 14 20 26
22570  06 10 12 13 14 20 30
22571  06 10 12 13 14 20 31
22572  06 10 12 13 14 21 22
22573  06 10 12 13 14 21 23
22574  06 10 12 13 14 21 24
22575  06 10 12 13 14 21 26
22576  06 10 12 13 14 21 30
22577  06 10 12 13 14 21 31
22578  06 10 12 13 14 22 23
22579  06 10 12 13 14 22 24
22580  06 10 12 13 14 22 26
22581  06 10 12 13 14 22 30
22582  06 10 12 13 14 22 31
22583  06 10 12 13 14 23 24
22584  06 10 12 13 14 23 26
22585  06 10 12 13 14 23 30
22586  06 10 12 13 14 23 31
22587  06 10 12 13 14 24 26
22588  06 10 12 13 14 24 30
22589  06 10 12 13 14 24 31
22590  06 10 12 13 14 26 30
22591  06 10 12 13 14 26 31
22592  06 10 12 13 14 30 31
22593  06 10 12 13 16 20 24
22594  06 10 12 13 16 21 24
22595  06 10 12 13 16 22 24
22596  06 10 12 13 16 23 24
22597  06 10 12 13 16 24 26
22598  06 10 12 13 16 24 30
22599  06 10 12 13 16 24 31
22600  06 10 12 13 20 21 24
22601  06 10 12 13 20 22 24
22602  06 10 12 13 20 23 24
22603  06 10 12 13 20 24 26
22604  06 10 12 13 20 24 30
22605  06 10 12 13 20 24 31
22606  06 10 12 13 21 22 24
22607  06 10 12 13 21 23 24
22608  06 10 12 13 21 24 26
22609  06 10 12 13 21 24 30
22610  06 10 12 13 21 24 31
22611  06 10 12 13 22 23 24
22612  06 10 12 13 22 24 26
22613  06 10 12 13 22 24 30
22614  06 10 12 13 22 24 31
22615  06 10 12 13 23 24 26
22616  06 10 12 13 23 24 30
22617  06 10 12 13 23 24 31
22618  06 10 12 13 24 26 30
22619  06 10 12 13 24 26 31
22620  06 10 12 13 24 30 31
22621  06 10 12 14 16 20 23
22622  06 10 12 14 16 20 30
22623  06 10 12 14 16 20 31
22624  06 10 12 14 16 21 23
22625  06 10 12 14 16 21 30
22626  06 10 12 14 16 21 31
22627  06 10 12 14 16 22 23
22628  06 10 12 14 16 22 30
22629  06 10 12 14 16 22 31
22630  06 10 12 14 16 23 24
22631  06 10 12 14 16 23 26
22632  06 10 12 14 16 23 30
22633  06 10 12 14 16 23 31
22634  06 10 12 14 16 24 30
22635  06 10 12 14 16 24 31
22636  06 10 12 14 16 26 30
22637  06 10 12 14 16 26 31
22638  06 10 12 14 16 30 31
22639  06 10 12 14 20 21 23
22640  06 10 12 14 20 21 30
22641  06 10 12 14 20 21 31
22642  06 10 12 14 20 22 23
22643  06 10 12 14 20 22 30
22644  06 10 12 14 20 22 31
22645  06 10 12 14 20 23 24
22646  06 10 12 14 20 23 26
22647  06 10 12 14 20 23 30
22648  06 10 12 14 20 23 31
22649  06 10 12 14 20 24 30
22650  06 10 12 14 20 24 31
22651  06 10 12 14 20 26 30
22652  06 10 12 14 20 26 31
22653  06 10 12 14 20 30 31
22654  06 10 12 14 21 22 23
22655  06 10 12 14 21 22 30
22656  06 10 12 14 21 22 31
22657  06 10 12 14 21 23 24
22658  06 10 12 14 21 23 26
22659  06 10 12 14 21 23 30
22660  06 10 12 14 21 23 31
22661  06 10 12 14 21 24 30
22662  06 10 12 14 21 24 31
22663  06 10 12 14 21 26 30
22664  06 10 12 14 21 26 31
22665  06 10 12 14 21 30 31
22666  06 10 12 14 22 23 24
22667  06 10 12 14 22 23 26
22668  06 10 12 14 22 23 30
22669  06 10 12 14 22 23 31
22670  06 10 12 14 22 24 30
22671  06 10 12 14 22 24 31
22672  06 10 12 14 22 26 30
22673  06 10 12 14 22 26 31
22674  06 10 12 14 22 30 31
22675  06 10 12 14 23 24 26
22676  06 10 12 14 23 24 30
22677  06 10 12 14 23 24 31
22678  06 10 12 14 23 26 30
22679  06 10 12 14 23 26 31
22680  06 10 12 14 23 30 31
22681  06 10 12 14 24 26 30
22682  06 10 12 14 24 26 31
22683  06 10 12 14 24 30 31
22684  06 10 12 14 26 30 31
22685  06 10 12 16 20 23 24
22686  06 10 12 16 20 24 30
22687  06 10 12 16 20 24 31
22688  06 10 12 16 21 23 24
22689  06 10 12 16 21 24 30
22690  06 10 12 16 21 24 31
22691  06 10 12 16 22 23 24
22692  06 10 12 16 22 24 30
22693  06 10 12 16 22 24 31
22694  06 10 12 16 23 24 26
22695  06 10 12 16 23 24 30
22696  06 10 12 16 23 24 31
22697  06 10 12 16 24 26 30
22698  06 10 12 16 24 26 31
22699  06 10 12 16 24 30 31
22700  06 10 12 20 21 23 24
22701  06 10 12 20 21 24 30
22702  06 10 12 20 21 24 31
22703  06 10 12 20 22 23 24
22704  06 10 12 20 22 24 30
22705  06 10 12 20 22 24 31
22706  06 10 12 20 23 24 26
22707  06 10 12 20 23 24 30
22708  06 10 12 20 23 24 31
22709  06 10 12 20 24 26 30
22710  06 10 12 20 24 26 31
22711  06 10 12 20 24 30 31
22712  06 10 12 21 22 23 24
22713  06 10 12 21 22 24 30
22714  06 10 12 21 22 24 31
22715  06 10 12 21 23 24 26
22716  06 10 12 21 23 24 30
22717  06 10 12 21 23 24 31
22718  06 10 12 21 24 26 30
22719  06 10 12 21 24 26 31
22720  06 10 12 21 24 30 31
22721  06 10 12 22 23 24 26
22722  06 10 12 22 23 24 30
22723  06 10 12 22 23 24 31
22724  06 10 12 22 24 26 30
22725  06 10 12 22 24 26 31
22726  06 10 12 22 24 30 31
22727  06 10 12 23 24 26 30
22728  06 10 12 23 24 26 31
22729  06 10 12 23 24 30 31
22730  06 10 12 24 26 30 31
22731  06 10 13 14 16 20 21
22732  06 10 13 14 16 20 22
22733  06 10 13 14 16 20 23
22734  06 10 13 14 16 20 24
22735  06 10 13 14 16 20 26
22736  06 10 13 14 16 20 30
22737  06 10 13 14 16 20 31
22738  06 10 13 14 16 21 22
22739  06 10 13 14 16 21 23
22740  06 10 13 14 16 21 24
22741  06 10 13 14 16 21 26
22742  06 10 13 14 16 21 30
22743  06 10 13 14 16 21 31
22744  06 10 13 14 16 22 23
22745  06 10 13 14 16 22 24
22746  06 10 13 14 16 22 26
22747  06 10 13 14 16 22 30
22748  06 10 13 14 16 22 31
22749  06 10 13 14 16 23 24
22750  06 10 13 14 16 23 26
22751  06 10 13 14 16 23 30
22752  06 10 13 14 16 23 31
22753  06 10 13 14 16 24 26
22754  06 10 13 14 16 24 30
22755  06 10 13 14 16 24 31
22756  06 10 13 14 16 26 30
22757  06 10 13 14 16 26 31
22758  06 10 13 14 20 21 22
22759  06 10 13 14 20 21 23
22760  06 10 13 14 20 21 24
22761  06 10 13 14 20 21 26
22762  06 10 13 14 20 21 30
22763  06 10 13 14 20 21 31
22764  06 10 13 14 20 22 23
22765  06 10 13 14 20 22 24
22766  06 10 13 14 20 22 26
22767  06 10 13 14 20 22 30
22768  06 10 13 14 20 22 31
22769  06 10 13 14 20 23 24
22770  06 10 13 14 20 23 26
22771  06 10 13 14 20 23 30
22772  06 10 13 14 20 23 31
22773  06 10 13 14 20 24 26
22774  06 10 13 14 20 24 30
22775  06 10 13 14 20 24 31
22776  06 10 13 14 20 26 30
22777  06 10 13 14 20 26 31
22778  06 10 13 14 20 30 31
22779  06 10 13 14 21 22 23
22780  06 10 13 14 21 22 24
22781  06 10 13 14 21 22 26
22782  06 10 13 14 21 22 30
22783  06 10 13 14 21 22 31
22784  06 10 13 14 21 23 24
22785  06 10 13 14 21 23 26
22786  06 10 13 14 21 23 30
22787  06 10 13 14 21 23 31
22788  06 10 13 14 21 24 26
22789  06 10 13 14 21 24 30
22790  06 10 13 14 21 24 31
22791  06 10 13 14 21 26 30
22792  06 10 13 14 21 26 31
22793  06 10 13 14 21 30 31
22794  06 10 13 14 22 23 24
22795  06 10 13 14 22 23 26
22796  06 10 13 14 22 23 30
22797  06 10 13 14 22 23 31
22798  06 10 13 14 22 24 26
22799  06 10 13 14 22 24 30
22800  06 10 13 14 22 24 31
22801  06 10 13 14 22 26 30
22802  06 10 13 14 22 26 31
22803  06 10 13 14 22 30 31
22804  06 10 13 14 23 24 26
22805  06 10 13 14 23 24 30
22806  06 10 13 14 23 24 31
22807  06 10 13 14 23 26 30
22808  06 10 13 14 23 26 31
22809  06 10 13 14 23 30 31
22810  06 10 13 14 24 26 30
22811  06 10 13 14 24 26 31
22812  06 10 13 14 24 30 31
22813  06 10 13 14 26 30 31
22814  06 10 13 16 20 21 24
22815  06 10 13 16 20 22 24
22816  06 10 13 16 20 23 24
22817  06 10 13 16 20 24 26
22818  06 10 13 16 20 24 30
22819  06 10 13 16 20 24 31
22820  06 10 13 16 21 22 24
22821  06 10 13 16 21 23 24
22822  06 10 13 16 21 24 26
22823  06 10 13 16 21 24 30
22824  06 10 13 16 21 24 31
22825  06 10 13 16 22 23 24
22826  06 10 13 16 22 24 26
22827  06 10 13 16 22 24 30
22828  06 10 13 16 22 24 31
22829  06 10 13 16 23 24 26
22830  06 10 13 16 23 24 30
22831  06 10 13 16 23 24 31
22832  06 10 13 16 24 26 30
22833  06 10 13 16 24 26 31
22834  06 10 13 16 24 30 31
22835  06 10 13 20 21 22 24
22836  06 10 13 20 21 23 24
22837  06 10 13 20 21 24 26
22838  06 10 13 20 21 24 30
22839  06 10 13 20 21 24 31
22840  06 10 13 20 22 23 24
22841  06 10 13 20 22 24 26
22842  06 10 13 20 22 24 30
22843  06 10 13 20 22 24 31
22844  06 10 13 20 23 24 26
22845  06 10 13 20 23 24 30
22846  06 10 13 20 23 24 31
22847  06 10 13 20 24 26 30
22848  06 10 13 20 24 26 31
22849  06 10 13 20 24 30 31
22850  06 10 13 21 22 23 24
22851  06 10 13 21 22 24 26
22852  06 10 13 21 22 24 30
22853  06 10 13 21 22 24 31
22854  06 10 13 21 23 24 26
22855  06 10 13 21 23 24 30
22856  06 10 13 21 23 24 31
22857  06 10 13 21 24 26 30
22858  06 10 13 21 24 26 31
22859  06 10 13 21 24 30 31
22860  06 10 13 22 23 24 26
22861  06 10 13 22 23 24 30
22862  06 10 13 22 23 24 31
22863  06 10 13 22 24 26 30
22864  06 10 13 22 24 26 31
22865  06 10 13 22 24 30 31
22866  06 10 13 23 24 26 30
22867  06 10 13 23 24 26 31
22868  06 10 13 23 24 30 31
22869  06 10 13 24 26 30 31
22870  06 10 14 16 20 21 23
22871  06 10 14 16 20 21 30
22872  06 10 14 16 20 21 31
22873  06 10 14 16 20 22 23
22874  06 10 14 16 20 22 30
22875  06 10 14 16 20 22 31
22876  06 10 14 16 20 23 24
22877  06 10 14 16 20 23 26
22878  06 10 14 16 20 23 30
22879  06 10 14 16 20 23 31
22880  06 10 14 16 20 24 30
22881  06 10 14 16 20 24 31
22882  06 10 14 16 20 26 30
22883  06 10 14 16 20 26 31
22884  06 10 14 16 20 30 31
22885  06 10 14 16 21 22 23
22886  06 10 14 16 21 22 30
22887  06 10 14 16 21 22 31
22888  06 10 14 16 21 23 24
22889  06 10 14 16 21 23 26
22890  06 10 14 16 21 23 30
22891  06 10 14 16 21 23 31
22892  06 10 14 16 21 24 30
22893  06 10 14 16 21 24 31
22894  06 10 14 16 21 26 30
22895  06 10 14 16 21 26 31
22896  06 10 14 16 21 30 31
22897  06 10 14 16 22 23 24
22898  06 10 14 16 22 23 26
22899  06 10 14 16 22 23 30
22900  06 10 14 16 22 23 31
22901  06 10 14 16 22 24 30
22902  06 10 14 16 22 24 31
22903  06 10 14 16 22 26 30
22904  06 10 14 16 22 26 31
22905  06 10 14 16 22 30 31
22906  06 10 14 16 23 24 26
22907  06 10 14 16 23 24 30
22908  06 10 14 16 23 24 31
22909  06 10 14 16 23 26 30
22910  06 10 14 16 23 26 31
22911  06 10 14 16 23 30 31
22912  06 10 14 16 24 26 30
22913  06 10 14 16 24 26 31
22914  06 10 14 16 24 30 31
22915  06 10 14 16 26 30 31
22916  06 10 14 20 21 22 23
22917  06 10 14 20 21 22 30
22918  06 10 14 20 21 22 31
22919  06 10 14 20 21 23 24
22920  06 10 14 20 21 23 26
22921  06 10 14 20 21 23 30
22922  06 10 14 20 21 23 31
22923  06 10 14 20 21 24 30
22924  06 10 14 20 21 24 31
22925  06 10 14 20 21 26 30
22926  06 10 14 20 21 26 31
22927  06 10 14 20 21 30 31
22928  06 10 14 20 22 23 24
22929  06 10 14 20 22 23 26
22930  06 10 14 20 22 23 30
22931  06 10 14 20 22 23 31
22932  06 10 14 20 22 24 30
22933  06 10 14 20 22 24 31
22934  06 10 14 20 22 26 30
22935  06 10 14 20 22 26 31
22936  06 10 14 20 22 30 31
22937  06 10 14 20 23 24 26
22938  06 10 14 20 23 24 30
22939  06 10 14 20 23 24 31
22940  06 10 14 20 23 26 30
22941  06 10 14 20 23 26 31
22942  06 10 14 20 23 30 31
22943  06 10 14 20 24 26 30
22944  06 10 14 20 24 26 31
22945  06 10 14 20 24 30 31
22946  06 10 14 20 26 30 31
22947  06 10 14 21 22 23 24
22948  06 10 14 21 22 23 26
22949  06 10 14 21 22 23 30
22950  06 10 14 21 22 23 31
22951  06 10 14 21 22 24 30
22952  06 10 14 21 22 24 31
22953  06 10 14 21 22 26 30
22954  06 10 14 21 22 26 31
22955  06 10 14 21 22 30 31
22956  06 10 14 21 23 24 26
22957  06 10 14 21 23 24 30
22958  06 10 14 21 23 24 31
22959  06 10 14 21 23 26 30
22960  06 10 14 21 23 26 31
22961  06 10 14 21 23 30 31
22962  06 10 14 21 24 26 30
22963  06 10 14 21 24 26 31
22964  06 10 14 21 24 30 31
22965  06 10 14 21 26 30 31
22966  06 10 14 22 23 24 26
22967  06 10 14 22 23 24 30
22968  06 10 14 22 23 24 31
22969  06 10 14 22 23 26 30
22970  06 10 14 22 23 26 31
22971  06 10 14 22 23 30 31
22972  06 10 14 22 24 26 30
22973  06 10 14 22 24 26 31
22974  06 10 14 22 24 30 31
22975  06 10 14 22 26 30 31
22976  06 10 14 23 24 26 30
22977  06 10 14 23 24 26 31
22978  06 10 14 23 24 30 31
22979  06 10 14 23 26 30 31
22980  06 10 14 24 26 30 31
22981  06 10 16 20 21 23 24
22982  06 10 16 20 21 24 30
22983  06 10 16 20 21 24 31
22984  06 10 16 20 22 23 24
22985  06 10 16 20 22 24 30
22986  06 10 16 20 22 24 31
22987  06 10 16 20 23 24 26
22988  06 10 16 20 23 24 30
22989  06 10 16 20 23 24 31
22990  06 10 16 20 24 26 30
22991  06 10 16 20 24 26 31
22992  06 10 16 20 24 30 31
22993  06 10 16 21 22 23 24
22994  06 10 16 21 22 24 30
22995  06 10 16 21 22 24 31
22996  06 10 16 21 23 24 26
22997  06 10 16 21 23 24 30
22998  06 10 16 21 23 24 31
22999  06 10 16 21 24 26 30
23000  06 10 16 21 24 26 31
23001  06 10 16 21 24 30 31
23002  06 10 16 22 23 24 26
23003  06 10 16 22 23 24 30
23004  06 10 16 22 23 24 31
23005  06 10 16 22 24 26 30
23006  06 10 16 22 24 26 31
23007  06 10 16 22 24 30 31
23008  06 10 16 23 24 26 30
23009  06 10 16 23 24 26 31
23010  06 10 16 23 24 30 31
23011  06 10 16 24 26 30 31
23012  06 10 20 21 22 23 24
23013  06 10 20 21 22 24 30
23014  06 10 20 21 22 24 31
23015  06 10 20 21 23 24 26
23016  06 10 20 21 23 24 30
23017  06 10 20 21 23 24 31
23018  06 10 20 21 24 26 30
23019  06 10 20 21 24 26 31
23020  06 10 20 21 24 30 31
23021  06 10 20 22 23 24 26
23022  06 10 20 22 23 24 30
23023  06 10 20 22 23 24 31
23024  06 10 20 22 24 26 30
23025  06 10 20 22 24 26 31
23026  06 10 20 22 24 30 31
23027  06 10 20 23 24 26 30
23028  06 10 20 23 24 26 31
23029  06 10 20 23 24 30 31
23030  06 10 20 24 26 30 31
23031  06 10 21 22 23 24 26
23032  06 10 21 22 23 24 30
23033  06 10 21 22 23 24 31
23034  06 10 21 22 24 26 30
23035  06 10 21 22 24 26 31
23036  06 10 21 22 24 30 31
23037  06 10 21 23 24 26 30
23038  06 10 21 23 24 26 31
23039  06 10 21 23 24 30 31
23040  06 10 21 24 26 30 31
23041  06 10 22 23 24 26 30
23042  06 10 22 23 24 26 31
23043  06 10 22 23 24 30 31
23044  06 10 22 24 26 30 31
23045  06 10 23 24 26 30 31
23046  06 11 12 13 14 16 20
23047  06 11 12 13 14 16 21
23048  06 11 12 13 14 16 22
23049  06 11 12 13 14 16 23
23050  06 11 12 13 14 16 24
23051  06 11 12 13 14 16 26
23052  06 11 12 13 14 16 30
23053  06 11 12 13 14 16 31
23054  06 11 12 13 14 20 21
23055  06 11 12 13 14 20 22
23056  06 11 12 13 14 20 23
23057  06 11 12 13 14 20 24
23058  06 11 12 13 14 20 26
23059  06 11 12 13 14 20 30
23060  06 11 12 13 14 20 31
23061  06 11 12 13 14 21 22
23062  06 11 12 13 14 21 23
23063  06 11 12 13 14 21 24
23064  06 11 12 13 14 21 26
23065  06 11 12 13 14 21 30
23066  06 11 12 13 14 21 31
23067  06 11 12 13 14 22 23
23068  06 11 12 13 14 22 24
23069  06 11 12 13 14 22 26
23070  06 11 12 13 14 22 30
23071  06 11 12 13 14 22 31
23072  06 11 12 13 14 23 24
23073  06 11 12 13 14 23 26
23074  06 11 12 13 14 23 30
23075  06 11 12 13 14 23 31
23076  06 11 12 13 14 24 26
23077  06 11 12 13 14 24 30
23078  06 11 12 13 14 24 31
23079  06 11 12 13 14 26 30
23080  06 11 12 13 14 26 31
23081  06 11 12 13 14 30 31
23082  06 11 12 13 16 20 24
23083  06 11 12 13 16 21 24
23084  06 11 12 13 16 22 24
23085  06 11 12 13 16 23 24
23086  06 11 12 13 16 24 26
23087  06 11 12 13 16 24 30
23088  06 11 12 13 16 24 31
23089  06 11 12 13 20 21 24
23090  06 11 12 13 20 22 24
23091  06 11 12 13 20 23 24
23092  06 11 12 13 20 24 26
23093  06 11 12 13 20 24 30
23094  06 11 12 13 20 24 31
23095  06 11 12 13 21 22 24
23096  06 11 12 13 21 23 24
23097  06 11 12 13 21 24 26
23098  06 11 12 13 21 24 30
23099  06 11 12 13 21 24 31
23100  06 11 12 13 22 23 24
23101  06 11 12 13 22 24 26
23102  06 11 12 13 22 24 30
23103  06 11 12 13 22 24 31
23104  06 11 12 13 23 24 26
23105  06 11 12 13 23 24 30
23106  06 11 12 13 23 24 31
23107  06 11 12 13 24 26 30
23108  06 11 12 13 24 26 31
23109  06 11 12 13 24 30 31
23110  06 11 12 14 16 20 23
23111  06 11 12 14 16 20 30
23112  06 11 12 14 16 20 31
23113  06 11 12 14 16 21 23
23114  06 11 12 14 16 21 30
23115  06 11 12 14 16 21 31
23116  06 11 12 14 16 22 23
23117  06 11 12 14 16 22 30
23118  06 11 12 14 16 22 31
23119  06 11 12 14 16 23 24
23120  06 11 12 14 16 23 26
23121  06 11 12 14 16 23 30
23122  06 11 12 14 16 23 31
23123  06 11 12 14 16 24 30
23124  06 11 12 14 16 24 31
23125  06 11 12 14 16 26 30
23126  06 11 12 14 16 26 31
23127  06 11 12 14 16 30 31
23128  06 11 12 14 20 21 23
23129  06 11 12 14 20 21 30
23130  06 11 12 14 20 21 31
23131  06 11 12 14 20 22 23
23132  06 11 12 14 20 22 30
23133  06 11 12 14 20 22 31
23134  06 11 12 14 20 23 24
23135  06 11 12 14 20 23 26
23136  06 11 12 14 20 23 30
23137  06 11 12 14 20 23 31
23138  06 11 12 14 20 24 30
23139  06 11 12 14 20 24 31
23140  06 11 12 14 20 26 30
23141  06 11 12 14 20 26 31
23142  06 11 12 14 20 30 31
23143  06 11 12 14 21 22 23
23144  06 11 12 14 21 22 30
23145  06 11 12 14 21 22 31
23146  06 11 12 14 21 23 24
23147  06 11 12 14 21 23 26
23148  06 11 12 14 21 23 30
23149  06 11 12 14 21 23 31
23150  06 11 12 14 21 24 30
23151  06 11 12 14 21 24 31
23152  06 11 12 14 21 26 30
23153  06 11 12 14 21 26 31
23154  06 11 12 14 21 30 31
23155  06 11 12 14 22 23 24
23156  06 11 12 14 22 23 26
23157  06 11 12 14 22 23 30
23158  06 11 12 14 22 23 31
23159  06 11 12 14 22 24 30
23160  06 11 12 14 22 24 31
23161  06 11 12 14 22 26 30
23162  06 11 12 14 22 26 31
23163  06 11 12 14 22 30 31
23164  06 11 12 14 23 24 26
23165  06 11 12 14 23 24 30
23166  06 11 12 14 23 24 31
23167  06 11 12 14 23 26 30
23168  06 11 12 14 23 26 31
23169  06 11 12 14 23 30 31
23170  06 11 12 14 24 26 30
23171  06 11 12 14 24 26 31
23172  06 11 12 14 24 30 31
23173  06 11 12 14 26 30 31
23174  06 11 12 16 20 23 24
23175  06 11 12 16 20 24 30
23176  06 11 12 16 20 24 31
23177  06 11 12 16 21 23 24
23178  06 11 12 16 21 24 30
23179  06 11 12 16 21 24 31
23180  06 11 12 16 22 23 24
23181  06 11 12 16 22 24 30
23182  06 11 12 16 22 24 31
23183  06 11 12 16 23 24 26
23184  06 11 12 16 23 24 30
23185  06 11 12 16 23 24 31
23186  06 11 12 16 24 26 30
23187  06 11 12 16 24 26 31
23188  06 11 12 16 24 30 31
23189  06 11 12 20 21 23 24
23190  06 11 12 20 21 24 30
23191  06 11 12 20 21 24 31
23192  06 11 12 20 22 23 24
23193  06 11 12 20 22 24 30
23194  06 11 12 20 22 24 31
23195  06 11 12 20 23 24 26
23196  06 11 12 20 23 24 30
23197  06 11 12 20 23 24 31
23198  06 11 12 20 24 26 30
23199  06 11 12 20 24 26 31
23200  06 11 12 20 24 30 31
23201  06 11 12 21 22 23 24
23202  06 11 12 21 22 24 30
23203  06 11 12 21 22 24 31
23204  06 11 12 21 23 24 26
23205  06 11 12 21 23 24 30
23206  06 11 12 21 23 24 31
23207  06 11 12 21 24 26 30
23208  06 11 12 21 24 26 31
23209  06 11 12 21 24 30 31
23210  06 11 12 22 23 24 26
23211  06 11 12 22 23 24 30
23212  06 11 12 22 23 24 31
23213  06 11 12 22 24 26 30
23214  06 11 12 22 24 26 31
23215  06 11 12 22 24 30 31
23216  06 11 12 23 24 26 30
23217  06 11 12 23 24 26 31
23218  06 11 12 23 24 30 31
23219  06 11 12 24 26 30 31
23220  06 11 13 14 16 20 21
23221  06 11 13 14 16 20 22
23222  06 11 13 14 16 20 23
23223  06 11 13 14 16 20 24
23224  06 11 13 14 16 20 26
23225  06 11 13 14 16 20 30
23226  06 11 13 14 16 20 31
23227  06 11 13 14 16 21 22
23228  06 11 13 14 16 21 23
23229  06 11 13 14 16 21 24
23230  06 11 13 14 16 21 26
23231  06 11 13 14 16 21 30
23232  06 11 13 14 16 21 31
23233  06 11 13 14 16 22 23
23234  06 11 13 14 16 22 24
23235  06 11 13 14 16 22 26
23236  06 11 13 14 16 22 30
23237  06 11 13 14 16 22 31
23238  06 11 13 14 16 23 24
23239  06 11 13 14 16 23 26
23240  06 11 13 14 16 23 30
23241  06 11 13 14 16 23 31
23242  06 11 13 14 16 24 26
23243  06 11 13 14 16 24 30
23244  06 11 13 14 16 24 31
23245  06 11 13 14 16 26 30
23246  06 11 13 14 16 26 31
23247  06 11 13 14 20 21 22
23248  06 11 13 14 20 21 23
23249  06 11 13 14 20 21 24
23250  06 11 13 14 20 21 26
23251  06 11 13 14 20 21 30
23252  06 11 13 14 20 21 31
23253  06 11 13 14 20 22 23
23254  06 11 13 14 20 22 24
23255  06 11 13 14 20 22 26
23256  06 11 13 14 20 22 30
23257  06 11 13 14 20 22 31
23258  06 11 13 14 20 23 24
23259  06 11 13 14 20 23 26
23260  06 11 13 14 20 23 30
23261  06 11 13 14 20 23 31
23262  06 11 13 14 20 24 26
23263  06 11 13 14 20 24 30
23264  06 11 13 14 20 24 31
23265  06 11 13 14 20 26 30
23266  06 11 13 14 20 26 31
23267  06 11 13 14 20 30 31
23268  06 11 13 14 21 22 23
23269  06 11 13 14 21 22 24
23270  06 11 13 14 21 22 26
23271  06 11 13 14 21 22 30
23272  06 11 13 14 21 22 31
23273  06 11 13 14 21 23 24
23274  06 11 13 14 21 23 26
23275  06 11 13 14 21 23 30
23276  06 11 13 14 21 23 31
23277  06 11 13 14 21 24 26
23278  06 11 13 14 21 24 30
23279  06 11 13 14 21 24 31
23280  06 11 13 14 21 26 30
23281  06 11 13 14 21 26 31
23282  06 11 13 14 21 30 31
23283  06 11 13 14 22 23 24
23284  06 11 13 14 22 23 26
23285  06 11 13 14 22 23 30
23286  06 11 13 14 22 23 31
23287  06 11 13 14 22 24 26
23288  06 11 13 14 22 24 30
23289  06 11 13 14 22 24 31
23290  06 11 13 14 22 26 30
23291  06 11 13 14 22 26 31
23292  06 11 13 14 22 30 31
23293  06 11 13 14 23 24 26
23294  06 11 13 14 23 24 30
23295  06 11 13 14 23 24 31
23296  06 11 13 14 23 26 30
23297  06 11 13 14 23 26 31
23298  06 11 13 14 23 30 31
23299  06 11 13 14 24 26 30
23300  06 11 13 14 24 26 31
23301  06 11 13 14 24 30 31
23302  06 11 13 14 26 30 31
23303  06 11 13 16 20 21 24
23304  06 11 13 16 20 22 24
23305  06 11 13 16 20 23 24
23306  06 11 13 16 20 24 26
23307  06 11 13 16 20 24 30
23308  06 11 13 16 20 24 31
23309  06 11 13 16 21 22 24
23310  06 11 13 16 21 23 24
23311  06 11 13 16 21 24 26
23312  06 11 13 16 21 24 30
23313  06 11 13 16 21 24 31
23314  06 11 13 16 22 23 24
23315  06 11 13 16 22 24 26
23316  06 11 13 16 22 24 30
23317  06 11 13 16 22 24 31
23318  06 11 13 16 23 24 26
23319  06 11 13 16 23 24 30
23320  06 11 13 16 23 24 31
23321  06 11 13 16 24 26 30
23322  06 11 13 16 24 26 31
23323  06 11 13 16 24 30 31
23324  06 11 13 20 21 22 24
23325  06 11 13 20 21 23 24
23326  06 11 13 20 21 24 26
23327  06 11 13 20 21 24 30
23328  06 11 13 20 21 24 31
23329  06 11 13 20 22 23 24
23330  06 11 13 20 22 24 26
23331  06 11 13 20 22 24 30
23332  06 11 13 20 22 24 31
23333  06 11 13 20 23 24 26
23334  06 11 13 20 23 24 30
23335  06 11 13 20 23 24 31
23336  06 11 13 20 24 26 30
23337  06 11 13 20 24 26 31
23338  06 11 13 20 24 30 31
23339  06 11 13 21 22 23 24
23340  06 11 13 21 22 24 26
23341  06 11 13 21 22 24 30
23342  06 11 13 21 22 24 31
23343  06 11 13 21 23 24 26
23344  06 11 13 21 23 24 30
23345  06 11 13 21 23 24 31
23346  06 11 13 21 24 26 30
23347  06 11 13 21 24 26 31
23348  06 11 13 21 24 30 31
23349  06 11 13 22 23 24 26
23350  06 11 13 22 23 24 30
23351  06 11 13 22 23 24 31
23352  06 11 13 22 24 26 30
23353  06 11 13 22 24 26 31
23354  06 11 13 22 24 30 31
23355  06 11 13 23 24 26 30
23356  06 11 13 23 24 26 31
23357  06 11 13 23 24 30 31
23358  06 11 13 24 26 30 31
23359  06 11 14 16 20 21 23
23360  06 11 14 16 20 21 30
23361  06 11 14 16 20 21 31
23362  06 11 14 16 20 22 23
23363  06 11 14 16 20 22 30
23364  06 11 14 16 20 22 31
23365  06 11 14 16 20 23 24
23366  06 11 14 16 20 23 26
23367  06 11 14 16 20 23 30
23368  06 11 14 16 20 23 31
23369  06 11 14 16 20 24 30
23370  06 11 14 16 20 24 31
23371  06 11 14 16 20 26 30
23372  06 11 14 16 20 26 31
23373  06 11 14 16 20 30 31
23374  06 11 14 16 21 22 23
23375  06 11 14 16 21 22 30
23376  06 11 14 16 21 22 31
23377  06 11 14 16 21 23 24
23378  06 11 14 16 21 23 26
23379  06 11 14 16 21 23 30
23380  06 11 14 16 21 23 31
23381  06 11 14 16 21 24 30
23382  06 11 14 16 21 24 31
23383  06 11 14 16 21 26 30
23384  06 11 14 16 21 26 31
23385  06 11 14 16 21 30 31
23386  06 11 14 16 22 23 24
23387  06 11 14 16 22 23 26
23388  06 11 14 16 22 23 30
23389  06 11 14 16 22 23 31
23390  06 11 14 16 22 24 30
23391  06 11 14 16 22 24 31
23392  06 11 14 16 22 26 30
23393  06 11 14 16 22 26 31
23394  06 11 14 16 22 30 31
23395  06 11 14 16 23 24 26
23396  06 11 14 16 23 24 30
23397  06 11 14 16 23 24 31
23398  06 11 14 16 23 26 30
23399  06 11 14 16 23 26 31
23400  06 11 14 16 23 30 31
23401  06 11 14 16 24 26 30
23402  06 11 14 16 24 26 31
23403  06 11 14 16 24 30 31
23404  06 11 14 16 26 30 31
23405  06 11 14 20 21 22 23
23406  06 11 14 20 21 22 30
23407  06 11 14 20 21 22 31
23408  06 11 14 20 21 23 24
23409  06 11 14 20 21 23 26
23410  06 11 14 20 21 23 30
23411  06 11 14 20 21 23 31
23412  06 11 14 20 21 24 30
23413  06 11 14 20 21 24 31
23414  06 11 14 20 21 26 30
23415  06 11 14 20 21 26 31
23416  06 11 14 20 21 30 31
23417  06 11 14 20 22 23 24
23418  06 11 14 20 22 23 26
23419  06 11 14 20 22 23 30
23420  06 11 14 20 22 23 31
23421  06 11 14 20 22 24 30
23422  06 11 14 20 22 24 31
23423  06 11 14 20 22 26 30
23424  06 11 14 20 22 26 31
23425  06 11 14 20 22 30 31
23426  06 11 14 20 23 24 26
23427  06 11 14 20 23 24 30
23428  06 11 14 20 23 24 31
23429  06 11 14 20 23 26 30
23430  06 11 14 20 23 26 31
23431  06 11 14 20 23 30 31
23432  06 11 14 20 24 26 30
23433  06 11 14 20 24 26 31
23434  06 11 14 20 24 30 31
23435  06 11 14 20 26 30 31
23436  06 11 14 21 22 23 24
23437  06 11 14 21 22 23 26
23438  06 11 14 21 22 23 30
23439  06 11 14 21 22 23 31
23440  06 11 14 21 22 24 30
23441  06 11 14 21 22 24 31
23442  06 11 14 21 22 26 30
23443  06 11 14 21 22 26 31
23444  06 11 14 21 22 30 31
23445  06 11 14 21 23 24 26
23446  06 11 14 21 23 24 30
23447  06 11 14 21 23 24 31
23448  06 11 14 21 23 26 30
23449  06 11 14 21 23 26 31
23450  06 11 14 21 23 30 31
23451  06 11 14 21 24 26 30
23452  06 11 14 21 24 26 31
23453  06 11 14 21 24 30 31
23454  06 11 14 21 26 30 31
23455  06 11 14 22 23 24 26
23456  06 11 14 22 23 24 30
23457  06 11 14 22 23 24 31
23458  06 11 14 22 23 26 30
23459  06 11 14 22 23 26 31
23460  06 11 14 22 23 30 31
23461  06 11 14 22 24 26 30
23462  06 11 14 22 24 26 31
23463  06 11 14 22 24 30 31
23464  06 11 14 22 26 30 31
23465  06 11 14 23 24 26 30
23466  06 11 14 23 24 26 31
23467  06 11 14 23 24 30 31
23468  06 11 14 23 26 30 31
23469  06 11 14 24 26 30 31
23470  06 11 16 20 21 23 24
23471  06 11 16 20 21 24 30
23472  06 11 16 20 21 24 31
23473  06 11 16 20 22 23 24
23474  06 11 16 20 22 24 30
23475  06 11 16 20 22 24 31
23476  06 11 16 20 23 24 26
23477  06 11 16 20 23 24 30
23478  06 11 16 20 23 24 31
23479  06 11 16 20 24 26 30
23480  06 11 16 20 24 26 31
23481  06 11 16 20 24 30 31
23482  06 11 16 21 22 23 24
23483  06 11 16 21 22 24 30
23484  06 11 16 21 22 24 31
23485  06 11 16 21 23 24 26
23486  06 11 16 21 23 24 30
23487  06 11 16 21 23 24 31
23488  06 11 16 21 24 26 30
23489  06 11 16 21 24 26 31
23490  06 11 16 21 24 30 31
23491  06 11 16 22 23 24 26
23492  06 11 16 22 23 24 30
23493  06 11 16 22 23 24 31
23494  06 11 16 22 24 26 30
23495  06 11 16 22 24 26 31
23496  06 11 16 22 24 30 31
23497  06 11 16 23 24 26 30
23498  06 11 16 23 24 26 31
23499  06 11 16 23 24 30 31
23500  06 11 16 24 26 30 31
23501  06 11 20 21 22 23 24
23502  06 11 20 21 22 24 30
23503  06 11 20 21 22 24 31
23504  06 11 20 21 23 24 26
23505  06 11 20 21 23 24 30
23506  06 11 20 21 23 24 31
23507  06 11 20 21 24 26 30
23508  06 11 20 21 24 26 31
23509  06 11 20 21 24 30 31
23510  06 11 20 22 23 24 26
23511  06 11 20 22 23 24 30
23512  06 11 20 22 23 24 31
23513  06 11 20 22 24 26 30
23514  06 11 20 22 24 26 31
23515  06 11 20 22 24 30 31
23516  06 11 20 23 24 26 30
23517  06 11 20 23 24 26 31
23518  06 11 20 23 24 30 31
23519  06 11 20 24 26 30 31
23520  06 11 21 22 23 24 26
23521  06 11 21 22 23 24 30
23522  06 11 21 22 23 24 31
23523  06 11 21 22 24 26 30
23524  06 11 21 22 24 26 31
23525  06 11 21 22 24 30 31
23526  06 11 21 23 24 26 30
23527  06 11 21 23 24 26 31
23528  06 11 21 23 24 30 31
23529  06 11 21 24 26 30 31
23530  06 11 22 23 24 26 30
23531  06 11 22 23 24 26 31
23532  06 11 22 23 24 30 31
23533  06 11 22 24 26 30 31
23534  06 11 23 24 26 30 31
23535  06 12 13 14 16 20 21
23536  06 12 13 14 16 20 22
23537  06 12 13 14 16 20 23
23538  06 12 13 14 16 20 24
23539  06 12 13 14 16 20 26
23540  06 12 13 14 16 20 30
23541  06 12 13 14 16 20 31
23542  06 12 13 14 16 21 22
23543  06 12 13 14 16 21 23
23544  06 12 13 14 16 21 24
23545  06 12 13 14 16 21 26
23546  06 12 13 14 16 21 30
23547  06 12 13 14 16 21 31
23548  06 12 13 14 16 22 23
23549  06 12 13 14 16 22 24
23550  06 12 13 14 16 22 26
23551  06 12 13 14 16 22 30
23552  06 12 13 14 16 22 31
23553  06 12 13 14 16 23 24
23554  06 12 13 14 16 23 26
23555  06 12 13 14 16 23 30
23556  06 12 13 14 16 23 31
23557  06 12 13 14 16 24 26
23558  06 12 13 14 16 24 30
23559  06 12 13 14 16 24 31
23560  06 12 13 14 16 26 30
23561  06 12 13 14 16 26 31
23562  06 12 13 14 16 30 31
23563  06 12 13 14 20 21 22
23564  06 12 13 14 20 21 23
23565  06 12 13 14 20 21 24
23566  06 12 13 14 20 21 26
23567  06 12 13 14 20 21 30
23568  06 12 13 14 20 21 31
23569  06 12 13 14 20 22 23
23570  06 12 13 14 20 22 24
23571  06 12 13 14 20 22 26
23572  06 12 13 14 20 22 30
23573  06 12 13 14 20 22 31
23574  06 12 13 14 20 23 24
23575  06 12 13 14 20 23 26
23576  06 12 13 14 20 23 30
23577  06 12 13 14 20 23 31
23578  06 12 13 14 20 24 26
23579  06 12 13 14 20 24 30
23580  06 12 13 14 20 24 31
23581  06 12 13 14 20 26 30
23582  06 12 13 14 20 26 31
23583  06 12 13 14 20 30 31
23584  06 12 13 14 21 22 23
23585  06 12 13 14 21 22 24
23586  06 12 13 14 21 22 26
23587  06 12 13 14 21 22 30
23588  06 12 13 14 21 22 31
23589  06 12 13 14 21 23 24
23590  06 12 13 14 21 23 26
23591  06 12 13 14 21 23 30
23592  06 12 13 14 21 23 31
23593  06 12 13 14 21 24 26
23594  06 12 13 14 21 24 30
23595  06 12 13 14 21 24 31
23596  06 12 13 14 21 26 30
23597  06 12 13 14 21 26 31
23598  06 12 13 14 21 30 31
23599  06 12 13 14 22 23 24
23600  06 12 13 14 22 23 26
23601  06 12 13 14 22 23 30
23602  06 12 13 14 22 23 31
23603  06 12 13 14 22 24 26
23604  06 12 13 14 22 24 30
23605  06 12 13 14 22 24 31
23606  06 12 13 14 22 26 30
23607  06 12 13 14 22 26 31
23608  06 12 13 14 22 30 31
23609  06 12 13 14 23 24 26
23610  06 12 13 14 23 24 30
23611  06 12 13 14 23 24 31
23612  06 12 13 14 23 26 30
23613  06 12 13 14 23 26 31
23614  06 12 13 14 23 30 31
23615  06 12 13 14 24 26 30
23616  06 12 13 14 24 26 31
23617  06 12 13 14 24 30 31
23618  06 12 13 14 26 30 31
23619  06 12 13 16 20 21 24
23620  06 12 13 16 20 22 24
23621  06 12 13 16 20 23 24
23622  06 12 13 16 20 24 26
23623  06 12 13 16 20 24 30
23624  06 12 13 16 20 24 31
23625  06 12 13 16 21 22 24
23626  06 12 13 16 21 23 24
23627  06 12 13 16 21 24 26
23628  06 12 13 16 21 24 30
23629  06 12 13 16 21 24 31
23630  06 12 13 16 22 23 24
23631  06 12 13 16 22 24 26
23632  06 12 13 16 22 24 30
23633  06 12 13 16 22 24 31
23634  06 12 13 16 23 24 26
23635  06 12 13 16 23 24 30
23636  06 12 13 16 23 24 31
23637  06 12 13 16 24 26 30
23638  06 12 13 16 24 26 31
23639  06 12 13 16 24 30 31
23640  06 12 13 20 21 22 24
23641  06 12 13 20 21 23 24
23642  06 12 13 20 21 24 26
23643  06 12 13 20 21 24 30
23644  06 12 13 20 21 24 31
23645  06 12 13 20 22 23 24
23646  06 12 13 20 22 24 26
23647  06 12 13 20 22 24 30
23648  06 12 13 20 22 24 31
23649  06 12 13 20 23 24 26
23650  06 12 13 20 23 24 30
23651  06 12 13 20 23 24 31
23652  06 12 13 20 24 26 30
23653  06 12 13 20 24 26 31
23654  06 12 13 20 24 30 31
23655  06 12 13 21 22 23 24
23656  06 12 13 21 22 24 26
23657  06 12 13 21 22 24 30
23658  06 12 13 21 22 24 31
23659  06 12 13 21 23 24 26
23660  06 12 13 21 23 24 30
23661  06 12 13 21 23 24 31
23662  06 12 13 21 24 26 30
23663  06 12 13 21 24 26 31
23664  06 12 13 21 24 30 31
23665  06 12 13 22 23 24 26
23666  06 12 13 22 23 24 30
23667  06 12 13 22 23 24 31
23668  06 12 13 22 24 26 30
23669  06 12 13 22 24 26 31
23670  06 12 13 22 24 30 31
23671  06 12 13 23 24 26 30
23672  06 12 13 23 24 26 31
23673  06 12 13 23 24 30 31
23674  06 12 13 24 26 30 31
23675  06 12 14 16 20 21 23
23676  06 12 14 16 20 21 30
23677  06 12 14 16 20 21 31
23678  06 12 14 16 20 22 23
23679  06 12 14 16 20 22 30
23680  06 12 14 16 20 22 31
23681  06 12 14 16 20 23 24
23682  06 12 14 16 20 23 26
23683  06 12 14 16 20 23 30
23684  06 12 14 16 20 23 31
23685  06 12 14 16 20 24 30
23686  06 12 14 16 20 24 31
23687  06 12 14 16 20 26 30
23688  06 12 14 16 20 26 31
23689  06 12 14 16 20 30 31
23690  06 12 14 16 21 22 23
23691  06 12 14 16 21 22 30
23692  06 12 14 16 21 22 31
23693  06 12 14 16 21 23 24
23694  06 12 14 16 21 23 26
23695  06 12 14 16 21 23 30
23696  06 12 14 16 21 23 31
23697  06 12 14 16 21 24 30
23698  06 12 14 16 21 24 31
23699  06 12 14 16 21 26 30
23700  06 12 14 16 21 26 31
23701  06 12 14 16 21 30 31
23702  06 12 14 16 22 23 24
23703  06 12 14 16 22 23 26
23704  06 12 14 16 22 23 30
23705  06 12 14 16 22 23 31
23706  06 12 14 16 22 24 30
23707  06 12 14 16 22 24 31
23708  06 12 14 16 22 26 30
23709  06 12 14 16 22 26 31
23710  06 12 14 16 22 30 31
23711  06 12 14 16 23 24 26
23712  06 12 14 16 23 24 30
23713  06 12 14 16 23 24 31
23714  06 12 14 16 23 26 30
23715  06 12 14 16 23 26 31
23716  06 12 14 16 23 30 31
23717  06 12 14 16 24 26 30
23718  06 12 14 16 24 26 31
23719  06 12 14 16 24 30 31
23720  06 12 14 16 26 30 31
23721  06 12 14 20 21 22 23
23722  06 12 14 20 21 22 30
23723  06 12 14 20 21 22 31
23724  06 12 14 20 21 23 24
23725  06 12 14 20 21 23 26
23726  06 12 14 20 21 23 30
23727  06 12 14 20 21 23 31
23728  06 12 14 20 21 24 30
23729  06 12 14 20 21 24 31
23730  06 12 14 20 21 26 30
23731  06 12 14 20 21 26 31
23732  06 12 14 20 21 30 31
23733  06 12 14 20 22 23 24
23734  06 12 14 20 22 23 26
23735  06 12 14 20 22 23 30
23736  06 12 14 20 22 23 31
23737  06 12 14 20 22 24 30
23738  06 12 14 20 22 24 31
23739  06 12 14 20 22 26 30
23740  06 12 14 20 22 26 31
23741  06 12 14 20 22 30 31
23742  06 12 14 20 23 24 26
23743  06 12 14 20 23 24 30
23744  06 12 14 20 23 24 31
23745  06 12 14 20 23 26 30
23746  06 12 14 20 23 26 31
23747  06 12 14 20 23 30 31
23748  06 12 14 20 24 26 30
23749  06 12 14 20 24 26 31
23750  06 12 14 20 24 30 31
23751  06 12 14 20 26 30 31
23752  06 12 14 21 22 23 24
23753  06 12 14 21 22 23 26
23754  06 12 14 21 22 23 30
23755  06 12 14 21 22 23 31
23756  06 12 14 21 22 24 30
23757  06 12 14 21 22 24 31
23758  06 12 14 21 22 26 30
23759  06 12 14 21 22 26 31
23760  06 12 14 21 22 30 31
23761  06 12 14 21 23 24 26
23762  06 12 14 21 23 24 30
23763  06 12 14 21 23 24 31
23764  06 12 14 21 23 26 30
23765  06 12 14 21 23 26 31
23766  06 12 14 21 23 30 31
23767  06 12 14 21 24 26 30
23768  06 12 14 21 24 26 31
23769  06 12 14 21 24 30 31
23770  06 12 14 21 26 30 31
23771  06 12 14 22 23 24 26
23772  06 12 14 22 23 24 30
23773  06 12 14 22 23 24 31
23774  06 12 14 22 23 26 30
23775  06 12 14 22 23 26 31
23776  06 12 14 22 23 30 31
23777  06 12 14 22 24 26 30
23778  06 12 14 22 24 26 31
23779  06 12 14 22 24 30 31
23780  06 12 14 22 26 30 31
23781  06 12 14 23 24 26 30
23782  06 12 14 23 24 26 31
23783  06 12 14 23 24 30 31
23784  06 12 14 23 26 30 31
23785  06 12 14 24 26 30 31
23786  06 12 16 20 21 23 24
23787  06 12 16 20 21 24 30
23788  06 12 16 20 21 24 31
23789  06 12 16 20 22 23 24
23790  06 12 16 20 22 24 30
23791  06 12 16 20 22 24 31
23792  06 12 16 20 23 24 26
23793  06 12 16 20 23 24 30
23794  06 12 16 20 23 24 31
23795  06 12 16 20 24 26 30
23796  06 12 16 20 24 26 31
23797  06 12 16 20 24 30 31
23798  06 12 16 21 22 23 24
23799  06 12 16 21 22 24 30
23800  06 12 16 21 22 24 31
23801  06 12 16 21 23 24 26
23802  06 12 16 21 23 24 30
23803  06 12 16 21 23 24 31
23804  06 12 16 21 24 26 30
23805  06 12 16 21 24 26 31
23806  06 12 16 21 24 30 31
23807  06 12 16 22 23 24 26
23808  06 12 16 22 23 24 30
23809  06 12 16 22 23 24 31
23810  06 12 16 22 24 26 30
23811  06 12 16 22 24 26 31
23812  06 12 16 22 24 30 31
23813  06 12 16 23 24 26 30
23814  06 12 16 23 24 26 31
23815  06 12 16 23 24 30 31
23816  06 12 16 24 26 30 31
23817  06 12 20 21 22 23 24
23818  06 12 20 21 22 24 30
23819  06 12 20 21 22 24 31
23820  06 12 20 21 23 24 26
23821  06 12 20 21 23 24 30
23822  06 12 20 21 23 24 31
23823  06 12 20 21 24 26 30
23824  06 12 20 21 24 26 31
23825  06 12 20 21 24 30 31
23826  06 12 20 22 23 24 26
23827  06 12 20 22 23 24 30
23828  06 12 20 22 23 24 31
23829  06 12 20 22 24 26 30
23830  06 12 20 22 24 26 31
23831  06 12 20 22 24 30 31
23832  06 12 20 23 24 26 30
23833  06 12 20 23 24 26 31
23834  06 12 20 23 24 30 31
23835  06 12 20 24 26 30 31
23836  06 12 21 22 23 24 26
23837  06 12 21 22 23 24 30
23838  06 12 21 22 23 24 31
23839  06 12 21 22 24 26 30
23840  06 12 21 22 24 26 31
23841  06 12 21 22 24 30 31
23842  06 12 21 23 24 26 30
23843  06 12 21 23 24 26 31
23844  06 12 21 23 24 30 31
23845  06 12 21 24 26 30 31
23846  06 12 22 23 24 26 30
23847  06 12 22 23 24 26 31
23848  06 12 22 23 24 30 31
23849  06 12 22 24 26 30 31
23850  06 12 23 24 26 30 31
23851  06 13 14 16 20 21 22
23852  06 13 14 16 20 21 23
23853  06 13 14 16 20 21 24
23854  06 13 14 16 20 21 26
23855  06 13 14 16 20 21 30
23856  06 13 14 16 20 21 31
23857  06 13 14 16 20 22 23
23858  06 13 14 16 20 22 24
23859  06 13 14 16 20 22 26
23860  06 13 14 16 20 22 30
23861  06 13 14 16 20 22 31
23862  06 13 14 16 20 23 24
23863  06 13 14 16 20 23 26
23864  06 13 14 16 20 23 30
23865  06 13 14 16 20 23 31
23866  06 13 14 16 20 24 26
23867  06 13 14 16 20 24 30
23868  06 13 14 16 20 24 31
23869  06 13 14 16 20 26 30
23870  06 13 14 16 20 26 31
23871  06 13 14 16 20 30 31
23872  06 13 14 16 21 22 23
23873  06 13 14 16 21 22 24
23874  06 13 14 16 21 22 26
23875  06 13 14 16 21 22 30
23876  06 13 14 16 21 22 31
23877  06 13 14 16 21 23 24
23878  06 13 14 16 21 23 26
23879  06 13 14 16 21 23 30
23880  06 13 14 16 21 23 31
23881  06 13 14 16 21 24 26
23882  06 13 14 16 21 24 30
23883  06 13 14 16 21 24 31
23884  06 13 14 16 21 26 30
23885  06 13 14 16 21 26 31
23886  06 13 14 16 21 30 31
23887  06 13 14 16 22 23 24
23888  06 13 14 16 22 23 26
23889  06 13 14 16 22 23 30
23890  06 13 14 16 22 23 31
23891  06 13 14 16 22 24 26
23892  06 13 14 16 22 24 30
23893  06 13 14 16 22 24 31
23894  06 13 14 16 22 26 30
23895  06 13 14 16 22 26 31
23896  06 13 14 16 22 30 31
23897  06 13 14 16 23 24 26
23898  06 13 14 16 23 24 30
23899  06 13 14 16 23 24 31
23900  06 13 14 16 23 26 30
23901  06 13 14 16 23 26 31
23902  06 13 14 16 23 30 31
23903  06 13 14 16 24 26 30
23904  06 13 14 16 24 26 31
23905  06 13 14 16 24 30 31
23906  06 13 14 16 26 30 31
23907  06 13 14 20 21 22 23
23908  06 13 14 20 21 22 24
23909  06 13 14 20 21 22 26
23910  06 13 14 20 21 22 30
23911  06 13 14 20 21 22 31
23912  06 13 14 20 21 23 24
23913  06 13 14 20 21 23 26
23914  06 13 14 20 21 23 30
23915  06 13 14 20 21 23 31
23916  06 13 14 20 21 24 26
23917  06 13 14 20 21 24 30
23918  06 13 14 20 21 24 31
23919  06 13 14 20 21 26 30
23920  06 13 14 20 21 26 31
23921  06 13 14 20 21 30 31
23922  06 13 14 20 22 23 24
23923  06 13 14 20 22 23 26
23924  06 13 14 20 22 23 30
23925  06 13 14 20 22 23 31
23926  06 13 14 20 22 24 26
23927  06 13 14 20 22 24 30
23928  06 13 14 20 22 24 31
23929  06 13 14 20 22 26 30
23930  06 13 14 20 22 26 31
23931  06 13 14 20 22 30 31
23932  06 13 14 20 23 24 26
23933  06 13 14 20 23 24 30
23934  06 13 14 20 23 24 31
23935  06 13 14 20 23 26 30
23936  06 13 14 20 23 26 31
23937  06 13 14 20 23 30 31
23938  06 13 14 20 24 26 30
23939  06 13 14 20 24 26 31
23940  06 13 14 20 24 30 31
23941  06 13 14 20 26 30 31
23942  06 13 14 21 22 23 24
23943  06 13 14 21 22 23 26
23944  06 13 14 21 22 23 30
23945  06 13 14 21 22 23 31
23946  06 13 14 21 22 24 26
23947  06 13 14 21 22 24 30
23948  06 13 14 21 22 24 31
23949  06 13 14 21 22 26 30
23950  06 13 14 21 22 26 31
23951  06 13 14 21 22 30 31
23952  06 13 14 21 23 24 26
23953  06 13 14 21 23 24 30
23954  06 13 14 21 23 24 31
23955  06 13 14 21 23 26 30
23956  06 13 14 21 23 26 31
23957  06 13 14 21 23 30 31
23958  06 13 14 21 24 26 30
23959  06 13 14 21 24 26 31
23960  06 13 14 21 24 30 31
23961  06 13 14 21 26 30 31
23962  06 13 14 22 23 24 26
23963  06 13 14 22 23 24 30
23964  06 13 14 22 23 24 31
23965  06 13 14 22 23 26 30
23966  06 13 14 22 23 26 31
23967  06 13 14 22 23 30 31
23968  06 13 14 22 24 26 30
23969  06 13 14 22 24 26 31
23970  06 13 14 22 24 30 31
23971  06 13 14 22 26 30 31
23972  06 13 14 23 24 26 30
23973  06 13 14 23 24 26 31
23974  06 13 14 23 24 30 31
23975  06 13 14 23 26 30 31
23976  06 13 14 24 26 30 31
23977  06 13 16 20 21 22 24
23978  06 13 16 20 21 23 24
23979  06 13 16 20 21 24 26
23980  06 13 16 20 21 24 30
23981  06 13 16 20 21 24 31
23982  06 13 16 20 22 23 24
23983  06 13 16 20 22 24 26
23984  06 13 16 20 22 24 30
23985  06 13 16 20 22 24 31
23986  06 13 16 20 23 24 26
23987  06 13 16 20 23 24 30
23988  06 13 16 20 23 24 31
23989  06 13 16 20 24 26 30
23990  06 13 16 20 24 26 31
23991  06 13 16 20 24 30 31
23992  06 13 16 21 22 23 24
23993  06 13 16 21 22 24 26
23994  06 13 16 21 22 24 30
23995  06 13 16 21 22 24 31
23996  06 13 16 21 23 24 26
23997  06 13 16 21 23 24 30
23998  06 13 16 21 23 24 31
23999  06 13 16 21 24 26 30
24000  06 13 16 21 24 26 31
24001  06 13 16 21 24 30 31
24002  06 13 16 22 23 24 26
24003  06 13 16 22 23 24 30
24004  06 13 16 22 23 24 31
24005  06 13 16 22 24 26 30
24006  06 13 16 22 24 26 31
24007  06 13 16 22 24 30 31
24008  06 13 16 23 24 26 30
24009  06 13 16 23 24 26 31
24010  06 13 16 23 24 30 31
24011  06 13 16 24 26 30 31
24012  06 13 20 21 22 23 24
24013  06 13 20 21 22 24 26
24014  06 13 20 21 22 24 30
24015  06 13 20 21 22 24 31
24016  06 13 20 21 23 24 26
24017  06 13 20 21 23 24 30
24018  06 13 20 21 23 24 31
24019  06 13 20 21 24 26 30
24020  06 13 20 21 24 26 31
24021  06 13 20 21 24 30 31
24022  06 13 20 22 23 24 26
24023  06 13 20 22 23 24 30
24024  06 13 20 22 23 24 31
24025  06 13 20 22 24 26 30
24026  06 13 20 22 24 26 31
24027  06 13 20 22 24 30 31
24028  06 13 20 23 24 26 30
24029  06 13 20 23 24 26 31
24030  06 13 20 23 24 30 31
24031  06 13 20 24 26 30 31
24032  06 13 21 22 23 24 26
24033  06 13 21 22 23 24 30
24034  06 13 21 22 23 24 31
24035  06 13 21 22 24 26 30
24036  06 13 21 22 24 26 31
24037  06 13 21 22 24 30 31
24038  06 13 21 23 24 26 30
24039  06 13 21 23 24 26 31
24040  06 13 21 23 24 30 31
24041  06 13 21 24 26 30 31
24042  06 13 22 23 24 26 30
24043  06 13 22 23 24 26 31
24044  06 13 22 23 24 30 31
24045  06 13 22 24 26 30 31
24046  06 13 23 24 26 30 31
24047  06 14 16 20 21 22 23
24048  06 14 16 20 21 22 30
24049  06 14 16 20 21 22 31
24050  06 14 16 20 21 23 24
24051  06 14 16 20 21 23 26
24052  06 14 16 20 21 23 30
24053  06 14 16 20 21 23 31
24054  06 14 16 20 21 24 30
24055  06 14 16 20 21 24 31
24056  06 14 16 20 21 26 30
24057  06 14 16 20 21 26 31
24058  06 14 16 20 21 30 31
24059  06 14 16 20 22 23 24
24060  06 14 16 20 22 23 26
24061  06 14 16 20 22 23 30
24062  06 14 16 20 22 23 31
24063  06 14 16 20 22 24 30
24064  06 14 16 20 22 24 31
24065  06 14 16 20 22 26 30
24066  06 14 16 20 22 26 31
24067  06 14 16 20 22 30 31
24068  06 14 16 20 23 24 26
24069  06 14 16 20 23 24 30
24070  06 14 16 20 23 24 31
24071  06 14 16 20 23 26 30
24072  06 14 16 20 23 26 31
24073  06 14 16 20 23 30 31
24074  06 14 16 20 24 26 30
24075  06 14 16 20 24 26 31
24076  06 14 16 20 24 30 31
24077  06 14 16 20 26 30 31
24078  06 14 16 21 22 23 24
24079  06 14 16 21 22 23 26
24080  06 14 16 21 22 23 30
24081  06 14 16 21 22 23 31
24082  06 14 16 21 22 24 30
24083  06 14 16 21 22 24 31
24084  06 14 16 21 22 26 30
24085  06 14 16 21 22 26 31
24086  06 14 16 21 22 30 31
24087  06 14 16 21 23 24 26
24088  06 14 16 21 23 24 30
24089  06 14 16 21 23 24 31
24090  06 14 16 21 23 26 30
24091  06 14 16 21 23 26 31
24092  06 14 16 21 23 30 31
24093  06 14 16 21 24 26 30
24094  06 14 16 21 24 26 31
24095  06 14 16 21 24 30 31
24096  06 14 16 21 26 30 31
24097  06 14 16 22 23 24 26
24098  06 14 16 22 23 24 30
24099  06 14 16 22 23 24 31
24100  06 14 16 22 23 26 30
24101  06 14 16 22 23 26 31
24102  06 14 16 22 23 30 31
24103  06 14 16 22 24 26 30
24104  06 14 16 22 24 26 31
24105  06 14 16 22 24 30 31
24106  06 14 16 22 26 30 31
24107  06 14 16 23 24 26 30
24108  06 14 16 23 24 26 31
24109  06 14 16 23 24 30 31
24110  06 14 16 23 26 30 31
24111  06 14 16 24 26 30 31
24112  06 14 20 21 22 23 24
24113  06 14 20 21 22 23 26
24114  06 14 20 21 22 23 30
24115  06 14 20 21 22 23 31
24116  06 14 20 21 22 24 30
24117  06 14 20 21 22 24 31
24118  06 14 20 21 22 26 30
24119  06 14 20 21 22 26 31
24120  06 14 20 21 22 30 31
24121  06 14 20 21 23 24 26
24122  06 14 20 21 23 24 30
24123  06 14 20 21 23 24 31
24124  06 14 20 21 23 26 30
24125  06 14 20 21 23 26 31
24126  06 14 20 21 23 30 31
24127  06 14 20 21 24 26 30
24128  06 14 20 21 24 26 31
24129  06 14 20 21 24 30 31
24130  06 14 20 21 26 30 31
24131  06 14 20 22 23 24 26
24132  06 14 20 22 23 24 30
24133  06 14 20 22 23 24 31
24134  06 14 20 22 23 26 30
24135  06 14 20 22 23 26 31
24136  06 14 20 22 23 30 31
24137  06 14 20 22 24 26 30
24138  06 14 20 22 24 26 31
24139  06 14 20 22 24 30 31
24140  06 14 20 22 26 30 31
24141  06 14 20 23 24 26 30
24142  06 14 20 23 24 26 31
24143  06 14 20 23 24 30 31
24144  06 14 20 23 26 30 31
24145  06 14 20 24 26 30 31
24146  06 14 21 22 23 24 26
24147  06 14 21 22 23 24 30
24148  06 14 21 22 23 24 31
24149  06 14 21 22 23 26 30
24150  06 14 21 22 23 26 31
24151  06 14 21 22 23 30 31
24152  06 14 21 22 24 26 30
24153  06 14 21 22 24 26 31
24154  06 14 21 22 24 30 31
24155  06 14 21 22 26 30 31
24156  06 14 21 23 24 26 30
24157  06 14 21 23 24 26 31
24158  06 14 21 23 24 30 31
24159  06 14 21 23 26 30 31
24160  06 14 21 24 26 30 31
24161  06 14 22 23 24 26 30
24162  06 14 22 23 24 26 31
24163  06 14 22 23 24 30 31
24164  06 14 22 23 26 30 31
24165  06 14 22 24 26 30 31
24166  06 14 23 24 26 30 31
24167  06 16 20 21 22 23 24
24168  06 16 20 21 22 24 30
24169  06 16 20 21 22 24 31
24170  06 16 20 21 23 24 26
24171  06 16 20 21 23 24 30
24172  06 16 20 21 23 24 31
24173  06 16 20 21 24 26 30
24174  06 16 20 21 24 26 31
24175  06 16 20 21 24 30 31
24176  06 16 20 22 23 24 26
24177  06 16 20 22 23 24 30
24178  06 16 20 22 23 24 31
24179  06 16 20 22 24 26 30
24180  06 16 20 22 24 26 31
24181  06 16 20 22 24 30 31
24182  06 16 20 23 24 26 30
24183  06 16 20 23 24 26 31
24184  06 16 20 23 24 30 31
24185  06 16 20 24 26 30 31
24186  06 16 21 22 23 24 26
24187  06 16 21 22 23 24 30
24188  06 16 21 22 23 24 31
24189  06 16 21 22 24 26 30
24190  06 16 21 22 24 26 31
24191  06 16 21 22 24 30 31
24192  06 16 21 23 24 26 30
24193  06 16 21 23 24 26 31
24194  06 16 21 23 24 30 31
24195  06 16 21 24 26 30 31
24196  06 16 22 23 24 26 30
24197  06 16 22 23 24 26 31
24198  06 16 22 23 24 30 31
24199  06 16 22 24 26 30 31
24200  06 16 23 24 26 30 31
24201  06 20 21 22 23 24 26
24202  06 20 21 22 23 24 30
24203  06 20 21 22 23 24 31
24204  06 20 21 22 24 26 30
24205  06 20 21 22 24 26 31
24206  06 20 21 22 24 30 31
24207  06 20 21 23 24 26 30
24208  06 20 21 23 24 26 31
24209  06 20 21 23 24 30 31
24210  06 20 21 24 26 30 31
24211  06 20 22 23 24 26 31
24212  06 20 22 23 24 30 31
24213  06 20 22 24 26 30 31
24214  06 20 23 24 26 30 31
24215  06 21 22 23 24 26 30
24216  06 21 22 23 24 26 31
24217  06 21 22 23 24 30 31
24218  06 21 22 24 26 30 31
24219  06 21 23 24 26 30 31
24220  06 22 23 24 26 30 31
24221  10 11 12 13 14 16 20
24222  10 11 12 13 14 16 21
24223  10 11 12 13 14 16 22
24224  10 11 12 13 14 16 23
24225  10 11 12 13 14 16 24
24226  10 11 12 13 14 16 26
24227  10 11 12 13 14 16 30
24228  10 11 12 13 14 16 31
24229  10 11 12 13 14 20 26
24230  10 11 12 13 14 21 26
24231  10 11 12 13 14 22 26
24232  10 11 12 13 14 23 26
24233  10 11 12 13 14 24 26
24234  10 11 12 13 14 26 30
24235  10 11 12 13 14 26 31
24236  10 11 12 13 16 20 24
24237  10 11 12 13 16 21 24
24238  10 11 12 13 16 22 24
24239  10 11 12 13 16 23 24
24240  10 11 12 13 16 24 26
24241  10 11 12 13 16 24 30
24242  10 11 12 13 16 24 31
24243  10 11 12 13 20 24 26
24244  10 11 12 13 21 24 26
24245  10 11 12 13 22 24 26
24246  10 11 12 13 23 24 26
24247  10 11 12 13 24 26 30
24248  10 11 12 13 24 26 31
24249  10 11 12 14 16 20 23
24250  10 11 12 14 16 20 30
24251  10 11 12 14 16 20 31
24252  10 11 12 14 16 21 23
24253  10 11 12 14 16 21 30
24254  10 11 12 14 16 21 31
24255  10 11 12 14 16 22 23
24256  10 11 12 14 16 22 30
24257  10 11 12 14 16 22 31
24258  10 11 12 14 16 23 24
24259  10 11 12 14 16 23 26
24260  10 11 12 14 16 23 30
24261  10 11 12 14 16 23 31
24262  10 11 12 14 16 24 30
24263  10 11 12 14 16 24 31
24264  10 11 12 14 16 26 30
24265  10 11 12 14 16 26 31
24266  10 11 12 14 16 30 31
24267  10 11 12 14 20 23 26
24268  10 11 12 14 20 26 30
24269  10 11 12 14 20 26 31
24270  10 11 12 14 21 23 26
24271  10 11 12 14 21 26 30
24272  10 11 12 14 21 26 31
24273  10 11 12 14 22 23 26
24274  10 11 12 14 22 26 30
24275  10 11 12 14 22 26 31
24276  10 11 12 14 23 24 26
24277  10 11 12 14 23 26 30
24278  10 11 12 14 23 26 31
24279  10 11 12 14 24 26 30
24280  10 11 12 14 24 26 31
24281  10 11 12 14 26 30 31
24282  10 11 12 16 20 23 24
24283  10 11 12 16 20 24 30
24284  10 11 12 16 20 24 31
24285  10 11 12 16 21 23 24
24286  10 11 12 16 21 24 30
24287  10 11 12 16 21 24 31
24288  10 11 12 16 22 23 24
24289  10 11 12 16 22 24 30
24290  10 11 12 16 22 24 31
24291  10 11 12 16 23 24 26
24292  10 11 12 16 23 24 30
24293  10 11 12 16 23 24 31
24294  10 11 12 16 24 26 30
24295  10 11 12 16 24 26 31
24296  10 11 12 16 24 30 31
24297  10 11 12 20 23 24 26
24298  10 11 12 20 24 26 30
24299  10 11 12 20 24 26 31
24300  10 11 12 21 23 24 26
24301  10 11 12 21 24 26 30
24302  10 11 12 21 24 26 31
24303  10 11 12 22 23 24 26
24304  10 11 12 22 24 26 30
24305  10 11 12 22 24 26 31
24306  10 11 12 23 24 26 30
24307  10 11 12 23 24 26 31
24308  10 11 12 24 26 30 31
24309  10 11 13 14 16 20 21
24310  10 11 13 14 16 20 22
24311  10 11 13 14 16 20 23
24312  10 11 13 14 16 20 24
24313  10 11 13 14 16 20 26
24314  10 11 13 14 16 20 30
24315  10 11 13 14 16 20 31
24316  10 11 13 14 16 21 22
24317  10 11 13 14 16 21 23
24318  10 11 13 14 16 21 24
24319  10 11 13 14 16 21 26
24320  10 11 13 14 16 21 30
24321  10 11 13 14 16 21 31
24322  10 11 13 14 16 22 23
24323  10 11 13 14 16 22 24
24324  10 11 13 14 16 22 26
24325  10 11 13 14 16 22 30
24326  10 11 13 14 16 22 31
24327  10 11 13 14 16 23 24
24328  10 11 13 14 16 23 26
24329  10 11 13 14 16 23 30
24330  10 11 13 14 16 23 31
24331  10 11 13 14 16 24 26
24332  10 11 13 14 16 24 30
24333  10 11 13 14 16 24 31
24334  10 11 13 14 16 26 30
24335  10 11 13 14 16 26 31
24336  10 11 13 14 20 21 26
24337  10 11 13 14 20 22 26
24338  10 11 13 14 20 23 26
24339  10 11 13 14 20 24 26
24340  10 11 13 14 20 26 30
24341  10 11 13 14 20 26 31
24342  10 11 13 14 21 22 26
24343  10 11 13 14 21 23 26
24344  10 11 13 14 21 24 26
24345  10 11 13 14 21 26 30
24346  10 11 13 14 21 26 31
24347  10 11 13 14 22 23 26
24348  10 11 13 14 22 24 26
24349  10 11 13 14 22 26 30
24350  10 11 13 14 22 26 31
24351  10 11 13 14 23 24 26
24352  10 11 13 14 23 26 30
24353  10 11 13 14 23 26 31
24354  10 11 13 14 24 26 30
24355  10 11 13 14 24 26 31
24356  10 11 13 14 26 30 31
24357  10 11 13 16 20 21 24
24358  10 11 13 16 20 22 24
24359  10 11 13 16 20 23 24
24360  10 11 13 16 20 24 26
24361  10 11 13 16 20 24 30
24362  10 11 13 16 20 24 31
24363  10 11 13 16 21 22 24
24364  10 11 13 16 21 23 24
24365  10 11 13 16 21 24 26
24366  10 11 13 16 21 24 30
24367  10 11 13 16 21 24 31
24368  10 11 13 16 22 23 24
24369  10 11 13 16 22 24 26
24370  10 11 13 16 22 24 30
24371  10 11 13 16 22 24 31
24372  10 11 13 16 23 24 26
24373  10 11 13 16 23 24 30
24374  10 11 13 16 23 24 31
24375  10 11 13 16 24 26 30
24376  10 11 13 16 24 26 31
24377  10 11 13 16 24 30 31
24378  10 11 13 20 21 24 26
24379  10 11 13 20 22 24 26
24380  10 11 13 20 23 24 26
24381  10 11 13 20 24 26 30
24382  10 11 13 20 24 26 31
24383  10 11 13 21 22 24 26
24384  10 11 13 21 23 24 26
24385  10 11 13 21 24 26 30
24386  10 11 13 21 24 26 31
24387  10 11 13 22 23 24 26
24388  10 11 13 22 24 26 30
24389  10 11 13 22 24 26 31
24390  10 11 13 23 24 26 30
24391  10 11 13 23 24 26 31
24392  10 11 13 24 26 30 31
24393  10 11 14 16 20 21 23
24394  10 11 14 16 20 21 30
24395  10 11 14 16 20 21 31
24396  10 11 14 16 20 22 23
24397  10 11 14 16 20 22 30
24398  10 11 14 16 20 22 31
24399  10 11 14 16 20 23 24
24400  10 11 14 16 20 23 26
24401  10 11 14 16 20 23 30
24402  10 11 14 16 20 23 31
24403  10 11 14 16 20 24 30
24404  10 11 14 16 20 24 31
24405  10 11 14 16 20 26 30
24406  10 11 14 16 20 26 31
24407  10 11 14 16 20 30 31
24408  10 11 14 16 21 22 23
24409  10 11 14 16 21 22 30
24410  10 11 14 16 21 22 31
24411  10 11 14 16 21 23 24
24412  10 11 14 16 21 23 26
24413  10 11 14 16 21 23 30
24414  10 11 14 16 21 23 31
24415  10 11 14 16 21 24 30
24416  10 11 14 16 21 24 31
24417  10 11 14 16 21 26 30
24418  10 11 14 16 21 26 31
24419  10 11 14 16 21 30 31
24420  10 11 14 16 22 23 24
24421  10 11 14 16 22 23 26
24422  10 11 14 16 22 23 30
24423  10 11 14 16 22 23 31
24424  10 11 14 16 22 24 30
24425  10 11 14 16 22 24 31
24426  10 11 14 16 22 26 30
24427  10 11 14 16 22 26 31
24428  10 11 14 16 22 30 31
24429  10 11 14 16 23 24 26
24430  10 11 14 16 23 24 30
24431  10 11 14 16 23 24 31
24432  10 11 14 16 23 26 30
24433  10 11 14 16 23 26 31
24434  10 11 14 16 23 30 31
24435  10 11 14 16 24 26 30
24436  10 11 14 16 24 26 31
24437  10 11 14 16 24 30 31
24438  10 11 14 16 26 30 31
24439  10 11 14 20 21 23 26
24440  10 11 14 20 21 26 30
24441  10 11 14 20 21 26 31
24442  10 11 14 20 22 23 26
24443  10 11 14 20 22 26 30
24444  10 11 14 20 22 26 31
24445  10 11 14 20 23 24 26
24446  10 11 14 20 23 26 30
24447  10 11 14 20 23 26 31
24448  10 11 14 20 24 26 30
24449  10 11 14 20 24 26 31
24450  10 11 14 20 26 30 31
24451  10 11 14 21 22 23 26
24452  10 11 14 21 22 26 30
24453  10 11 14 21 22 26 31
24454  10 11 14 21 23 24 26
24455  10 11 14 21 23 26 30
24456  10 11 14 21 23 26 31
24457  10 11 14 21 24 26 30
24458  10 11 14 21 24 26 31
24459  10 11 14 21 26 30 31
24460  10 11 14 22 23 24 26
24461  10 11 14 22 23 26 30
24462  10 11 14 22 23 26 31
24463  10 11 14 22 24 26 30
24464  10 11 14 22 24 26 31
24465  10 11 14 22 26 30 31
24466  10 11 14 23 24 26 30
24467  10 11 14 23 24 26 31
24468  10 11 14 23 26 30 31
24469  10 11 14 24 26 30 31
24470  10 11 16 20 21 23 24
24471  10 11 16 20 21 24 30
24472  10 11 16 20 21 24 31
24473  10 11 16 20 22 23 24
24474  10 11 16 20 22 24 30
24475  10 11 16 20 22 24 31
24476  10 11 16 20 23 24 26
24477  10 11 16 20 23 24 30
24478  10 11 16 20 23 24 31
24479  10 11 16 20 24 26 30
24480  10 11 16 20 24 26 31
24481  10 11 16 20 24 30 31
24482  10 11 16 21 22 23 24
24483  10 11 16 21 22 24 30
24484  10 11 16 21 22 24 31
24485  10 11 16 21 23 24 26
24486  10 11 16 21 23 24 30
24487  10 11 16 21 23 24 31
24488  10 11 16 21 24 26 30
24489  10 11 16 21 24 26 31
24490  10 11 16 21 24 30 31
24491  10 11 16 22 23 24 26
24492  10 11 16 22 23 24 30
24493  10 11 16 22 23 24 31
24494  10 11 16 22 24 26 30
24495  10 11 16 22 24 26 31
24496  10 11 16 22 24 30 31
24497  10 11 16 23 24 26 30
24498  10 11 16 23 24 26 31
24499  10 11 16 23 24 30 31
24500  10 11 16 24 26 30 31
24501  10 11 20 21 23 24 26
24502  10 11 20 21 24 26 30
24503  10 11 20 21 24 26 31
24504  10 11 20 22 23 24 26
24505  10 11 20 22 24 26 30
24506  10 11 20 22 24 26 31
24507  10 11 20 23 24 26 30
24508  10 11 20 23 24 26 31
24509  10 11 20 24 26 30 31
24510  10 11 21 22 23 24 26
24511  10 11 21 22 24 26 30
24512  10 11 21 22 24 26 31
24513  10 11 21 23 24 26 30
24514  10 11 21 23 24 26 31
24515  10 11 21 24 26 30 31
24516  10 11 22 23 24 26 30
24517  10 11 22 23 24 26 31
24518  10 11 22 24 26 30 31
24519  10 11 23 24 26 30 31
24520  10 12 13 14 16 20 21
24521  10 12 13 14 16 20 22
24522  10 12 13 14 16 20 23
24523  10 12 13 14 16 20 24
24524  10 12 13 14 16 20 26
24525  10 12 13 14 16 20 30
24526  10 12 13 14 16 20 31
24527  10 12 13 14 16 21 22
24528  10 12 13 14 16 21 23
24529  10 12 13 14 16 21 24
24530  10 12 13 14 16 21 26
24531  10 12 13 14 16 21 30
24532  10 12 13 14 16 21 31
24533  10 12 13 14 16 22 23
24534  10 12 13 14 16 22 24
24535  10 12 13 14 16 22 26
24536  10 12 13 14 16 22 30
24537  10 12 13 14 16 22 31
24538  10 12 13 14 16 23 24
24539  10 12 13 14 16 23 26
24540  10 12 13 14 16 23 30
24541  10 12 13 14 16 23 31
24542  10 12 13 14 16 24 26
24543  10 12 13 14 16 24 30
24544  10 12 13 14 16 24 31
24545  10 12 13 14 16 26 30
24546  10 12 13 14 16 26 31
24547  10 12 13 14 16 30 31
24548  10 12 13 14 20 21 26
24549  10 12 13 14 20 22 26
24550  10 12 13 14 20 23 26
24551  10 12 13 14 20 24 26
24552  10 12 13 14 20 26 30
24553  10 12 13 14 20 26 31
24554  10 12 13 14 21 22 26
24555  10 12 13 14 21 23 26
24556  10 12 13 14 21 24 26
24557  10 12 13 14 21 26 30
24558  10 12 13 14 21 26 31
24559  10 12 13 14 22 23 26
24560  10 12 13 14 22 24 26
24561  10 12 13 14 22 26 30
24562  10 12 13 14 22 26 31
24563  10 12 13 14 23 24 26
24564  10 12 13 14 23 26 30
24565  10 12 13 14 23 26 31
24566  10 12 13 14 24 26 30
24567  10 12 13 14 24 26 31
24568  10 12 13 14 26 30 31
24569  10 12 13 16 20 21 24
24570  10 12 13 16 20 22 24
24571  10 12 13 16 20 23 24
24572  10 12 13 16 20 24 26
24573  10 12 13 16 20 24 30
24574  10 12 13 16 20 24 31
24575  10 12 13 16 21 22 24
24576  10 12 13 16 21 23 24
24577  10 12 13 16 21 24 26
24578  10 12 13 16 21 24 30
24579  10 12 13 16 21 24 31
24580  10 12 13 16 22 23 24
24581  10 12 13 16 22 24 26
24582  10 12 13 16 22 24 30
24583  10 12 13 16 22 24 31
24584  10 12 13 16 23 24 26
24585  10 12 13 16 23 24 30
24586  10 12 13 16 23 24 31
24587  10 12 13 16 24 26 30
24588  10 12 13 16 24 26 31
24589  10 12 13 16 24 30 31
24590  10 12 13 20 21 24 26
24591  10 12 13 20 22 24 26
24592  10 12 13 20 23 24 26
24593  10 12 13 20 24 26 30
24594  10 12 13 20 24 26 31
24595  10 12 13 21 22 24 26
24596  10 12 13 21 23 24 26
24597  10 12 13 21 24 26 30
24598  10 12 13 21 24 26 31
24599  10 12 13 22 23 24 26
24600  10 12 13 22 24 26 30
24601  10 12 13 22 24 26 31
24602  10 12 13 23 24 26 30
24603  10 12 13 23 24 26 31
24604  10 12 13 24 26 30 31
24605  10 12 14 16 20 21 23
24606  10 12 14 16 20 21 30
24607  10 12 14 16 20 21 31
24608  10 12 14 16 20 22 23
24609  10 12 14 16 20 22 30
24610  10 12 14 16 20 22 31
24611  10 12 14 16 20 23 24
24612  10 12 14 16 20 23 26
24613  10 12 14 16 20 23 30
24614  10 12 14 16 20 23 31
24615  10 12 14 16 20 24 30
24616  10 12 14 16 20 24 31
24617  10 12 14 16 20 26 30
24618  10 12 14 16 20 26 31
24619  10 12 14 16 20 30 31
24620  10 12 14 16 21 22 23
24621  10 12 14 16 21 22 30
24622  10 12 14 16 21 22 31
24623  10 12 14 16 21 23 24
24624  10 12 14 16 21 23 26
24625  10 12 14 16 21 23 30
24626  10 12 14 16 21 23 31
24627  10 12 14 16 21 24 30
24628  10 12 14 16 21 24 31
24629  10 12 14 16 21 26 30
24630  10 12 14 16 21 26 31
24631  10 12 14 16 21 30 31
24632  10 12 14 16 22 23 24
24633  10 12 14 16 22 23 26
24634  10 12 14 16 22 23 30
24635  10 12 14 16 22 23 31
24636  10 12 14 16 22 24 30
24637  10 12 14 16 22 24 31
24638  10 12 14 16 22 26 30
24639  10 12 14 16 22 26 31
24640  10 12 14 16 22 30 31
24641  10 12 14 16 23 24 26
24642  10 12 14 16 23 24 30
24643  10 12 14 16 23 24 31
24644  10 12 14 16 23 26 30
24645  10 12 14 16 23 26 31
24646  10 12 14 16 23 30 31
24647  10 12 14 16 24 26 30
24648  10 12 14 16 24 26 31
24649  10 12 14 16 24 30 31
24650  10 12 14 16 26 30 31
24651  10 12 14 20 21 23 26
24652  10 12 14 20 21 26 30
24653  10 12 14 20 21 26 31
24654  10 12 14 20 22 23 26
24655  10 12 14 20 22 26 30
24656  10 12 14 20 22 26 31
24657  10 12 14 20 23 24 26
24658  10 12 14 20 23 26 30
24659  10 12 14 20 23 26 31
24660  10 12 14 20 24 26 30
24661  10 12 14 20 24 26 31
24662  10 12 14 20 26 30 31
24663  10 12 14 21 22 23 26
24664  10 12 14 21 22 26 30
24665  10 12 14 21 22 26 31
24666  10 12 14 21 23 24 26
24667  10 12 14 21 23 26 30
24668  10 12 14 21 23 26 31
24669  10 12 14 21 24 26 30
24670  10 12 14 21 24 26 31
24671  10 12 14 21 26 30 31
24672  10 12 14 22 23 24 26
24673  10 12 14 22 23 26 30
24674  10 12 14 22 23 26 31
24675  10 12 14 22 24 26 30
24676  10 12 14 22 24 26 31
24677  10 12 14 22 26 30 31
24678  10 12 14 23 24 26 30
24679  10 12 14 23 24 26 31
24680  10 12 14 23 26 30 31
24681  10 12 14 24 26 30 31
24682  10 12 16 20 21 23 24
24683  10 12 16 20 21 24 30
24684  10 12 16 20 21 24 31
24685  10 12 16 20 22 23 24
24686  10 12 16 20 22 24 30
24687  10 12 16 20 22 24 31
24688  10 12 16 20 23 24 26
24689  10 12 16 20 23 24 30
24690  10 12 16 20 23 24 31
24691  10 12 16 20 24 26 30
24692  10 12 16 20 24 26 31
24693  10 12 16 20 24 30 31
24694  10 12 16 21 22 23 24
24695  10 12 16 21 22 24 30
24696  10 12 16 21 22 24 31
24697  10 12 16 21 23 24 26
24698  10 12 16 21 23 24 30
24699  10 12 16 21 23 24 31
24700  10 12 16 21 24 26 30
24701  10 12 16 21 24 26 31
24702  10 12 16 21 24 30 31
24703  10 12 16 22 23 24 26
24704  10 12 16 22 23 24 30
24705  10 12 16 22 23 24 31
24706  10 12 16 22 24 26 30
24707  10 12 16 22 24 26 31
24708  10 12 16 22 24 30 31
24709  10 12 16 23 24 26 30
24710  10 12 16 23 24 26 31
24711  10 12 16 23 24 30 31
24712  10 12 16 24 26 30 31
24713  10 12 20 21 23 24 26
24714  10 12 20 21 24 26 30
24715  10 12 20 21 24 26 31
24716  10 12 20 22 23 24 26
24717  10 12 20 22 24 26 30
24718  10 12 20 22 24 26 31
24719  10 12 20 23 24 26 30
24720  10 12 20 23 24 26 31
24721  10 12 20 24 26 30 31
24722  10 12 21 22 23 24 26
24723  10 12 21 22 24 26 30
24724  10 12 21 22 24 26 31
24725  10 12 21 23 24 26 30
24726  10 12 21 23 24 26 31
24727  10 12 21 24 26 30 31
24728  10 12 22 23 24 26 30
24729  10 12 22 23 24 26 31
24730  10 12 22 24 26 30 31
24731  10 12 23 24 26 30 31
24732  10 13 14 16 20 21 22
24733  10 13 14 16 20 21 23
24734  10 13 14 16 20 21 24
24735  10 13 14 16 20 21 26
24736  10 13 14 16 20 21 30
24737  10 13 14 16 20 21 31
24738  10 13 14 16 20 22 23
24739  10 13 14 16 20 22 24
24740  10 13 14 16 20 22 26
24741  10 13 14 16 20 22 30
24742  10 13 14 16 20 22 31
24743  10 13 14 16 20 23 24
24744  10 13 14 16 20 23 26
24745  10 13 14 16 20 23 30
24746  10 13 14 16 20 23 31
24747  10 13 14 16 20 24 26
24748  10 13 14 16 20 24 30
24749  10 13 14 16 20 24 31
24750  10 13 14 16 20 26 30
24751  10 13 14 16 20 26 31
24752  10 13 14 16 20 30 31
24753  10 13 14 16 21 22 23
24754  10 13 14 16 21 22 24
24755  10 13 14 16 21 22 26
24756  10 13 14 16 21 22 30
24757  10 13 14 16 21 22 31
24758  10 13 14 16 21 23 24
24759  10 13 14 16 21 23 26
24760  10 13 14 16 21 23 30
24761  10 13 14 16 21 23 31
24762  10 13 14 16 21 24 26
24763  10 13 14 16 21 24 30
24764  10 13 14 16 21 24 31
24765  10 13 14 16 21 26 30
24766  10 13 14 16 21 26 31
24767  10 13 14 16 21 30 31
24768  10 13 14 16 22 23 24
24769  10 13 14 16 22 23 26
24770  10 13 14 16 22 23 30
24771  10 13 14 16 22 23 31
24772  10 13 14 16 22 24 26
24773  10 13 14 16 22 24 30
24774  10 13 14 16 22 24 31
24775  10 13 14 16 22 26 30
24776  10 13 14 16 22 26 31
24777  10 13 14 16 22 30 31
24778  10 13 14 16 23 24 26
24779  10 13 14 16 23 24 30
24780  10 13 14 16 23 24 31
24781  10 13 14 16 23 26 30
24782  10 13 14 16 23 26 31
24783  10 13 14 16 23 30 31
24784  10 13 14 16 24 26 30
24785  10 13 14 16 24 26 31
24786  10 13 14 16 24 30 31
24787  10 13 14 16 26 30 31
24788  10 13 14 20 21 22 26
24789  10 13 14 20 21 23 26
24790  10 13 14 20 21 24 26
24791  10 13 14 20 21 26 30
24792  10 13 14 20 21 26 31
24793  10 13 14 20 22 23 26
24794  10 13 14 20 22 24 26
24795  10 13 14 20 22 26 30
24796  10 13 14 20 22 26 31
24797  10 13 14 20 23 24 26
24798  10 13 14 20 23 26 30
24799  10 13 14 20 23 26 31
24800  10 13 14 20 24 26 30
24801  10 13 14 20 24 26 31
24802  10 13 14 20 26 30 31
24803  10 13 14 21 22 23 26
24804  10 13 14 21 22 24 26
24805  10 13 14 21 22 26 30
24806  10 13 14 21 22 26 31
24807  10 13 14 21 23 24 26
24808  10 13 14 21 23 26 30
24809  10 13 14 21 23 26 31
24810  10 13 14 21 24 26 30
24811  10 13 14 21 24 26 31
24812  10 13 14 21 26 30 31
24813  10 13 14 22 23 24 26
24814  10 13 14 22 23 26 30
24815  10 13 14 22 23 26 31
24816  10 13 14 22 24 26 30
24817  10 13 14 22 24 26 31
24818  10 13 14 22 26 30 31
24819  10 13 14 23 24 26 30
24820  10 13 14 23 24 26 31
24821  10 13 14 23 26 30 31
24822  10 13 14 24 26 30 31
24823  10 13 16 20 21 22 24
24824  10 13 16 20 21 23 24
24825  10 13 16 20 21 24 26
24826  10 13 16 20 21 24 30
24827  10 13 16 20 21 24 31
24828  10 13 16 20 22 23 24
24829  10 13 16 20 22 24 26
24830  10 13 16 20 22 24 30
24831  10 13 16 20 22 24 31
24832  10 13 16 20 23 24 26
24833  10 13 16 20 23 24 30
24834  10 13 16 20 23 24 31
24835  10 13 16 20 24 26 30
24836  10 13 16 20 24 26 31
24837  10 13 16 20 24 30 31
24838  10 13 16 21 22 23 24
24839  10 13 16 21 22 24 26
24840  10 13 16 21 22 24 30
24841  10 13 16 21 22 24 31
24842  10 13 16 21 23 24 26
24843  10 13 16 21 23 24 30
24844  10 13 16 21 23 24 31
24845  10 13 16 21 24 26 30
24846  10 13 16 21 24 26 31
24847  10 13 16 21 24 30 31
24848  10 13 16 22 23 24 26
24849  10 13 16 22 23 24 30
24850  10 13 16 22 23 24 31
24851  10 13 16 22 24 26 30
24852  10 13 16 22 24 26 31
24853  10 13 16 22 24 30 31
24854  10 13 16 23 24 26 30
24855  10 13 16 23 24 26 31
24856  10 13 16 23 24 30 31
24857  10 13 16 24 26 30 31
24858  10 13 20 21 22 24 26
24859  10 13 20 21 23 24 26
24860  10 13 20 21 24 26 30
24861  10 13 20 21 24 26 31
24862  10 13 20 22 23 24 26
24863  10 13 20 22 24 26 30
24864  10 13 20 22 24 26 31
24865  10 13 20 23 24 26 30
24866  10 13 20 23 24 26 31
24867  10 13 20 24 26 30 31
24868  10 13 21 22 23 24 26
24869  10 13 21 22 24 26 30
24870  10 13 21 22 24 26 31
24871  10 13 21 23 24 26 30
24872  10 13 21 23 24 26 31
24873  10 13 21 24 26 30 31
24874  10 13 22 23 24 26 30
24875  10 13 22 23 24 26 31
24876  10 13 22 24 26 30 31
24877  10 13 23 24 26 30 31
24878  10 14 16 20 21 22 23
24879  10 14 16 20 21 22 30
24880  10 14 16 20 21 22 31
24881  10 14 16 20 21 23 24
24882  10 14 16 20 21 23 26
24883  10 14 16 20 21 23 30
24884  10 14 16 20 21 23 31
24885  10 14 16 20 21 24 30
24886  10 14 16 20 21 24 31
24887  10 14 16 20 21 26 30
24888  10 14 16 20 21 26 31
24889  10 14 16 20 21 30 31
24890  10 14 16 20 22 23 24
24891  10 14 16 20 22 23 26
24892  10 14 16 20 22 23 30
24893  10 14 16 20 22 23 31
24894  10 14 16 20 22 24 30
24895  10 14 16 20 22 24 31
24896  10 14 16 20 22 26 30
24897  10 14 16 20 22 26 31
24898  10 14 16 20 22 30 31
24899  10 14 16 20 23 24 26
24900  10 14 16 20 23 24 30
24901  10 14 16 20 23 24 31
24902  10 14 16 20 23 26 30
24903  10 14 16 20 23 26 31
24904  10 14 16 20 23 30 31
24905  10 14 16 20 24 26 30
24906  10 14 16 20 24 26 31
24907  10 14 16 20 24 30 31
24908  10 14 16 20 26 30 31
24909  10 14 16 21 22 23 24
24910  10 14 16 21 22 23 26
24911  10 14 16 21 22 23 30
24912  10 14 16 21 22 23 31
24913  10 14 16 21 22 24 30
24914  10 14 16 21 22 24 31
24915  10 14 16 21 22 26 30
24916  10 14 16 21 22 26 31
24917  10 14 16 21 22 30 31
24918  10 14 16 21 23 24 26
24919  10 14 16 21 23 24 30
24920  10 14 16 21 23 24 31
24921  10 14 16 21 23 26 30
24922  10 14 16 21 23 26 31
24923  10 14 16 21 23 30 31
24924  10 14 16 21 24 26 30
24925  10 14 16 21 24 26 31
24926  10 14 16 21 24 30 31
24927  10 14 16 21 26 30 31
24928  10 14 16 22 23 24 26
24929  10 14 16 22 23 24 30
24930  10 14 16 22 23 24 31
24931  10 14 16 22 23 26 30
24932  10 14 16 22 23 26 31
24933  10 14 16 22 23 30 31
24934  10 14 16 22 24 26 30
24935  10 14 16 22 24 26 31
24936  10 14 16 22 24 30 31
24937  10 14 16 22 26 30 31
24938  10 14 16 23 24 26 30
24939  10 14 16 23 24 26 31
24940  10 14 16 23 24 30 31
24941  10 14 16 23 26 30 31
24942  10 14 16 24 26 30 31
24943  10 14 20 21 22 23 26
24944  10 14 20 21 22 26 30
24945  10 14 20 21 22 26 31
24946  10 14 20 21 23 24 26
24947  10 14 20 21 23 26 30
24948  10 14 20 21 23 26 31
24949  10 14 20 21 24 26 30
24950  10 14 20 21 24 26 31
24951  10 14 20 21 26 30 31
24952  10 14 20 22 23 24 26
24953  10 14 20 22 23 26 30
24954  10 14 20 22 23 26 31
24955  10 14 20 22 24 26 30
24956  10 14 20 22 24 26 31
24957  10 14 20 22 26 30 31
24958  10 14 20 23 24 26 30
24959  10 14 20 23 24 26 31
24960  10 14 20 23 26 30 31
24961  10 14 20 24 26 30 31
24962  10 14 21 22 23 24 26
24963  10 14 21 22 23 26 30
24964  10 14 21 22 23 26 31
24965  10 14 21 22 24 26 30
24966  10 14 21 22 24 26 31
24967  10 14 21 22 26 30 31
24968  10 14 21 23 24 26 30
24969  10 14 21 23 24 26 31
24970  10 14 21 23 26 30 31
24971  10 14 21 24 26 30 31
24972  10 14 22 23 24 26 30
24973  10 14 22 23 24 26 31
24974  10 14 22 23 26 30 31
24975  10 14 22 24 26 30 31
24976  10 14 23 24 26 30 31
24977  10 16 20 21 22 23 24
24978  10 16 20 21 22 24 30
24979  10 16 20 21 22 24 31
24980  10 16 20 21 23 24 26
24981  10 16 20 21 23 24 30
24982  10 16 20 21 23 24 31
24983  10 16 20 21 24 26 30
24984  10 16 20 21 24 26 31
24985  10 16 20 21 24 30 31
24986  10 16 20 22 23 24 26
24987  10 16 20 22 23 24 30
24988  10 16 20 22 23 24 31
24989  10 16 20 22 24 26 30
24990  10 16 20 22 24 26 31
24991  10 16 20 22 24 30 31
24992  10 16 20 23 24 26 30
24993  10 16 20 23 24 26 31
24994  10 16 20 23 24 30 31
24995  10 16 20 24 26 30 31
24996  10 16 21 22 23 24 26
24997  10 16 21 22 23 24 30
24998  10 16 21 22 23 24 31
24999  10 16 21 22 24 26 30
25000  10 16 21 22 24 26 31
25001  10 16 21 22 24 30 31
25002  10 16 21 23 24 26 30
25003  10 16 21 23 24 26 31
25004  10 16 21 23 24 30 31
25005  10 16 21 24 26 30 31
25006  10 16 22 23 24 26 30
25007  10 16 22 23 24 26 31
25008  10 16 22 23 24 30 31
25009  10 16 22 24 26 30 31
25010  10 16 23 24 26 30 31
25011  10 20 21 22 23 24 26
25012  10 20 21 22 24 26 30
25013  10 20 21 22 24 26 31
25014  10 20 21 23 24 26 30
25015  10 20 21 23 24 26 31
25016  10 20 21 24 26 30 31
25017  10 20 22 23 24 26 30
25018  10 20 22 23 24 26 31
25019  10 20 22 24 26 30 31
25020  10 20 23 24 26 30 31
25021  10 21 22 23 24 26 30
25022  10 21 22 23 24 26 31
25023  10 21 22 24 26 30 31
25024  10 21 23 24 26 30 31
25025  10 22 23 24 26 30 31
25026  11 12 13 14 16 20 21
25027  11 12 13 14 16 20 22
25028  11 12 13 14 16 20 23
25029  11 12 13 14 16 20 24
25030  11 12 13 14 16 20 26
25031  11 12 13 14 16 20 30
25032  11 12 13 14 16 20 31
25033  11 12 13 14 16 21 30
25034  11 12 13 14 16 22 30
25035  11 12 13 14 16 23 30
25036  11 12 13 14 16 24 30
25037  11 12 13 14 16 26 30
25038  11 12 13 14 16 30 31
25039  11 12 13 14 20 21 26
25040  11 12 13 14 20 22 26
25041  11 12 13 14 20 23 26
25042  11 12 13 14 20 24 26
25043  11 12 13 14 20 26 30
25044  11 12 13 14 20 26 31
25045  11 12 13 14 21 26 30
25046  11 12 13 14 22 26 30
25047  11 12 13 14 23 26 30
25048  11 12 13 14 24 26 30
25049  11 12 13 14 26 30 31
25050  11 12 13 16 20 21 24
25051  11 12 13 16 20 22 24
25052  11 12 13 16 20 23 24
25053  11 12 13 16 20 24 26
25054  11 12 13 16 20 24 30
25055  11 12 13 16 20 24 31
25056  11 12 13 16 21 24 30
25057  11 12 13 16 22 24 30
25058  11 12 13 16 23 24 30
25059  11 12 13 16 24 26 30
25060  11 12 13 16 24 30 31
25061  11 12 13 20 21 24 26
25062  11 12 13 20 22 24 26
25063  11 12 13 20 23 24 26
25064  11 12 13 20 24 26 30
25065  11 12 13 20 24 26 31
25066  11 12 13 21 24 26 30
25067  11 12 13 22 24 26 30
25068  11 12 13 23 24 26 30
25069  11 12 13 24 26 30 31
25070  11 12 14 16 20 21 23
25071  11 12 14 16 20 21 30
25072  11 12 14 16 20 21 31
25073  11 12 14 16 20 22 23
25074  11 12 14 16 20 22 30
25075  11 12 14 16 20 22 31
25076  11 12 14 16 20 23 24
25077  11 12 14 16 20 23 26
25078  11 12 14 16 20 23 30
25079  11 12 14 16 20 23 31
25080  11 12 14 16 20 24 30
25081  11 12 14 16 20 24 31
25082  11 12 14 16 20 26 30
25083  11 12 14 16 20 26 31
25084  11 12 14 16 20 30 31
25085  11 12 14 16 21 22 30
25086  11 12 14 16 21 23 30
25087  11 12 14 16 21 24 30
25088  11 12 14 16 21 26 30
25089  11 12 14 16 21 30 31
25090  11 12 14 16 22 23 30
25091  11 12 14 16 22 24 30
25092  11 12 14 16 22 26 30
25093  11 12 14 16 22 30 31
25094  11 12 14 16 23 24 30
25095  11 12 14 16 23 26 30
25096  11 12 14 16 23 30 31
25097  11 12 14 16 24 26 30
25098  11 12 14 16 24 30 31
25099  11 12 14 16 26 30 31
25100  11 12 14 20 21 23 26
25101  11 12 14 20 21 26 30
25102  11 12 14 20 21 26 31
25103  11 12 14 20 22 23 26
25104  11 12 14 20 22 26 30
25105  11 12 14 20 22 26 31
25106  11 12 14 20 23 24 26
25107  11 12 14 20 23 26 30
25108  11 12 14 20 23 26 31
25109  11 12 14 20 24 26 30
25110  11 12 14 20 24 26 31
25111  11 12 14 20 26 30 31
25112  11 12 14 21 22 26 30
25113  11 12 14 21 23 26 30
25114  11 12 14 21 24 26 30
25115  11 12 14 21 26 30 31
25116  11 12 14 22 23 26 30
25117  11 12 14 22 24 26 30
25118  11 12 14 22 26 30 31
25119  11 12 14 23 24 26 30
25120  11 12 14 23 26 30 31
25121  11 12 14 24 26 30 31
25122  11 12 16 20 21 23 24
25123  11 12 16 20 21 24 30
25124  11 12 16 20 21 24 31
25125  11 12 16 20 22 23 24
25126  11 12 16 20 22 24 30
25127  11 12 16 20 22 24 31
25128  11 12 16 20 23 24 26
25129  11 12 16 20 23 24 30
25130  11 12 16 20 23 24 31
25131  11 12 16 20 24 26 30
25132  11 12 16 20 24 26 31
25133  11 12 16 20 24 30 31
25134  11 12 16 21 22 24 30
25135  11 12 16 21 23 24 30
25136  11 12 16 21 24 26 30
25137  11 12 16 21 24 30 31
25138  11 12 16 22 23 24 30
25139  11 12 16 22 24 26 30
25140  11 12 16 22 24 30 31
25141  11 12 16 23 24 26 30
25142  11 12 16 23 24 30 31
25143  11 12 16 24 26 30 31
25144  11 12 20 21 23 24 26
25145  11 12 20 21 24 26 30
25146  11 12 20 21 24 26 31
25147  11 12 20 22 23 24 26
25148  11 12 20 22 24 26 30
25149  11 12 20 22 24 26 31
25150  11 12 20 23 24 26 30
25151  11 12 20 23 24 26 31
25152  11 12 20 24 26 30 31
25153  11 12 21 22 24 26 30
25154  11 12 21 23 24 26 30
25155  11 12 21 24 26 30 31
25156  11 12 22 23 24 26 30
25157  11 12 22 24 26 30 31
25158  11 12 23 24 26 30 31
25159  11 13 14 16 20 21 22
25160  11 13 14 16 20 21 23
25161  11 13 14 16 20 21 24
25162  11 13 14 16 20 21 26
25163  11 13 14 16 20 21 30
25164  11 13 14 16 20 21 31
25165  11 13 14 16 20 22 23
25166  11 13 14 16 20 22 24
25167  11 13 14 16 20 22 26
25168  11 13 14 16 20 22 30
25169  11 13 14 16 20 22 31
25170  11 13 14 16 20 23 24
25171  11 13 14 16 20 23 26
25172  11 13 14 16 20 23 30
25173  11 13 14 16 20 23 31
25174  11 13 14 16 20 24 26
25175  11 13 14 16 20 24 30
25176  11 13 14 16 20 24 31
25177  11 13 14 16 20 26 30
25178  11 13 14 16 20 26 31
25179  11 13 14 16 20 30 31
25180  11 13 14 16 21 22 30
25181  11 13 14 16 21 23 30
25182  11 13 14 16 21 24 30
25183  11 13 14 16 21 26 30
25184  11 13 14 16 21 30 31
25185  11 13 14 16 22 23 30
25186  11 13 14 16 22 24 30
25187  11 13 14 16 22 26 30
25188  11 13 14 16 22 30 31
25189  11 13 14 16 23 24 30
25190  11 13 14 16 23 26 30
25191  11 13 14 16 23 30 31
25192  11 13 14 16 24 26 30
25193  11 13 14 16 24 30 31
25194  11 13 14 16 26 30 31
25195  11 13 14 20 21 22 26
25196  11 13 14 20 21 23 26
25197  11 13 14 20 21 24 26
25198  11 13 14 20 21 26 30
25199  11 13 14 20 21 26 31
25200  11 13 14 20 22 23 26
25201  11 13 14 20 22 24 26
25202  11 13 14 20 22 26 30
25203  11 13 14 20 22 26 31
25204  11 13 14 20 23 24 26
25205  11 13 14 20 23 26 30
25206  11 13 14 20 23 26 31
25207  11 13 14 20 24 26 30
25208  11 13 14 20 24 26 31
25209  11 13 14 20 26 30 31
25210  11 13 14 21 22 26 30
25211  11 13 14 21 23 26 30
25212  11 13 14 21 24 26 30
25213  11 13 14 21 26 30 31
25214  11 13 14 22 23 26 30
25215  11 13 14 22 24 26 30
25216  11 13 14 22 26 30 31
25217  11 13 14 23 24 26 30
25218  11 13 14 23 26 30 31
25219  11 13 14 24 26 30 31
25220  11 13 16 20 21 22 24
25221  11 13 16 20 21 23 24
25222  11 13 16 20 21 24 26
25223  11 13 16 20 21 24 30
25224  11 13 16 20 21 24 31
25225  11 13 16 20 22 23 24
25226  11 13 16 20 22 24 26
25227  11 13 16 20 22 24 30
25228  11 13 16 20 22 24 31
25229  11 13 16 20 23 24 26
25230  11 13 16 20 23 24 30
25231  11 13 16 20 23 24 31
25232  11 13 16 20 24 26 30
25233  11 13 16 20 24 26 31
25234  11 13 16 20 24 30 31
25235  11 13 16 21 22 24 30
25236  11 13 16 21 23 24 30
25237  11 13 16 21 24 26 30
25238  11 13 16 21 24 30 31
25239  11 13 16 22 23 24 30
25240  11 13 16 22 24 26 30
25241  11 13 16 22 24 30 31
25242  11 13 16 23 24 26 30
25243  11 13 16 23 24 30 31
25244  11 13 16 24 26 30 31
25245  11 13 20 21 22 24 26
25246  11 13 20 21 23 24 26
25247  11 13 20 21 24 26 30
25248  11 13 20 21 24 26 31
25249  11 13 20 22 23 24 26
25250  11 13 20 22 24 26 30
25251  11 13 20 22 24 26 31
25252  11 13 20 23 24 26 30
25253  11 13 20 23 24 26 31
25254  11 13 20 24 26 30 31
25255  11 13 21 22 24 26 30
25256  11 13 21 23 24 26 30
25257  11 13 21 24 26 30 31
25258  11 13 22 23 24 26 30
25259  11 13 22 24 26 30 31
25260  11 13 23 24 26 30 31
25261  11 14 16 20 21 22 23
25262  11 14 16 20 21 22 30
25263  11 14 16 20 21 22 31
25264  11 14 16 20 21 23 24
25265  11 14 16 20 21 23 26
25266  11 14 16 20 21 23 30
25267  11 14 16 20 21 23 31
25268  11 14 16 20 21 24 30
25269  11 14 16 20 21 24 31
25270  11 14 16 20 21 26 30
25271  11 14 16 20 21 26 31
25272  11 14 16 20 21 30 31
25273  11 14 16 20 22 23 24
25274  11 14 16 20 22 23 26
25275  11 14 16 20 22 23 30
25276  11 14 16 20 22 23 31
25277  11 14 16 20 22 24 30
25278  11 14 16 20 22 24 31
25279  11 14 16 20 22 26 30
25280  11 14 16 20 22 26 31
25281  11 14 16 20 22 30 31
25282  11 14 16 20 23 24 26
25283  11 14 16 20 23 24 30
25284  11 14 16 20 23 24 31
25285  11 14 16 20 23 26 30
25286  11 14 16 20 23 26 31
25287  11 14 16 20 23 30 31
25288  11 14 16 20 24 26 30
25289  11 14 16 20 24 26 31
25290  11 14 16 20 24 30 31
25291  11 14 16 20 26 30 31
25292  11 14 16 21 22 23 30
25293  11 14 16 21 22 24 30
25294  11 14 16 21 22 26 30
25295  11 14 16 21 22 30 31
25296  11 14 16 21 23 24 30
25297  11 14 16 21 23 26 30
25298  11 14 16 21 23 30 31
25299  11 14 16 21 24 26 30
25300  11 14 16 21 24 30 31
25301  11 14 16 21 26 30 31
25302  11 14 16 22 23 24 30
25303  11 14 16 22 23 26 30
25304  11 14 16 22 23 30 31
25305  11 14 16 22 24 26 30
25306  11 14 16 22 24 30 31
25307  11 14 16 22 26 30 31
25308  11 14 16 23 24 26 30
25309  11 14 16 23 24 30 31
25310  11 14 16 23 26 30 31
25311  11 14 16 24 26 30 31
25312  11 14 20 21 22 23 26
25313  11 14 20 21 22 26 30
25314  11 14 20 21 22 26 31
25315  11 14 20 21 23 24 26
25316  11 14 20 21 23 26 30
25317  11 14 20 21 23 26 31
25318  11 14 20 21 24 26 30
25319  11 14 20 21 24 26 31
25320  11 14 20 21 26 30 31
25321  11 14 20 22 23 24 26
25322  11 14 20 22 23 26 30
25323  11 14 20 22 23 26 31
25324  11 14 20 22 24 26 30
25325  11 14 20 22 24 26 31
25326  11 14 20 22 26 30 31
25327  11 14 20 23 24 26 30
25328  11 14 20 23 24 26 31
25329  11 14 20 23 26 30 31
25330  11 14 20 24 26 30 31
25331  11 14 21 22 23 26 30
25332  11 14 21 22 24 26 30
25333  11 14 21 22 26 30 31
25334  11 14 21 23 24 26 30
25335  11 14 21 23 26 30 31
25336  11 14 21 24 26 30 31
25337  11 14 22 23 24 26 30
25338  11 14 22 23 26 30 31
25339  11 14 22 24 26 30 31
25340  11 14 23 24 26 30 31
25341  11 16 20 21 22 23 24
25342  11 16 20 21 22 24 30
25343  11 16 20 21 22 24 31
25344  11 16 20 21 23 24 26
25345  11 16 20 21 23 24 30
25346  11 16 20 21 23 24 31
25347  11 16 20 21 24 26 30
25348  11 16 20 21 24 26 31
25349  11 16 20 21 24 30 31
25350  11 16 20 22 23 24 26
25351  11 16 20 22 23 24 30
25352  11 16 20 22 23 24 31
25353  11 16 20 22 24 26 30
25354  11 16 20 22 24 26 31
25355  11 16 20 22 24 30 31
25356  11 16 20 23 24 26 30
25357  11 16 20 23 24 26 31
25358  11 16 20 23 24 30 31
25359  11 16 20 24 26 30 31
25360  11 16 21 22 23 24 30
25361  11 16 21 22 24 26 30
25362  11 16 21 22 24 30 31
25363  11 16 21 23 24 26 30
25364  11 16 21 23 24 30 31
25365  11 16 21 24 26 30 31
25366  11 16 22 23 24 26 30
25367  11 16 22 23 24 30 31
25368  11 16 22 24 26 30 31
25369  11 16 23 24 26 30 31
25370  11 20 21 22 23 24 26
25371  11 20 21 22 24 26 30
25372  11 20 21 22 24 26 31
25373  11 20 21 23 24 26 30
25374  11 20 21 23 24 26 31
25375  11 20 21 24 26 30 31
25376  11 20 22 23 24 26 30
25377  11 20 22 23 24 26 31
25378  11 20 22 24 26 30 31
25379  11 20 23 24 26 30 31
25380  11 21 22 23 24 26 30
25381  11 21 22 24 26 30 31
25382  11 21 23 24 26 30 31
25383  11 22 23 24 26 30 31
25384  12 13 14 16 20 21 22
25385  12 13 14 16 20 21 23
25386  12 13 14 16 20 21 24
25387  12 13 14 16 20 21 26
25388  12 13 14 16 20 21 30
25389  12 13 14 16 20 21 31
25390  12 13 14 16 20 22 23
25391  12 13 14 16 20 22 24
25392  12 13 14 16 20 22 26
25393  12 13 14 16 20 22 30
25394  12 13 14 16 20 22 31
25395  12 13 14 16 20 23 24
25396  12 13 14 16 20 23 26
25397  12 13 14 16 20 23 30
25398  12 13 14 16 20 23 31
25399  12 13 14 16 20 24 26
25400  12 13 14 16 20 24 30
25401  12 13 14 16 20 24 31
25402  12 13 14 16 20 26 30
25403  12 13 14 16 20 26 31
25404  12 13 14 16 20 30 31
25405  12 13 14 16 21 22 30
25406  12 13 14 16 21 23 30
25407  12 13 14 16 21 24 30
25408  12 13 14 16 21 26 30
25409  12 13 14 16 21 30 31
25410  12 13 14 16 22 23 30
25411  12 13 14 16 22 24 30
25412  12 13 14 16 22 26 30
25413  12 13 14 16 22 30 31
25414  12 13 14 16 23 24 30
25415  12 13 14 16 23 26 30
25416  12 13 14 16 23 30 31
25417  12 13 14 16 24 26 30
25418  12 13 14 16 24 30 31
25419  12 13 14 16 26 30 31
25420  12 13 14 20 21 22 26
25421  12 13 14 20 21 23 26
25422  12 13 14 20 21 24 26
25423  12 13 14 20 21 26 30
25424  12 13 14 20 21 26 31
25425  12 13 14 20 22 23 26
25426  12 13 14 20 22 24 26
25427  12 13 14 20 22 26 30
25428  12 13 14 20 22 26 31
25429  12 13 14 20 23 24 26
25430  12 13 14 20 23 26 30
25431  12 13 14 20 23 26 31
25432  12 13 14 20 24 26 30
25433  12 13 14 20 24 26 31
25434  12 13 14 20 26 30 31
25435  12 13 14 21 22 26 30
25436  12 13 14 21 23 26 30
25437  12 13 14 21 24 26 30
25438  12 13 14 21 26 30 31
25439  12 13 14 22 23 26 30
25440  12 13 14 22 24 26 30
25441  12 13 14 22 26 30 31
25442  12 13 14 23 24 26 30
25443  12 13 14 23 26 30 31
25444  12 13 14 24 26 30 31
25445  12 13 16 20 21 22 24
25446  12 13 16 20 21 23 24
25447  12 13 16 20 21 24 26
25448  12 13 16 20 21 24 30
25449  12 13 16 20 21 24 31
25450  12 13 16 20 22 23 24
25451  12 13 16 20 22 24 26
25452  12 13 16 20 22 24 30
25453  12 13 16 20 22 24 31
25454  12 13 16 20 23 24 26
25455  12 13 16 20 23 24 30
25456  12 13 16 20 23 24 31
25457  12 13 16 20 24 26 30
25458  12 13 16 20 24 26 31
25459  12 13 16 20 24 30 31
25460  12 13 16 21 22 24 30
25461  12 13 16 21 23 24 30
25462  12 13 16 21 24 26 30
25463  12 13 16 21 24 30 31
25464  12 13 16 22 23 24 30
25465  12 13 16 22 24 26 30
25466  12 13 16 22 24 30 31
25467  12 13 16 23 24 26 30
25468  12 13 16 23 24 30 31
25469  12 13 16 24 26 30 31
25470  12 13 20 21 22 24 26
25471  12 13 20 21 23 24 26
25472  12 13 20 21 24 26 30
25473  12 13 20 21 24 26 31
25474  12 13 20 22 23 24 26
25475  12 13 20 22 24 26 30
25476  12 13 20 22 24 26 31
25477  12 13 20 23 24 26 30
25478  12 13 20 23 24 26 31
25479  12 13 20 24 26 30 31
25480  12 13 21 22 24 26 30
25481  12 13 21 23 24 26 30
25482  12 13 21 24 26 30 31
25483  12 13 22 23 24 26 30
25484  12 13 22 24 26 30 31
25485  12 13 23 24 26 30 31
25486  12 14 16 20 21 22 23
25487  12 14 16 20 21 22 30
25488  12 14 16 20 21 22 31
25489  12 14 16 20 21 23 24
25490  12 14 16 20 21 23 26
25491  12 14 16 20 21 23 30
25492  12 14 16 20 21 23 31
25493  12 14 16 20 21 24 30
25494  12 14 16 20 21 24 31
25495  12 14 16 20 21 26 30
25496  12 14 16 20 21 26 31
25497  12 14 16 20 21 30 31
25498  12 14 16 20 22 23 24
25499  12 14 16 20 22 23 26
25500  12 14 16 20 22 23 30
25501  12 14 16 20 22 23 31
25502  12 14 16 20 22 24 30
25503  12 14 16 20 22 24 31
25504  12 14 16 20 22 26 30
25505  12 14 16 20 22 26 31
25506  12 14 16 20 22 30 31
25507  12 14 16 20 23 24 26
25508  12 14 16 20 23 24 30
25509  12 14 16 20 23 24 31
25510  12 14 16 20 23 26 30
25511  12 14 16 20 23 26 31
25512  12 14 16 20 23 30 31
25513  12 14 16 20 24 26 30
25514  12 14 16 20 24 26 31
25515  12 14 16 20 24 30 31
25516  12 14 16 20 26 30 31
25517  12 14 16 21 22 23 30
25518  12 14 16 21 22 24 30
25519  12 14 16 21 22 26 30
25520  12 14 16 21 22 30 31
25521  12 14 16 21 23 24 30
25522  12 14 16 21 23 26 30
25523  12 14 16 21 23 30 31
25524  12 14 16 21 24 26 30
25525  12 14 16 21 24 30 31
25526  12 14 16 21 26 30 31
25527  12 14 16 22 23 24 30
25528  12 14 16 22 23 26 30
25529  12 14 16 22 23 30 31
25530  12 14 16 22 24 26 30
25531  12 14 16 22 24 30 31
25532  12 14 16 22 26 30 31
25533  12 14 16 23 24 26 30
25534  12 14 16 23 24 30 31
25535  12 14 16 23 26 30 31
25536  12 14 16 24 26 30 31
25537  12 14 20 21 22 23 26
25538  12 14 20 21 22 26 30
25539  12 14 20 21 22 26 31
25540  12 14 20 21 23 24 26
25541  12 14 20 21 23 26 30
25542  12 14 20 21 23 26 31
25543  12 14 20 21 24 26 30
25544  12 14 20 21 24 26 31
25545  12 14 20 21 26 30 31
25546  12 14 20 22 23 24 26
25547  12 14 20 22 23 26 30
25548  12 14 20 22 23 26 31
25549  12 14 20 22 24 26 30
25550  12 14 20 22 24 26 31
25551  12 14 20 22 26 30 31
25552  12 14 20 23 24 26 30
25553  12 14 20 23 24 26 31
25554  12 14 20 23 26 30 31
25555  12 14 20 24 26 30 31
25556  12 14 21 22 23 26 30
25557  12 14 21 22 24 26 30
25558  12 14 21 22 26 30 31
25559  12 14 21 23 24 26 30
25560  12 14 21 23 26 30 31
25561  12 14 21 24 26 30 31
25562  12 14 22 23 24 26 30
25563  12 14 22 23 26 30 31
25564  12 14 22 24 26 30 31
25565  12 14 23 24 26 30 31
25566  12 16 20 21 22 23 24
25567  12 16 20 21 22 24 30
25568  12 16 20 21 22 24 31
25569  12 16 20 21 23 24 26
25570  12 16 20 21 23 24 30
25571  12 16 20 21 23 24 31
25572  12 16 20 21 24 26 30
25573  12 16 20 21 24 26 31
25574  12 16 20 21 24 30 31
25575  12 16 20 22 23 24 26
25576  12 16 20 22 23 24 30
25577  12 16 20 22 23 24 31
25578  12 16 20 22 24 26 30
25579  12 16 20 22 24 26 31
25580  12 16 20 22 24 30 31
25581  12 16 20 23 24 26 30
25582  12 16 20 23 24 26 31
25583  12 16 20 23 24 30 31
25584  12 16 20 24 26 30 31
25585  12 16 21 22 23 24 30
25586  12 16 21 22 24 26 30
25587  12 16 21 22 24 30 31
25588  12 16 21 23 24 26 30
25589  12 16 21 23 24 30 31
25590  12 16 21 24 26 30 31
25591  12 16 22 23 24 26 30
25592  12 16 22 23 24 30 31
25593  12 16 22 24 26 30 31
25594  12 16 23 24 26 30 31
25595  12 20 21 22 23 24 26
25596  12 20 21 22 24 26 30
25597  12 20 21 22 24 26 31
25598  12 20 21 23 24 26 30
25599  12 20 21 23 24 26 31
25600  12 20 21 24 26 30 31
25601  12 20 22 23 24 26 30
25602  12 20 22 23 24 26 31
25603  12 20 22 24 26 30 31
25604  12 20 23 24 26 30 31
25605  12 21 22 23 24 26 30
25606  12 21 22 24 26 30 31
25607  12 21 23 24 26 30 31
25608  12 22 23 24 26 30 31
25609  13 14 16 20 21 22 23
25610  13 14 16 20 21 22 24
25611  13 14 16 20 21 22 26
25612  13 14 16 20 21 22 30
25613  13 14 16 20 21 22 31
25614  13 14 16 20 21 23 24
25615  13 14 16 20 21 23 26
25616  13 14 16 20 21 23 30
25617  13 14 16 20 21 23 31
25618  13 14 16 20 21 24 26
25619  13 14 16 20 21 24 30
25620  13 14 16 20 21 24 31
25621  13 14 16 20 21 26 30
25622  13 14 16 20 21 26 31
25623  13 14 16 20 21 30 31
25624  13 14 16 20 22 23 24
25625  13 14 16 20 22 23 26
25626  13 14 16 20 22 23 30
25627  13 14 16 20 22 23 31
25628  13 14 16 20 22 24 26
25629  13 14 16 20 22 24 30
25630  13 14 16 20 22 24 31
25631  13 14 16 20 22 26 30
25632  13 14 16 20 22 26 31
25633  13 14 16 20 22 30 31
25634  13 14 16 20 23 24 26
25635  13 14 16 20 23 24 30
25636  13 14 16 20 23 24 31
25637  13 14 16 20 23 26 30
25638  13 14 16 20 23 26 31
25639  13 14 16 20 23 30 31
25640  13 14 16 20 24 26 30
25641  13 14 16 20 24 26 31
25642  13 14 16 20 24 30 31
25643  13 14 16 20 26 30 31
25644  13 14 16 21 22 23 30
25645  13 14 16 21 22 24 30
25646  13 14 16 21 22 26 30
25647  13 14 16 21 22 30 31
25648  13 14 16 21 23 24 30
25649  13 14 16 21 23 26 30
25650  13 14 16 21 23 30 31
25651  13 14 16 21 24 26 30
25652  13 14 16 21 24 30 31
25653  13 14 16 21 26 30 31
25654  13 14 16 22 23 24 30
25655  13 14 16 22 23 26 30
25656  13 14 16 22 23 30 31
25657  13 14 16 22 24 26 30
25658  13 14 16 22 24 30 31
25659  13 14 16 22 26 30 31
25660  13 14 16 23 24 26 30
25661  13 14 16 23 24 30 31
25662  13 14 16 23 26 30 31
25663  13 14 16 24 26 30 31
25664  13 14 20 21 22 23 26
25665  13 14 20 21 22 24 26
25666  13 14 20 21 22 26 30
25667  13 14 20 21 22 26 31
25668  13 14 20 21 23 24 26
25669  13 14 20 21 23 26 30
25670  13 14 20 21 23 26 31
25671  13 14 20 21 24 26 30
25672  13 14 20 21 24 26 31
25673  13 14 20 21 26 30 31
25674  13 14 20 22 23 24 26
25675  13 14 20 22 23 26 30
25676  13 14 20 22 23 26 31
25677  13 14 20 22 24 26 30
25678  13 14 20 22 24 26 31
25679  13 14 20 22 26 30 31
25680  13 14 20 23 24 26 30
25681  13 14 20 23 24 26 31
25682  13 14 20 23 26 30 31
25683  13 14 20 24 26 30 31
25684  13 14 21 22 23 26 30
25685  13 14 21 22 24 26 30
25686  13 14 21 22 26 30 31
25687  13 14 21 23 24 26 30
25688  13 14 21 23 26 30 31
25689  13 14 21 24 26 30 31
25690  13 14 22 23 24 26 30
25691  13 14 22 23 26 30 31
25692  13 14 22 24 26 30 31
25693  13 14 23 24 26 30 31
25694  13 16 20 21 22 23 24
25695  13 16 20 21 22 24 26
25696  13 16 20 21 22 24 30
25697  13 16 20 21 22 24 31
25698  13 16 20 21 23 24 26
25699  13 16 20 21 23 24 30
25700  13 16 20 21 23 24 31
25701  13 16 20 21 24 26 30
25702  13 16 20 21 24 26 31
25703  13 16 20 21 24 30 31
25704  13 16 20 22 23 24 26
25705  13 16 20 22 23 24 30
25706  13 16 20 22 23 24 31
25707  13 16 20 22 24 26 30
25708  13 16 20 22 24 26 31
25709  13 16 20 22 24 30 31
25710  13 16 20 23 24 26 30
25711  13 16 20 23 24 26 31
25712  13 16 20 23 24 30 31
25713  13 16 20 24 26 30 31
25714  13 16 21 22 23 24 30
25715  13 16 21 22 24 26 30
25716  13 16 21 22 24 30 31
25717  13 16 21 23 24 26 30
25718  13 16 21 23 24 30 31
25719  13 16 21 24 26 30 31
25720  13 16 22 23 24 26 30
25721  13 16 22 23 24 30 31
25722  13 16 22 24 26 30 31
25723  13 16 23 24 26 30 31
25724  13 20 21 22 23 24 26
25725  13 20 21 22 24 26 30
25726  13 20 21 22 24 26 31
25727  13 20 21 23 24 26 30
25728  13 20 21 23 24 26 31
25729  13 20 21 24 26 30 31
25730  13 20 22 23 24 26 30
25731  13 20 22 23 24 26 31
25732  13 20 22 24 26 30 31
25733  13 20 23 24 26 30 31
25734  13 21 22 23 24 26 30
25735  13 21 22 24 26 30 31
25736  13 21 23 24 26 30 31
25737  13 22 23 24 26 30 31
25738  14 16 20 21 22 23 24
25739  14 16 20 21 22 23 26
25740  14 16 20 21 22 23 30
25741  14 16 20 21 22 23 31
25742  14 16 20 21 22 24 30
25743  14 16 20 21 22 24 31
25744  14 16 20 21 22 26 30
25745  14 16 20 21 22 26 31
25746  14 16 20 21 22 30 31
25747  14 16 20 21 23 24 26
25748  14 16 20 21 23 24 30
25749  14 16 20 21 23 24 31
25750  14 16 20 21 23 26 30
25751  14 16 20 21 23 26 31
25752  14 16 20 21 23 30 31
25753  14 16 20 21 24 26 30
25754  14 16 20 21 24 26 31
25755  14 16 20 21 24 30 31
25756  14 16 20 21 26 30 31
25757  14 16 20 22 23 24 26
25758  14 16 20 22 23 24 30
25759  14 16 20 22 23 24 31
25760  14 16 20 22 23 26 30
25761  14 16 20 22 23 26 31
25762  14 16 20 22 23 30 31
25763  14 16 20 22 24 26 30
25764  14 16 20 22 24 26 31
25765  14 16 20 22 24 30 31
25766  14 16 20 22 26 30 31
25767  14 16 20 23 24 26 30
25768  14 16 20 23 24 26 31
25769  14 16 20 23 24 30 31
25770  14 16 20 23 26 30 31
25771  14 16 20 24 26 30 31
25772  14 16 21 22 23 24 30
25773  14 16 21 22 23 26 30
25774  14 16 21 22 23 30 31
25775  14 16 21 22 24 26 30
25776  14 16 21 22 24 30 31
25777  14 16 21 22 26 30 31
25778  14 16 21 23 24 26 30
25779  14 16 21 23 24 30 31
25780  14 16 21 23 26 30 31
25781  14 16 21 24 26 30 31
25782  14 16 22 23 24 26 30
25783  14 16 22 23 24 30 31
25784  14 16 22 23 26 30 31
25785  14 16 22 24 26 30 31
25786  14 16 23 24 26 30 31
25787  14 20 21 22 23 24 26
25788  14 20 21 22 23 26 30
25789  14 20 21 22 23 26 31
25790  14 20 21 22 24 26 30
25791  14 20 21 22 24 26 31
25792  14 20 21 22 26 30 31
25793  14 20 21 23 24 26 30
25794  14 20 21 23 24 26 31
25795  14 20 21 23 26 30 31
25796  14 20 21 24 26 30 31
25797  14 20 22 23 24 26 30
25798  14 20 22 23 24 26 31
25799  14 20 22 23 26 30 31
25800  14 20 22 24 26 30 31
25801  14 20 23 24 26 30 31
25802  14 21 22 23 24 26 30
25803  14 21 22 23 26 30 31
25804  14 21 22 24 26 30 31
25805  14 21 23 24 26 30 31
25806  14 22 23 24 26 30 31
25807  16 20 21 22 23 24 26
25808  16 20 21 22 23 24 30
25809  16 20 21 22 23 24 31
25810  16 20 21 22 24 26 30
25811  16 20 21 22 24 26 31
25812  16 20 21 22 24 30 31
25813  16 20 21 23 24 26 30
25814  16 20 21 23 24 26 31
25815  16 20 21 23 24 30 31
25816  16 20 21 24 26 30 31
25817  16 20 22 23 24 26 30
25818  16 20 22 23 24 26 31
25819  16 20 22 23 24 30 31
25820  16 20 22 24 26 30 31
25821  16 20 23 24 26 30 31
25822  16 21 22 23 24 26 30
25823  16 21 22 23 24 30 31
25824  16 21 22 24 26 30 31
25825  16 21 23 24 26 30 31
25826  16 22 23 24 26 30 31
25827  20 21 22 23 24 26 30
25828  20 21 22 23 24 26 31
25829  20 21 22 24 26 30 31
25830  20 21 23 24 26 30 31
25831  20 22 23 24 26 30 31
25832  21 22 23 24 26 30 31
